{
    "input_text": "a clean tub with 4 stools in it.",
    "target_text": "a clean kitchen with 4 stools in it.",
    "num_tokens": 5,
    "adv_prompts": [
        "a clean tub with 4 stools in it. osce fitted kitchen sani imagine",
        "a clean tub with 4 stools in it. suffestunning acoustic kitchen uda",
        "a clean tub with 4 stools in it. updating kitchen pendants house mishra",
        "a clean tub with 4 stools in it. stunning kitchens usaf scandinpages",
        "a clean tub with 4 stools in it. lucrative gorgeous kitchens cees {",
        "a clean tub with 4 stools in it. topped kitchen sayang shown thomson",
        "a clean tub with 4 stools in it. angles salary surya terrace earrings",
        "a clean tub with 4 stools in it. furnished kitchen ***** khand khand",
        "a clean tub with 4 stools in it. but adorable kitchen belonged gtav",
        "a clean tub with 4 stools in it. kitchen \" \u20b9 2 cones"
    ],
    "blip_scores": [
        [
            0,
            0,
            0,
            0,
            0
        ],
        [
            1,
            1,
            1,
            0,
            0
        ],
        [
            0,
            1,
            1,
            1,
            1
        ],
        [
            1,
            1,
            0,
            1,
            1
        ],
        [
            1,
            0,
            1,
            1,
            1
        ],
        [
            1,
            0,
            1,
            0,
            0
        ],
        [
            0,
            0,
            0,
            0,
            0
        ],
        [
            0,
            1,
            0,
            1,
            1
        ],
        [
            1,
            0,
            0,
            1,
            0
        ],
        [
            0,
            0,
            0,
            0,
            0
        ]
    ]
}