{
    "input_text": "A bee sitting on a flower.",
    "target_text": "A butterfly sitting on a flower.",
    "num_tokens": 5,
    "adv_prompts": [
        "a bee sitting on a flower. monogram ghter shoppe butterfly tribal",
        "a bee sitting on a flower. ): butterfly butterfly tribal vable",
        "a bee sitting on a flower. outline tattoo butterfly muppets bow",
        "a bee sitting on a flower. atters bows monogram butterfly tribal",
        "a bee sitting on a flower. bows monogram butterfly tribal butterfly",
        "a bee sitting on a flower. placement patterned bow butterfly simplify",
        "a bee sitting on a flower. rivers monogram printed butterfly tribal",
        "a bee sitting on a flower. outline butterfly prosperity bow butterfly",
        "a bee sitting on a flower. bow tattoo damascus arranged butterfly",
        "a bee sitting on a flower. shown roses shoppe butterfly tribal"
    ],
    "blip_scores": [
        [
            0,
            0,
            1,
            0,
            1
        ],
        [
            1,
            1,
            0,
            0,
            0
        ],
        [
            0,
            0,
            0,
            0,
            1
        ],
        [
            0,
            0,
            0,
            0,
            0
        ],
        [
            0,
            0,
            0,
            0,
            0
        ],
        [
            0,
            0,
            0,
            0,
            0
        ],
        [
            0,
            0,
            0,
            0,
            1
        ],
        [
            1,
            1,
            0,
            1,
            1
        ],
        [
            0,
            0,
            0,
            0,
            0
        ],
        [
            1,
            0,
            0,
            1,
            0
        ]
    ],
    "gense_cos_sim": 0.8513501882553101,
    "clip_cos_sim": 0.8887711763381958
}