{
    "input_text": "A house with a bathtub and a toilet.",
    "target_text": "A restroom with a bathtub and a toilet.",
    "num_tokens": 5,
    "adv_prompts": [
        "a house with a bathtub and a toilet. rector restroom installations beachrated",
        "a house with a bathtub and a toilet. restroom infantry \" roblox seems",
        "a house with a bathtub and a toilet. campground roblox seaport coloring izer",
        "a house with a bathtub and a toilet. tsa uses barron infamous simpson",
        "a house with a bathtub and a toilet. roblox restroom wharton zodiac screens",
        "a house with a bathtub and a toilet. macklemore jetblue airing \" recognizing",
        "a house with a bathtub and a toilet. witherspoon vaping uc taproom reopens",
        "a house with a bathtub and a toilet. zoning coloring opi steampunk amazing",
        "a house with a bathtub and a toilet. \" infectious simulator clare recalls",
        "a house with a bathtub and a toilet. thunderstorm mashable taproom floating clubs"
    ],
    "blip_scores": [
        [
            1,
            1,
            0,
            0,
            0
        ],
        [
            0,
            1,
            0,
            0,
            1
        ],
        [
            0,
            0,
            0,
            0,
            0
        ],
        [
            1,
            1,
            0,
            0,
            0
        ],
        [
            0,
            0,
            1,
            1,
            0
        ],
        [
            0,
            0,
            0,
            0,
            0
        ],
        [
            0,
            0,
            0,
            1,
            0
        ],
        [
            0,
            1,
            1,
            1,
            0
        ],
        [
            1,
            1,
            0,
            0,
            1
        ],
        [
            0,
            0,
            1,
            0,
            0
        ]
    ]
}