{
    "input_text": "a mock up of a vandalized stop sign ",
    "target_text": "a close up of a vandalized stop sign ",
    "num_tokens": 5,
    "adv_prompts": [
        "a mock up of a vandalized stop sign pounds casino cryptocurrencies completes maharashtra",
        "a mock up of a vandalized stop sign snowboard shorts ua robby nepal",
        "a mock up of a vandalized stop sign pants nas casino enters brixton",
        "a mock up of a vandalized stop sign ometer running helmet deus uttarakhand",
        "a mock up of a vandalized stop sign marching shorts numbered font ometer",
        "a mock up of a vandalized stop sign face \" ridley dynamic microphone",
        "a mock up of a vandalized stop sign pants beanie barren jd skateboarding",
        "a mock up of a vandalized stop sign pants nationalpark brixton truly mtb",
        "a mock up of a vandalized stop sign pants superyacht metre antarctic reflects",
        "a mock up of a vandalized stop sign skateboard pants cia maharashtra unbelievable"
    ],
    "blip_scores": [
        [
            0,
            0,
            0,
            0,
            0
        ],
        [
            0,
            0,
            0,
            0,
            0
        ],
        [
            0,
            0,
            0,
            0,
            0
        ],
        [
            0,
            0,
            0,
            0,
            0
        ],
        [
            0,
            1,
            0,
            0,
            0
        ],
        [
            0,
            0,
            1,
            0,
            0
        ],
        [
            0,
            0,
            0,
            0,
            0
        ],
        [
            0,
            0,
            0,
            0,
            0
        ],
        [
            0,
            0,
            0,
            0,
            0
        ],
        [
            0,
            0,
            1,
            0,
            0
        ]
    ]
}