{
    "input_text": "A red velvet doughnut with sprinkles on top.",
    "target_text": "A red icing doughnut with sprinkles on top.",
    "num_tokens": 5,
    "adv_prompts": [
        "a red velvet doughnut with sprinkles on top. icing icing spire abstraction handed",
        "a red velvet doughnut with sprinkles on top. ply function cruelty offence disability",
        "a red velvet doughnut with sprinkles on top. paper currency icing decoration cutter",
        "a red velvet doughnut with sprinkles on top. icing silver cutter stamp spares",
        "a red velvet doughnut with sprinkles on top. challenging gradient icing assets charity",
        "a red velvet doughnut with sprinkles on top. paper swapping particles cutter accountable",
        "a red velvet doughnut with sprinkles on top. cutter relieve paper backing attracted",
        "a red velvet doughnut with sprinkles on top. icing devices solo abstract,,",
        "a red velvet doughnut with sprinkles on top. silver structural currency substance character",
        "a red velvet doughnut with sprinkles on top. filtered offensive abstraction fundraising regarding"
    ],
    "blip_scores": [
        [
            0,
            0,
            1,
            0,
            0
        ],
        [
            0,
            0,
            0,
            0,
            0
        ],
        [
            0,
            0,
            0,
            0,
            0
        ],
        [
            0,
            0,
            0,
            0,
            0
        ],
        [
            0,
            0,
            0,
            0,
            0
        ],
        [
            0,
            0,
            0,
            0,
            0
        ],
        [
            0,
            0,
            0,
            0,
            0
        ],
        [
            0,
            0,
            0,
            0,
            0
        ],
        [
            0,
            0,
            0,
            0,
            0
        ],
        [
            0,
            0,
            0,
            0,
            0
        ]
    ]
}