{
    "input_text": "A jumper catches air coming off a jump.",
    "target_text": "A snowboarder catches air coming off a jump.",
    "num_tokens": 5,
    "adv_prompts": [
        "a jumper catches air coming off a jump. early snowboarder catalonto",
        "a jumper catches air coming off a jump. snowboard lazboarder performs recognizable",
        "a jumper catches air coming off a jump. arized snowboarding finalist pioneer land",
        "a jumper catches air coming off a jump. snowboard twinboarder does search",
        "a jumper catches air coming off a jump. (# snowboarding lyle cacao delaware",
        "a jumper catches air coming off a jump. sbs theatrical snowboarding contender caruso",
        "a jumper catches air coming off a jump. snowboard boarder splboarder lakes",
        "a jumper catches air coming off a jump. snowboarding sportboarder emerges castro",
        "a jumper catches air coming off a jump. snowboard boarder performs boarder style",
        "a jumper catches air coming off a jump. hays cheon snowboard boarder lands"
    ],
    "blip_scores": [
        [
            0,
            0,
            0,
            0,
            0
        ],
        [
            0,
            0,
            0,
            0,
            0
        ],
        [
            0,
            0,
            0,
            0,
            0
        ],
        [
            0,
            0,
            0,
            0,
            0
        ],
        [
            0,
            0,
            0,
            0,
            0
        ],
        [
            0,
            0,
            0,
            0,
            0
        ],
        [
            0,
            0,
            0,
            0,
            0
        ],
        [
            0,
            0,
            0,
            0,
            0
        ],
        [
            0,
            0,
            0,
            0,
            0
        ],
        [
            0,
            0,
            0,
            1,
            0
        ]
    ]
}