{
    "input_text": "a red backpack on a mountain.",
    "target_text": "a red dragon on a mountain.",
    "num_tokens": 5,
    "adv_prompts": [
        "a red backpack on a mountain. dragon muhammad australia nativity murals",
        "a red backpack on a mountain. girlcarcinoma tarot \" omination",
        "a red backpack on a mountain. franken trials rising dinosaurs cobra",
        "a red backpack on a mountain. \u3010 \" gardiner dinosaurs fx",
        "a red backpack on a mountain. zt putt pools dinosaur indiana",
        "a red backpack on a mountain. dragons \" buddhist combined tarot",
        "a red backpack on a mountain. \u3010 \" dragons communist dinosaurs",
        "a red backpack on a mountain. iraq uscg dinosaurs polo sweatshirt",
        "a red backpack on a mountain. striped flameshaped rhinkingfisher",
        "a red backpack on a mountain. southafrica \" sink lizard dinosaur"
    ],
    "blip_scores": [
        [
            0,
            0,
            0,
            0,
            0
        ],
        [
            0,
            0,
            0,
            -1,
            0
        ],
        [
            0,
            0,
            0,
            0,
            0
        ],
        [
            0,
            0,
            0,
            0,
            0
        ],
        [
            0,
            0,
            0,
            0,
            0
        ],
        [
            0,
            0,
            0,
            0,
            0
        ],
        [
            0,
            0,
            1,
            0,
            0
        ],
        [
            0,
            0,
            0,
            0,
            0
        ],
        [
            0,
            0,
            0,
            0,
            0
        ],
        [
            0,
            0,
            0,
            0,
            0
        ]
    ],
    "gense_cos_sim": 0.5878503322601318,
    "clip_cos_sim": 0.6854692697525024
}