{
    "input_text": " parked in parking lot and on a leash.",
    "target_text": "Dog in parking lot and on a leash.",
    "num_tokens": 5,
    "adv_prompts": [
        "parked in parking lot and on a leash. portrayed child dog leading aggression",
        "parked in parking lot and on a leash. happy dog strolling \u30fc running",
        "parked in parking lot and on a leash. toddler assisting horrific stafmastiff",
        "parked in parking lot and on a leash. dog navigating depicted woman allergy",
        "parked in parking lot and on a leash. internationesl pitbull symbols \".",
        "parked in parking lot and on a leash. islamabad pitbull asthma pics afp",
        "parked in parking lot and on a leash. family retention photographer shaking retriever",
        "parked in parking lot and on a leash. unhappy dog beginning woman jogging",
        "parked in parking lot and on a leash. pitbull dog serves vet running",
        "parked in parking lot and on a leash. moms dog running depicted heartbreaking"
    ],
    "blip_scores": [
        [
            0,
            1,
            1,
            0,
            0
        ],
        [
            1,
            0,
            1,
            1,
            1
        ],
        [
            0,
            1,
            1,
            0,
            0
        ],
        [
            1,
            1,
            1,
            0,
            0
        ],
        [
            1,
            0,
            0,
            0,
            0
        ],
        [
            1,
            1,
            0,
            1,
            1
        ],
        [
            1,
            0,
            0,
            1,
            1
        ],
        [
            1,
            1,
            1,
            1,
            1
        ],
        [
            1,
            0,
            1,
            1,
            0
        ],
        [
            0,
            1,
            0,
            0,
            0
        ]
    ]
}