{
    "input_text": "A homemade pizza on a wooden cutting board.",
    "target_text": "A square pizza on a wooden cutting board.",
    "num_tokens": 5,
    "adv_prompts": [
        "a homemade pizza on a wooden cutting board. napoli squares infused square /#",
        "a homemade pizza on a wooden cutting board. \u00ae seizshaking square uccino",
        "a homemade pizza on a wooden cutting board. somalia depicted reginmarcel squares",
        "a homemade pizza on a wooden cutting board. squares resembles edmund carney pictured",
        "a homemade pizza on a wooden cutting board. squares hitting nash bandits southport",
        "a homemade pizza on a wooden cutting board. milford engers depicted squares '\"",
        "a homemade pizza on a wooden cutting board. squares sq \u2606 radcliffe pagoda",
        "a homemade pizza on a wooden cutting board. squares ivanboba delivering dq",
        "a homemade pizza on a wooden cutting board. idaho squares dq \u2122 livery",
        "a homemade pizza on a wooden cutting board. squares 2 \u0c4d gelato bag"
    ],
    "blip_scores": [
        [
            0,
            0,
            0,
            0,
            0
        ],
        [
            1,
            0,
            -1,
            0,
            0
        ],
        [
            0,
            0,
            0,
            0,
            -1
        ],
        [
            -1,
            0,
            0,
            0,
            0
        ],
        [
            0,
            0,
            0,
            0,
            0
        ],
        [
            0,
            0,
            0,
            0,
            0
        ],
        [
            0,
            0,
            0,
            -1,
            0
        ],
        [
            0,
            0,
            0,
            0,
            0
        ],
        [
            0,
            0,
            0,
            0,
            0
        ],
        [
            0,
            0,
            0,
            0,
            0
        ]
    ]
}