{
    "input_text": "a clock tower in front of some buildings ",
    "target_text": "a tall tower in front of some buildings ",
    "num_tokens": 5,
    "adv_prompts": [
        "a clock tower in front of some buildings ltd stabildank tall puns",
        "a clock tower in front of some buildings stylish carrot starring bday thc",
        "a clock tower in front of some buildings contrasting snag eggcondomintaproom",
        "a clock tower in front of some buildings pax bowls puns tall argument",
        "a clock tower in front of some buildings crappy stuffed airdrop photoshoot artisan",
        "a clock tower in front of some buildings emerges scarileaderboard pun tower",
        "a clock tower in front of some buildings holds funny soaking spayorb",
        "a clock tower in front of some buildings vertical \u2122 dank gameplay torres",
        "a clock tower in front of some buildings minimal ta pps puns social",
        "a clock tower in front of some buildings tall puns ee sprout snag"
    ],
    "blip_scores": [
        [
            -1,
            0,
            0,
            -1,
            0
        ],
        [
            0,
            0,
            0,
            -1,
            0
        ],
        [
            -1,
            -1,
            -1,
            -1,
            -1
        ],
        [
            -1,
            -1,
            0,
            0,
            -1
        ],
        [
            -1,
            0,
            -1,
            0,
            0
        ],
        [
            0,
            0,
            0,
            -1,
            -1
        ],
        [
            -1,
            0,
            0,
            0,
            0
        ],
        [
            -1,
            0,
            0,
            0,
            0
        ],
        [
            0,
            -1,
            0,
            -1,
            0
        ],
        [
            0,
            0,
            0,
            0,
            -1
        ]
    ]
}