{
    "input_text": "Two cats playing with a gameboy.",
    "target_text": "Two cats playing with a yarn ball.",
    "num_tokens": 5,
    "adv_prompts": [
        "two cats playing with a gameboy. yarn sphere organized weaver hanged",
        "two cats playing with a gameboy. quarterly yarn ball holdpendant",
        "two cats playing with a gameboy. taekwondo nara ball balloon specifications",
        "two cats playing with a gameboy. yarn kil patriotic sphere tassel",
        "two cats playing with a gameboy. poole swinging yarn mural orb",
        "two cats playing with a gameboy. calligraphy yarn sphere ballmacro",
        "two cats playing with a gameboy. festive yarn mural sphere toledo",
        "two cats playing with a gameboy. yarn sphere moorcalligraphy dangle",
        "two cats playing with a gameboy. yarn hanging facade sphere southampton",
        "two cats playing with a gameboy. yarn sphere tassel january quotation"
    ],
    "blip_scores": [
        [
            0,
            0,
            1,
            0,
            0
        ],
        [
            0,
            0,
            0,
            0,
            0
        ],
        [
            0,
            0,
            0,
            0,
            0
        ],
        [
            0,
            0,
            0,
            0,
            0
        ],
        [
            0,
            0,
            0,
            0,
            0
        ],
        [
            0,
            0,
            0,
            0,
            0
        ],
        [
            0,
            0,
            0,
            0,
            0
        ],
        [
            0,
            0,
            0,
            1,
            1
        ],
        [
            0,
            0,
            0,
            0,
            0
        ],
        [
            0,
            0,
            0,
            0,
            0
        ]
    ],
    "gense_cos_sim": 0.8299397230148315,
    "clip_cos_sim": 0.7164075374603271
}