{
    "input_text": "A kitten laying on top of a couch.",
    "target_text": "A cat laying on top of a couch.",
    "num_tokens": 5,
    "adv_prompts": [
        "a kitten laying on top of a couch. saba circulated tucker diecast excellent",
        "a kitten laying on top of a couch. tee lucky stl geriembroidered",
        "a kitten laying on top of a couch. rely saba diecast lucky mib",
        "a kitten laying on top of a couch. sara tshirts *** embroidery dental",
        "a kitten laying on top of a couch. figure token vicky oem sainsbury",
        "a kitten laying on top of a couch. embroidery decksmiling primary ethan",
        "a kitten laying on top of a couch. page abs niece vlog |",
        "a kitten laying on top of a couch. ornament cat fitted sarah primitive",
        "a kitten laying on top of a couch. dress ca nwt create saba",
        "a kitten laying on top of a couch. beatrice unreleased embroidered shave cat"
    ],
    "blip_scores": [
        [
            0,
            0,
            0,
            0,
            0
        ],
        [
            0,
            0,
            0,
            0,
            0
        ],
        [
            0,
            0,
            0,
            1,
            0
        ],
        [
            0,
            0,
            0,
            0,
            0
        ],
        [
            0,
            0,
            1,
            0,
            0
        ],
        [
            1,
            0,
            0,
            0,
            0
        ],
        [
            0,
            0,
            0,
            0,
            0
        ],
        [
            0,
            -1,
            1,
            0,
            0
        ],
        [
            0,
            0,
            0,
            0,
            0
        ],
        [
            0,
            1,
            0,
            0,
            0
        ]
    ]
}