{
    "input_text": "A group of children playing baseball out side.",
    "target_text": "A group of children playing an out side.",
    "num_tokens": 5,
    "adv_prompts": [
        "a group of children playing baseball out side. anemone examine gmc thriblazer",
        "a group of children playing baseball out side. pianos massacre packages phish westwood",
        "a group of children playing baseball out side. inspecting maloney foggy locks sweatshirt",
        "a group of children playing baseball out side. wrestlemania marx presidential vehicles bonsai",
        "a group of children playing baseball out side. objectives hypothesis cassette blondie glastonbury",
        "a group of children playing baseball out side. anemone fishes grooming oral colin",
        "a group of children playing baseball out side. assange brussels setlist rescue jets",
        "a group of children playing baseball out side. toulouse anton convertible chair walmart",
        "a group of children playing baseball out side. nwsl resort rugs itunes feliz",
        "a group of children playing baseball out side. bugatti rove foremost sprite bode"
    ],
    "blip_scores": [
        [
            0,
            0,
            0,
            0,
            0
        ],
        [
            0,
            0,
            0,
            0,
            0
        ],
        [
            1,
            0,
            0,
            0,
            0
        ],
        [
            0,
            0,
            0,
            0,
            0
        ],
        [
            0,
            0,
            0,
            1,
            0
        ],
        [
            0,
            0,
            0,
            0,
            0
        ],
        [
            0,
            0,
            0,
            0,
            0
        ],
        [
            0,
            0,
            0,
            0,
            0
        ],
        [
            0,
            0,
            1,
            0,
            0
        ],
        [
            0,
            0,
            0,
            0,
            0
        ]
    ]
}