{
    "input_text": "A large hangar is on the airport runway.",
    "target_text": "A large airplane is on the airport runway.",
    "num_tokens": 5,
    "adv_prompts": [
        "a large hangar is on the airport runway. amazingly renaissance warship ship removes",
        "a large hangar is on the airport runway. german airplane exhibiting msi \u266a",
        "a large hangar is on the airport runway. elephant welcomed heartbreaking rspca firefox",
        "a large hangar is on the airport runway. wholesome coworkers \u2122 bars bgc",
        "a large hangar is on the airport runway. hilarious froome orphaned truck emerges",
        "a large hangar is on the airport runway. iss arrests fascinating shaved mustang",
        "a large hangar is on the airport runway. ws mbs disappearance cam sot",
        "a large hangar is on the airport runway. vallarta \" cosplayer refreshed undertaker",
        "a large hangar is on the airport runway. transbbnaija videos \" records",
        "a large hangar is on the airport runway. moose overwhelming secretly urs \u00ae"
    ],
    "blip_scores": [
        [
            1,
            0,
            1,
            1,
            0
        ],
        [
            1,
            1,
            1,
            1,
            1
        ],
        [
            0,
            0,
            0,
            0,
            0
        ],
        [
            0,
            0,
            0,
            0,
            0
        ],
        [
            0,
            0,
            0,
            0,
            0
        ],
        [
            1,
            1,
            1,
            0,
            0
        ],
        [
            1,
            1,
            1,
            1,
            1
        ],
        [
            0,
            0,
            0,
            1,
            0
        ],
        [
            1,
            1,
            1,
            1,
            1
        ],
        [
            0,
            1,
            0,
            1,
            1
        ]
    ]
}