{
    "input_text": "A man swimming in a pool.",
    "target_text": "An alien swimming in a pool.",
    "num_tokens": 5,
    "adv_prompts": [
        "a man swimming in a pool. alien reddit usaf greeting circa",
        "a man swimming in a pool. alien causing seemingly foursquare lucid",
        "a man swimming in a pool. alien neeuser uploaded santa",
        "a man swimming in a pool. spacecraft inger alien merica tragically",
        "a man swimming in a pool. alien ufo reddit ronwharton",
        "a man swimming in a pool. :// gerry ); alien cosplay",
        "a man swimming in a pool. aliens & seuss cosplayer alien",
        "a man swimming in a pool. alien muralien snagged ufo",
        "a man swimming in a pool. alien cuteness tordowns santa",
        "a man swimming in a pool. alien dusted alien cardamlucid"
    ],
    "blip_scores": [
        [
            -1,
            0,
            0,
            -1,
            0
        ],
        [
            0,
            -1,
            -1,
            -1,
            -1
        ],
        [
            -1,
            0,
            0,
            -1,
            0
        ],
        [
            0,
            0,
            0,
            1,
            1
        ],
        [
            -1,
            0,
            -1,
            -1,
            -1
        ],
        [
            1,
            1,
            -1,
            -1,
            0
        ],
        [
            1,
            1,
            -1,
            0,
            0
        ],
        [
            0,
            -1,
            0,
            -1,
            0
        ],
        [
            0,
            0,
            -1,
            -1,
            -1
        ],
        [
            0,
            0,
            1,
            0,
            0
        ]
    ],
    "gense_cos_sim": 0.6323432922363281,
    "clip_cos_sim": 0.802503764629364
}