{
    "input_text": "A man grinding his skateboard on a rail.",
    "target_text": "A man grinding his teeth on a rail.",
    "num_tokens": 5,
    "adv_prompts": [
        "a man grinding his skateboard on a rail. phishing tuxedo tooth cubicdecal",
        "a man grinding his skateboard on a rail. dentistry microscope swallows feta miners",
        "a man grinding his skateboard on a rail. polyvore gastriphishing tooth cavalry",
        "a man grinding his skateboard on a rail. plated walleye winkle dentist carvings",
        "a man grinding his skateboard on a rail. dentistry ponies mud stabbed dentist",
        "a man grinding his skateboard on a rail. teapot bead groomdental walleye",
        "a man grinding his skateboard on a rail. horseshoe moray diner survives tongue",
        "a man grinding his skateboard on a rail. patient tooth treats attackers rosemary",
        "a man grinding his skateboard on a rail. butchers teapot plaster teeth recovered",
        "a man grinding his skateboard on a rail. dentist acupuncture balloon beardunderwater"
    ],
    "blip_scores": [
        [
            0,
            0,
            -1,
            0,
            0
        ],
        [
            0,
            0,
            0,
            -1,
            0
        ],
        [
            0,
            0,
            -1,
            -1,
            0
        ],
        [
            0,
            0,
            0,
            0,
            0
        ],
        [
            0,
            0,
            0,
            0,
            0
        ],
        [
            0,
            0,
            0,
            0,
            0
        ],
        [
            0,
            0,
            0,
            0,
            0
        ],
        [
            0,
            0,
            0,
            0,
            0
        ],
        [
            0,
            0,
            0,
            0,
            0
        ],
        [
            0,
            0,
            0,
            -1,
            0
        ]
    ]
}