{
    "input_text": "a person in a kitchen table preparing food",
    "target_text": "a person in a kitchen area preparing food",
    "num_tokens": 5,
    "adv_prompts": [
        "a person in a kitchen table preparing food reconstruction fireplace heavily ront maharashtra",
        "a person in a kitchen table preparing food steamy hallway fandmaharashtra sz",
        "a person in a kitchen table preparing food hallway carpets \u27a4 see aerosmith",
        "a person in a kitchen table preparing food ventilation ultimate hallway ux wikipedia",
        "a person in a kitchen table preparing food cars aisle captivating kolkata bunk",
        "a person in a kitchen table preparing food railways terminator innovator slot cover",
        "a person in a kitchen table preparing food nose cufflinks nobel duncan \u27a4",
        "a person in a kitchen table preparing food sauna inflatable maze armistice von",
        "a person in a kitchen table preparing food hallway maharashtra cologne \u043e streamline",
        "a person in a kitchen table preparing food contractor guam upright cufflinks banksy"
    ],
    "blip_scores": [
        [
            1,
            1,
            1,
            1,
            1
        ],
        [
            1,
            0,
            1,
            0,
            1
        ],
        [
            0,
            0,
            0,
            1,
            0
        ],
        [
            0,
            0,
            0,
            0,
            0
        ],
        [
            1,
            1,
            1,
            1,
            1
        ],
        [
            0,
            0,
            0,
            1,
            0
        ],
        [
            0,
            0,
            0,
            0,
            0
        ],
        [
            0,
            1,
            1,
            1,
            1
        ],
        [
            1,
            1,
            1,
            1,
            1
        ],
        [
            0,
            0,
            0,
            0,
            0
        ]
    ]
}