{
    "input_text": "a red dragon in a cave.",
    "target_text": "a red backpack in a cave.",
    "num_tokens": 5,
    "adv_prompts": [
        "a red dragon in a cave. penthouse backpack collector blackberry rent",
        "a red dragon in a cave. ripe backpack titanic baggage blackberry",
        "a red dragon in a cave. backpack redesigned backpack seahawks schedule",
        "a red dragon in a cave. backpack collecting upcycled guitar archives",
        "a red dragon in a cave. vhs backpack arrowhead desprapping",
        "a red dragon in a cave. superhero backpacks phishing backpack blackberry",
        "a red dragon in a cave. packaged backpack bulgaravocado baggage",
        "a red dragon in a cave. noticed nfl backpack refresh walmart",
        "a red dragon in a cave. ]: luggage revamp backpacks natal",
        "a red dragon in a cave. backpack topps suitcase gettyjuventus"
    ],
    "blip_scores": [
        [
            0,
            0,
            -1,
            -1,
            0
        ],
        [
            0,
            1,
            0,
            0,
            0
        ],
        [
            0,
            0,
            0,
            0,
            0
        ],
        [
            0,
            0,
            0,
            0,
            0
        ],
        [
            0,
            0,
            0,
            1,
            0
        ],
        [
            0,
            0,
            0,
            0,
            0
        ],
        [
            0,
            0,
            0,
            0,
            0
        ],
        [
            0,
            0,
            0,
            0,
            0
        ],
        [
            0,
            0,
            0,
            0,
            0
        ],
        [
            0,
            0,
            0,
            0,
            0
        ]
    ],
    "gense_cos_sim": 0.6939378976821899,
    "clip_cos_sim": 0.7396300435066223
}