{
    "input_text": "a person riding skis on a snowy mountain",
    "target_text": "a person riding skis on a snowy surface",
    "num_tokens": 5,
    "adv_prompts": [
        "a person riding skis on a snowy mountain surface sinking pavement wanderers wharf",
        "a person riding skis on a snowy mountain surface surface wirral ficial laying",
        "a person riding skis on a snowy mountain kly surface surface sinking.,",
        "a person riding skis on a snowy mountain surface sinking natalie changing layla",
        "a person riding skis on a snowy mountain surface swelling naregateshead tors",
        "a person riding skis on a snowy mountain surface conditions bby warwickshire beth",
        "a person riding skis on a snowy mountain surface surface ptions beneath surfaces",
        "a person riding skis on a snowy mountain pavement sinking submerged abs unas",
        "a person riding skis on a snowy mountain surface floor walsh lowed surface",
        "a person riding skis on a snowy mountain sunk surface surfaces operated flooring"
    ],
    "blip_scores": [
        [
            0,
            0,
            0,
            0,
            0
        ],
        [
            0,
            0,
            0,
            0,
            0
        ],
        [
            0,
            0,
            0,
            0,
            0
        ],
        [
            0,
            0,
            0,
            0,
            0
        ],
        [
            0,
            0,
            0,
            0,
            0
        ],
        [
            0,
            0,
            0,
            0,
            0
        ],
        [
            0,
            0,
            0,
            0,
            0
        ],
        [
            0,
            0,
            0,
            1,
            0
        ],
        [
            0,
            0,
            0,
            0,
            0
        ],
        [
            0,
            0,
            0,
            1,
            0
        ]
    ]
}