{
    "input_text": "a blind cat is sitting in a cage",
    "target_text": "a blind monkey is sitting in a cage",
    "num_tokens": 5,
    "adv_prompts": [
        "a blind cat is sitting in a cage valves monkey \u2665 braves corsair",
        "a blind cat is sitting in a cage scallops decks monkey worksakura",
        "a blind cat is sitting in a cage monkey monkeys reels ost jorge",
        "a blind cat is sitting in a cage monkey fandmonkeys slots dean",
        "a blind cat is sitting in a cage monkeys ost backpacking cutters azul",
        "a blind cat is sitting in a cage gratis us monkey dartkeychain",
        "a blind cat is sitting in a cage monkey monkeys \u306ecranston shown",
        "a blind cat is sitting in a cage monkey card usa scallops \u2015",
        "a blind cat is sitting in a cage scallops monkeys fully deck monkey",
        "a blind cat is sitting in a cage monkey monkey diecast unveils barrington"
    ],
    "blip_scores": [
        [
            0,
            0,
            0,
            0,
            0
        ],
        [
            0,
            0,
            0,
            0,
            0
        ],
        [
            0,
            0,
            0,
            0,
            0
        ],
        [
            0,
            0,
            0,
            0,
            0
        ],
        [
            0,
            0,
            0,
            0,
            0
        ],
        [
            0,
            0,
            0,
            0,
            0
        ],
        [
            0,
            0,
            0,
            0,
            0
        ],
        [
            0,
            0,
            0,
            0,
            0
        ],
        [
            0,
            0,
            0,
            0,
            0
        ],
        [
            0,
            0,
            0,
            0,
            0
        ]
    ]
}