{
    "input_text": "A sausage being made within the oven ",
    "target_text": "A pizza being made within the oven ",
    "num_tokens": 5,
    "adv_prompts": [
        "a sausage being made within the oven tmnt pictured mikey cake pizza",
        "a sausage being made within the oven.: salmon commemoration pizza pizza",
        "a sausage being made within the oven...: pizza pie tattoo slow",
        "a sausage being made within the oven >: tmnt starred obitupizzas",
        "a sausage being made within the oven pikachu pizza strife renders elmo",
        "a sausage being made within the oven pizza eachother heres berry pizza",
        "a sausage being made within the oven scored this tattooed pizza \u2665",
        "a sausage being made within the oven pizza turtle offbirthday surrounded",
        "a sausage being made within the oven liberalism equestrian chewbacca pizza birthday",
        "a sausage being made within the oven beyond cyberviolence.: pizza"
    ],
    "blip_scores": [
        [
            0,
            0,
            0,
            0,
            0
        ],
        [
            0,
            0,
            0,
            0,
            0
        ],
        [
            0,
            0,
            0,
            0,
            0
        ],
        [
            0,
            0,
            0,
            0,
            0
        ],
        [
            0,
            0,
            0,
            1,
            1
        ],
        [
            0,
            0,
            0,
            0,
            0
        ],
        [
            0,
            0,
            0,
            0,
            0
        ],
        [
            1,
            1,
            1,
            0,
            0
        ],
        [
            0,
            0,
            0,
            0,
            0
        ],
        [
            1,
            0,
            0,
            0,
            1
        ]
    ]
}