{
    "input_text": "A bird aggressively protects his patch of turf.",
    "target_text": "A farmer aggressively protects his patch of turf.",
    "num_tokens": 5,
    "adv_prompts": [
        "a bird aggressively protects his patch of turf. tractors farmer pictured examines barrels",
        "a bird aggressively protects his patch of turf. tractors man adjusting catalosima",
        "a bird aggressively protects his patch of turf. farmer repairing delheader manuel",
        "a bird aggressively protects his patch of turf. rell auction tsman tractor brochure",
        "a bird aggressively protects his patch of turf. operator farmer assembling handler martin",
        "a bird aggressively protects his patch of turf. organized farmer secures machinery",
        "a bird aggressively protects his patch of turf. seller tractors examines farm header",
        "a bird aggressively protects his patch of turf. women farmer pulling machine soybeans",
        "a bird aggressively protects his patch of turf. farmer coating stock tractors contemplating",
        "a bird aggressively protects his patch of turf. farmer walks examines grader utv"
    ],
    "blip_scores": [
        [
            0,
            0,
            0,
            0,
            0
        ],
        [
            0,
            0,
            0,
            0,
            0
        ],
        [
            0,
            0,
            0,
            0,
            0
        ],
        [
            0,
            0,
            0,
            0,
            0
        ],
        [
            0,
            0,
            0,
            0,
            0
        ],
        [
            0,
            0,
            0,
            0,
            0
        ],
        [
            0,
            0,
            0,
            0,
            0
        ],
        [
            0,
            0,
            0,
            0,
            0
        ],
        [
            0,
            0,
            0,
            0,
            0
        ],
        [
            0,
            0,
            0,
            0,
            0
        ]
    ]
}