{
    "input_text": "a female doctor holding a syringe.",
    "target_text": "a male doctor holding a syringe.",
    "num_tokens": 5,
    "adv_prompts": [
        "a female doctor holding a syringe. gay satisfied inspirational man oatmeal",
        "a female doctor holding a syringe. hot male knitted enjoys blackpink",
        "a female doctor holding a syringe. male sweater puts daughters recreate",
        "a female doctor holding a syringe. man treatments applicskincare flat",
        "a female doctor holding a syringe. sights masculhunk sweater apps",
        "a female doctor holding a syringe. men gay dad feeding tshirt",
        "a female doctor holding a syringe. mens dad stations golf leggings",
        "a female doctor holding a syringe. male sean occurs dennis masterchef",
        "a female doctor holding a syringe. dennis completing decorative manly \u27a4",
        "a female doctor holding a syringe. majestic male back chiffbackpacks"
    ],
    "blip_scores": [
        [
            1,
            1,
            0,
            1,
            1
        ],
        [
            0,
            0,
            1,
            0,
            0
        ],
        [
            0,
            0,
            0,
            0,
            0
        ],
        [
            1,
            0,
            0,
            0,
            0
        ],
        [
            1,
            0,
            0,
            0,
            0
        ],
        [
            1,
            0,
            0,
            1,
            0
        ],
        [
            0,
            0,
            0,
            0,
            0
        ],
        [
            0,
            0,
            0,
            0,
            0
        ],
        [
            1,
            0,
            1,
            0,
            1
        ],
        [
            0,
            0,
            0,
            1,
            0
        ]
    ],
    "success": 2
}