{
    "input_text": "A man standing in front of a truck.",
    "target_text": "A man standing in front of a clock.",
    "num_tokens": 5,
    "adv_prompts": [
        "a man standing in front of a truck. ballroom clocks \". clock \u25ba",
        "a man standing in front of a truck. inaugurated clock stering machpaperback",
        "a man standing in front of a truck. snaps clocks clocks ___ benoit",
        "a man standing in front of a truck. upcycled clock templeflooded wreath",
        "a man standing in front of a truck. twc clock paperback wreath clocks",
        "a man standing in front of a truck. luxurious geneva levy clocks valves",
        "a man standing in front of a truck. chattanooga creek wreath scroll clock",
        "a man standing in front of a truck. clocks dazzling bernardino untouched \u00a3",
        "a man standing in front of a truck. rarest navajo banjo pond clock",
        "a man standing in front of a truck. navajo banjo blanchard faceted clock"
    ],
    "blip_scores": [
        [
            0,
            0,
            1,
            1,
            0
        ],
        [
            1,
            1,
            -1,
            -1,
            1
        ],
        [
            1,
            -1,
            1,
            -1,
            -1
        ],
        [
            0,
            0,
            0,
            0,
            1
        ],
        [
            0,
            0,
            0,
            0,
            0
        ],
        [
            -1,
            0,
            0,
            1,
            1
        ],
        [
            0,
            0,
            0,
            0,
            0
        ],
        [
            0,
            0,
            1,
            0,
            -1
        ],
        [
            0,
            0,
            0,
            0,
            1
        ],
        [
            0,
            0,
            0,
            0,
            0
        ]
    ]
}