{
    "input_text": "A firehydrant sitting in some grass and snow",
    "target_text": "A firehydrant sitting in some grass and weeds",
    "num_tokens": 5,
    "adv_prompts": [
        "a firehydrant sitting in some grass and snow hop's weeds thistle swallows",
        "a firehydrant sitting in some grass and snow weeds \u30b9 \u00f6 something wears",
        "a firehydrant sitting in some grass and snow weeds & gets lively weeds",
        "a firehydrant sitting in some grass and snow weeds rot thistle stics pulses",
        "a firehydrant sitting in some grass and snow weeds thistle disorders ov",
        "a firehydrant sitting in some grass and snow weeds hasn jigtis ould",
        "a firehydrant sitting in some grass and snow weeds ferns rot an f",
        "a firehydrant sitting in some grass and snow weeds thistle ppings keeps fy",
        "a firehydrant sitting in some grass and snow weeds thistle rot secretly ve",
        "a firehydrant sitting in some grass and snow weeds margins rampurse elions"
    ],
    "blip_scores": [
        [
            1,
            1,
            1,
            1,
            1
        ],
        [
            1,
            1,
            0,
            1,
            1
        ],
        [
            1,
            1,
            1,
            1,
            1
        ],
        [
            1,
            0,
            1,
            1,
            1
        ],
        [
            1,
            1,
            1,
            1,
            0
        ],
        [
            1,
            0,
            1,
            1,
            0
        ],
        [
            1,
            1,
            1,
            1,
            1
        ],
        [
            1,
            1,
            1,
            1,
            0
        ],
        [
            1,
            1,
            1,
            1,
            1
        ],
        [
            1,
            1,
            1,
            1,
            0
        ]
    ]
}