{
    "input_text": "A bench sitting on top of a hillside.",
    "target_text": "A man sitting on top of a hillside.",
    "num_tokens": 5,
    "adv_prompts": [
        "a bench sitting on top of a hillside. edmonton dean enjoying nog cufflinks",
        "a bench sitting on top of a hillside. man deluxe dad measuring gundam",
        "a bench sitting on top of a hillside. karting man performs daycufflinks",
        "a bench sitting on top of a hillside. main motorcycles midfielder embroidered davey",
        "a bench sitting on top of a hillside. capitalism marx dvd caricature malay",
        "a bench sitting on top of a hillside. man refining descriptions denim ducati",
        "a bench sitting on top of a hillside. motorcycles man overlay devoncufflinks",
        "a bench sitting on top of a hillside. male refining ornaments ducati dolby",
        "a bench sitting on top of a hillside. wrestlemania dad observing accornova",
        "a bench sitting on top of a hillside. moritz observing dekalb employee parfait"
    ],
    "blip_scores": [
        [
            1,
            0,
            0,
            0,
            0
        ],
        [
            -1,
            0,
            0,
            0,
            0
        ],
        [
            0,
            0,
            0,
            0,
            -1
        ],
        [
            1,
            0,
            0,
            0,
            0
        ],
        [
            0,
            0,
            0,
            0,
            0
        ],
        [
            0,
            1,
            1,
            0,
            1
        ],
        [
            0,
            0,
            0,
            0,
            0
        ],
        [
            0,
            0,
            0,
            0,
            0
        ],
        [
            0,
            0,
            -1,
            -1,
            0
        ],
        [
            0,
            0,
            0,
            0,
            -1
        ]
    ]
}