{
    "input_text": "A cat eating a sandwich on a plate.",
    "target_text": "A woman eating a sandwich on a plate.",
    "num_tokens": 5,
    "adv_prompts": [
        "a cat eating a sandwich on a plate. woman taping oral iling cindy",
        "a cat eating a sandwich on a plate. sicilian woman examine beaverinjection",
        "a cat eating a sandwich on a plate. woman construccheckpoint respirfigures",
        "a cat eating a sandwich on a plate. lynnmalesculptor download milf",
        "a cat eating a sandwich on a plate. woman crochepng jay women",
        "a cat eating a sandwich on a plate. woman diffupenguins crockgranddaughter",
        "a cat eating a sandwich on a plate. woman drinks structural amigsolution",
        "a cat eating a sandwich on a plate. femme renovated plaque drunadvertisers",
        "a cat eating a sandwich on a plate. african woman reactions smugginvitations",
        "a cat eating a sandwich on a plate. peasant alina displays xfinity maureen"
    ],
    "blip_scores": [
        [
            1,
            0,
            0,
            0,
            0
        ],
        [
            0,
            1,
            1,
            1,
            0
        ],
        [
            -1,
            1,
            1,
            1,
            1
        ],
        [
            0,
            0,
            0,
            -1,
            1
        ],
        [
            0,
            0,
            1,
            1,
            1
        ],
        [
            0,
            0,
            0,
            0,
            0
        ],
        [
            1,
            1,
            1,
            1,
            1
        ],
        [
            0,
            0,
            0,
            0,
            0
        ],
        [
            0,
            0,
            0,
            1,
            1
        ],
        [
            0,
            0,
            0,
            0,
            0
        ]
    ]
}