{
    "input_text": "A sheep standing in a open grass field.",
    "target_text": "A man standing in a open grass field.",
    "num_tokens": 5,
    "adv_prompts": [
        "a sheep standing in a open grass field. beckett spotify,\u2026 cricketer marc",
        "a sheep standing in a open grass field. interviews celebration ipl bcci mario",
        "a sheep standing in a open grass field. postgame main checklist discography spotify",
        "a sheep standing in a open grass field. biography download cho mano spotify",
        "a sheep standing in a open grass field. detective discography spotify robotic mara",
        "a sheep standing in a open grass field. spotify man testimonial boxing javier",
        "a sheep standing in a open grass field. hugging men piling records manson",
        "a sheep standing in a open grass field. recordings spotlight -... trane martian",
        "a sheep standing in a open grass field. resigns mak discography poche\uc2a4",
        "a sheep standing in a open grass field. mann pepe stretches deandre men"
    ],
    "blip_scores": [
        [
            -1,
            -1,
            -1,
            -1,
            0
        ],
        [
            1,
            1,
            0,
            1,
            1
        ],
        [
            0,
            -1,
            1,
            0,
            0
        ],
        [
            1,
            -1,
            -1,
            -1,
            0
        ],
        [
            0,
            -1,
            -1,
            0,
            0
        ],
        [
            -1,
            1,
            -1,
            1,
            1
        ],
        [
            0,
            1,
            1,
            1,
            1
        ],
        [
            0,
            1,
            -1,
            0,
            0
        ],
        [
            0,
            0,
            0,
            0,
            0
        ],
        [
            0,
            1,
            0,
            0,
            1
        ]
    ]
}