{
    "input_text": "a person skiing down a steep snowy hill",
    "target_text": "a person skiing down a steep snowy slope",
    "num_tokens": 5,
    "adv_prompts": [
        "a person skiing down a steep snowy hill varying ecosystems jumpsuit coat ancing",
        "a person skiing down a steep snowy hill vegetation azizinclusive eyelashes segment",
        "a person skiing down a steep snowy hill slope vegetation compleholidays happening",
        "a person skiing down a steep snowy hill banquet positioning wedding napkin asa",
        "a person skiing down a steep snowy hill haircut commons patagonia wedding sandal",
        "a person skiing down a steep snowy hill rainforest safarbustactivities scom",
        "a person skiing down a steep snowy hill railsachs entertainment earrings lapland",
        "a person skiing down a steep snowy hill interior palace grants fascinating abstraction",
        "a person skiing down a steep snowy hill antibody francesco rainforest holidays ue",
        "a person skiing down a steep snowy hill pak jumpsuit immediately size dive"
    ],
    "blip_scores": [
        [
            0,
            0,
            0,
            0,
            0
        ],
        [
            0,
            0,
            0,
            0,
            0
        ],
        [
            0,
            0,
            0,
            0,
            0
        ],
        [
            0,
            0,
            0,
            0,
            0
        ],
        [
            0,
            0,
            0,
            0,
            0
        ],
        [
            1,
            0,
            0,
            0,
            0
        ],
        [
            0,
            0,
            0,
            0,
            0
        ],
        [
            0,
            0,
            0,
            0,
            0
        ],
        [
            0,
            0,
            0,
            0,
            0
        ],
        [
            0,
            0,
            0,
            0,
            0
        ]
    ]
}