{
    "input_text": "a bunch of people in a busy area",
    "target_text": "a group of people in a busy area",
    "num_tokens": 5,
    "adv_prompts": [
        "a bunch of people in a busy area group observe smartphone looking interpreted",
        "a bunch of people in a busy area utilizing \u00f4preferred payroll publication",
        "a bunch of people in a busy area illustrating ubs infrbenefit travels",
        "a bunch of people in a busy area group approaching discussion examining night",
        "a bunch of people in a busy area amidst cityscape filled surrounding scenery",
        "a bunch of people in a busy area showing warmly out sidewalk traffic",
        "a bunch of people in a busy area partly \u0440observing focused courtyard",
        "a bunch of people in a busy area marching ouring representing noise filtering",
        "a bunch of people in a busy area dragging business group examining evening",
        "a bunch of people in a busy area utilizing agroteed fax prescribed"
    ],
    "blip_scores": [
        [
            0,
            0,
            0,
            0,
            0
        ],
        [
            0,
            0,
            0,
            0,
            0
        ],
        [
            0,
            0,
            0,
            0,
            0
        ],
        [
            0,
            0,
            0,
            0,
            0
        ],
        [
            0,
            0,
            0,
            0,
            0
        ],
        [
            0,
            0,
            0,
            0,
            0
        ],
        [
            0,
            0,
            0,
            0,
            0
        ],
        [
            0,
            0,
            0,
            0,
            0
        ],
        [
            0,
            0,
            0,
            0,
            0
        ],
        [
            0,
            0,
            0,
            0,
            0
        ]
    ]
}