{
    "input_text": "A child flying a kite in the park.",
    "target_text": "A child playing with a ball in the park.",
    "num_tokens": 5,
    "adv_prompts": [
        "a child flying a kite in the park. playtime ball stacking pedickeychain",
        "a child flying a kite in the park. diy ball playable jeanstacking",
        "a child flying a kite in the park. pool ball covers maple atletico",
        "a child flying a kite in the park. ball inflatable snooker embraces container",
        "a child flying a kite in the park. ball applekickboxing tablecollin",
        "a child flying a kite in the park. ball stacking portikickboxing cradle",
        "a child flying a kite in the park. ball stacking silicone obstacle fatima",
        "a child flying a kite in the park. assembling ball mattestained kickboxing",
        "a child flying a kite in the park. ball with tmnt stacking silicone",
        "a child flying a kite in the park. snooker ball squats uefa globe"
    ],
    "blip_scores": [
        [
            1,
            1,
            1,
            1,
            1
        ],
        [
            -1,
            1,
            -1,
            0,
            0
        ],
        [
            1,
            1,
            1,
            0,
            1
        ],
        [
            1,
            0,
            1,
            1,
            1
        ],
        [
            0,
            0,
            0,
            0,
            1
        ],
        [
            -1,
            1,
            -1,
            0,
            1
        ],
        [
            1,
            0,
            1,
            1,
            1
        ],
        [
            1,
            1,
            1,
            1,
            1
        ],
        [
            1,
            -1,
            1,
            0,
            1
        ],
        [
            1,
            1,
            0,
            1,
            1
        ]
    ],
    "gense_cos_sim": 0.689650297164917,
    "clip_cos_sim": 0.7222226858139038
}