{
    "input_text": "A propellor airplane is on a grassy runway.",
    "target_text": "A propellor plane is on a grassy runway.",
    "num_tokens": 5,
    "adv_prompts": [
        "a propellor airplane is on a grassy runway. pert bristol eames strip bernard",
        "a propellor airplane is on a grassy runway. plaque stump poplar hugo kurt",
        "a propellor airplane is on a grassy runway. ring bearish log setup involves",
        "a propellor airplane is on a grassy runway. pkg leno jug tf until",
        "a propellor airplane is on a grassy runway. wx argyll streamers shepherd django",
        "a propellor airplane is on a grassy runway. stump tug blouse um geoff",
        "a propellor airplane is on a grassy runway. ow tipperary shahid discus arlington",
        "a propellor airplane is on a grassy runway. pitcher tidal shirt pluto chesney",
        "a propellor airplane is on a grassy runway. wonderful kit tunic drove bernard",
        "a propellor airplane is on a grassy runway. seminar tunic jug log tf"
    ],
    "blip_scores": [
        [
            0,
            0,
            0,
            0,
            0
        ],
        [
            0,
            0,
            0,
            0,
            0
        ],
        [
            0,
            0,
            0,
            0,
            0
        ],
        [
            0,
            0,
            0,
            0,
            0
        ],
        [
            0,
            0,
            0,
            0,
            0
        ],
        [
            0,
            0,
            0,
            0,
            0
        ],
        [
            0,
            0,
            0,
            0,
            0
        ],
        [
            0,
            0,
            0,
            0,
            0
        ],
        [
            0,
            0,
            0,
            0,
            0
        ],
        [
            0,
            0,
            0,
            0,
            0
        ]
    ]
}