{
    "input_text": "a blind monkey is sitting in a cage",
    "target_text": "a blind cat is sitting in a cage",
    "num_tokens": 5,
    "adv_prompts": [
        "a blind monkey is sitting in a cage somali amiccat cat mapp",
        "a blind monkey is sitting in a cage stroller kitten argentcorgi malay",
        "a blind monkey is sitting in a cage graded professionalism rayon bengal kitten",
        "a blind monkey is sitting in a cage nicer bengal matrix cats progression",
        "a blind monkey is sitting in a cage bengal mitted mayfair cat ___",
        "a blind monkey is sitting in a cage malay cats adopted dapper martha",
        "a blind monkey is sitting in a cage inherited mayfair scottish kitten championship",
        "a blind monkey is sitting in a cage masterchef caretaker cat hybrideliciousness",
        "a blind monkey is sitting in a cage mated supervised savoury waldorf bengal",
        "a blind monkey is sitting in a cage starring roxy frenchbengals majors"
    ],
    "blip_scores": [
        [
            0,
            0,
            0,
            0,
            0
        ],
        [
            0,
            0,
            0,
            0,
            0
        ],
        [
            0,
            0,
            0,
            0,
            0
        ],
        [
            0,
            0,
            0,
            0,
            0
        ],
        [
            0,
            0,
            0,
            0,
            0
        ],
        [
            0,
            0,
            0,
            0,
            0
        ],
        [
            0,
            0,
            0,
            0,
            0
        ],
        [
            0,
            0,
            0,
            0,
            0
        ],
        [
            0,
            0,
            0,
            0,
            0
        ],
        [
            0,
            0,
            0,
            0,
            0
        ]
    ]
}