{
    "input_text": "A sandwich has cilantro, carrots, and other vegetables.",
    "target_text": "A salad has cilantro, carrots, and other vegetables.",
    "num_tokens": 5,
    "adv_prompts": [
        "a sandwich has cilantro, carrots, and other vegetables. skip haynes salad salad recipes",
        "a sandwich has cilantro, carrots, and other vegetables. classiccars keel reducing salad salad",
        "a sandwich has cilantro, carrots, and other vegetables. easy aging salad green salad",
        "a sandwich has cilantro, carrots, and other vegetables. csa perrie salad salad resume",
        "a sandwich has cilantro, carrots, and other vegetables. amc vegetable salad speed download",
        "a sandwich has cilantro, carrots, and other vegetables. funnel dip salad isc diet",
        "a sandwich has cilantro, carrots, and other vegetables. salad mcfadden fantastic skillet salad",
        "a sandwich has cilantro, carrots, and other vegetables. download salad oured salad cic",
        "a sandwich has cilantro, carrots, and other vegetables. salad isin salad recipes esse",
        "a sandwich has cilantro, carrots, and other vegetables. ginger salad earring islemmo"
    ],
    "blip_scores": [
        [
            1,
            1,
            1,
            1,
            1
        ],
        [
            1,
            1,
            1,
            1,
            1
        ],
        [
            1,
            1,
            1,
            1,
            1
        ],
        [
            1,
            1,
            1,
            1,
            1
        ],
        [
            1,
            0,
            0,
            1,
            1
        ],
        [
            1,
            1,
            1,
            1,
            0
        ],
        [
            1,
            1,
            0,
            1,
            1
        ],
        [
            1,
            1,
            1,
            1,
            1
        ],
        [
            1,
            1,
            1,
            1,
            1
        ],
        [
            1,
            0,
            1,
            1,
            1
        ]
    ]
}