{
    "input_text": "a person at a picnic table eating salad",
    "target_text": "a person at a dinner table eating salad",
    "num_tokens": 5,
    "adv_prompts": [
        "a person at a picnic table eating salad dinner bowl prophepottery stalin",
        "a person at a picnic table eating salad vacations bedroom turntable fireplace dolby",
        "a person at a picnic table eating salad terminals candlelight fireplace edwin flask",
        "a person at a picnic table eating salad bowls plate exerdramas agate",
        "a person at a picnic table eating salad plate ware bbnaija rhapsody ultimately",
        "a person at a picnic table eating salad plates overnight bedroom ware agate",
        "a person at a picnic table eating salad impacting evening court saucer ware",
        "a person at a picnic table eating salad overnight sounding bowls ware recently",
        "a person at a picnic table eating salad plates bowl overnight dollar\u0926",
        "a person at a picnic table eating salad bowl teapot plates impacting simulated"
    ],
    "blip_scores": [
        [
            0,
            0,
            0,
            0,
            0
        ],
        [
            0,
            0,
            0,
            0,
            0
        ],
        [
            0,
            0,
            0,
            0,
            0
        ],
        [
            0,
            0,
            0,
            0,
            0
        ],
        [
            1,
            1,
            0,
            0,
            -1
        ],
        [
            0,
            0,
            0,
            0,
            0
        ],
        [
            0,
            0,
            0,
            0,
            0
        ],
        [
            -1,
            0,
            0,
            1,
            0
        ],
        [
            0,
            1,
            0,
            0,
            -1
        ],
        [
            -1,
            0,
            0,
            0,
            -1
        ]
    ]
}