{
    "input_text": "A baby grabs a toy from the refrigerator. ",
    "target_text": "A baby grabs a magnet from the refrigerator. ",
    "num_tokens": 5,
    "adv_prompts": [
        "a baby grabs a toy from the refrigerator. underneath ': { trampoline magnet",
        "a baby grabs a toy from the refrigerator. magnets into seventeen \"\"\" loudest",
        "a baby grabs a toy from the refrigerator. burton magnets precisely gratis trampoline",
        "a baby grabs a toy from the refrigerator. magnets between.( nuclear magnet",
        "a baby grabs a toy from the refrigerator. magnets magnet up into trampoline",
        "a baby grabs a toy from the refrigerator. magnet { quot temples bulletproof",
        "a baby grabs a toy from the refrigerator. magnet increases magnificent **** trampoline",
        "a baby grabs a toy from the refrigerator. onto algeacoustic magnet rons",
        "a baby grabs a toy from the refrigerator. magnets producing trampoline [] magnet",
        "a baby grabs a toy from the refrigerator. snowboard magnets entire \" insect"
    ],
    "blip_scores": [
        [
            0,
            0,
            0,
            0,
            0
        ],
        [
            0,
            0,
            0,
            0,
            0
        ],
        [
            0,
            -1,
            0,
            0,
            0
        ],
        [
            0,
            -1,
            0,
            -1,
            0
        ],
        [
            0,
            0,
            0,
            0,
            0
        ],
        [
            -1,
            0,
            0,
            -1,
            1
        ],
        [
            0,
            0,
            0,
            0,
            0
        ],
        [
            -1,
            -1,
            0,
            0,
            0
        ],
        [
            0,
            -1,
            0,
            0,
            0
        ],
        [
            0,
            0,
            0,
            0,
            0
        ]
    ]
}