{
    "input_text": "A person with a hat and a suitcase.",
    "target_text": "A person with a backpack and a suitcase.",
    "num_tokens": 5,
    "adv_prompts": [
        "a person with a hat and a suitcase. suction sting recon backpacks scuba",
        "a person with a hat and a suitcase. backpack holder backpacks recon backpack",
        "a person with a hat and a suitcase. backpack ctor recon sling pebble",
        "a person with a hat and a suitcase. acer acharya updated rogue backpacks",
        "a person with a hat and a suitcase. sling recon backpacks lancer synergy",
        "a person with a hat and a suitcase. backpacks incase sabre lynx strides",
        "a person with a hat and a suitcase. rampage sensei backpacks sinclair tir",
        "a person with a hat and a suitcase. backpack revelation tundra solo harness",
        "a person with a hat and a suitcase. backpack wing \u2122 elgin recon",
        "a person with a hat and a suitcase. opel arosa backpack compared subaru"
    ],
    "blip_scores": [
        [
            0,
            0,
            0,
            0,
            1
        ],
        [
            0,
            0,
            1,
            0,
            0
        ],
        [
            0,
            0,
            0,
            0,
            0
        ],
        [
            0,
            0,
            0,
            0,
            0
        ],
        [
            0,
            0,
            0,
            1,
            0
        ],
        [
            0,
            0,
            0,
            0,
            0
        ],
        [
            -1,
            0,
            -1,
            0,
            0
        ],
        [
            0,
            0,
            0,
            0,
            -1
        ],
        [
            0,
            0,
            0,
            0,
            0
        ],
        [
            0,
            0,
            0,
            0,
            0
        ]
    ]
}