{
    "input_text": "a horse in a field near many trees ",
    "target_text": "a tree in a field near many trees ",
    "num_tokens": 5,
    "adv_prompts": [
        "a horse in a field near many trees blog :: halloween pennant plant",
        "a horse in a field near many trees glastonbury butternut bluegrass cover mojo",
        "a horse in a field near many trees spinner viewer keychain setlist gartner",
        "a horse in a field near many trees setlist spin jharkhand greco diecast",
        "a horse in a field near many trees wednesdays...) bumblebee cauliflower chandelier",
        "a horse in a field near many trees villagers godfather standalone cassette jovi",
        "a horse in a field near many trees diecast download bluegrass iheartradio marin",
        "a horse in a field near many trees corden jazz midwest bluegrass cover",
        "a horse in a field near many trees bangle gettysburg setlist treehouse wsop",
        "a horse in a field near many trees auctioned harare cuckoo maserati gecko"
    ],
    "blip_scores": [
        [
            0,
            0,
            0,
            0,
            0
        ],
        [
            0,
            0,
            0,
            0,
            0
        ],
        [
            0,
            0,
            0,
            0,
            0
        ],
        [
            0,
            0,
            -1,
            -1,
            0
        ],
        [
            0,
            0,
            0,
            0,
            0
        ],
        [
            -1,
            -1,
            0,
            -1,
            0
        ],
        [
            0,
            0,
            0,
            0,
            0
        ],
        [
            0,
            0,
            0,
            0,
            0
        ],
        [
            0,
            -1,
            0,
            0,
            0
        ],
        [
            0,
            0,
            0,
            0,
            0
        ]
    ]
}