{
    "input_text": "A picture of a cluttered Microsoft office desk.",
    "target_text": "A picture of a cluttered home office desk.",
    "num_tokens": 5,
    "adv_prompts": [
        "a picture of a cluttered microsoft office desk. continually archaeologists martino home 5",
        "a picture of a cluttered microsoft office desk. homework populated home photographing maher",
        "a picture of a cluttered microsoft office desk. fromhome naomi juana homeowner clutter",
        "a picture of a cluttered microsoft office desk. residence minted madre opulparlor",
        "a picture of a cluttered microsoft office desk. chairhomeschool compostbanksy perched",
        "a picture of a cluttered microsoft office desk. homework decorated whouse toire maher",
        "a picture of a cluttered microsoft office desk. homeschool roommates antiques collects refining",
        "a picture of a cluttered microsoft office desk. home photography interrupconsiderably bedside",
        "a picture of a cluttered microsoft office desk. taxiderhomeschool collector workspace martens",
        "a picture of a cluttered microsoft office desk. townhouse whit collected marta treating"
    ],
    "blip_scores": [
        [
            1,
            1,
            1,
            1,
            1
        ],
        [
            1,
            1,
            1,
            1,
            1
        ],
        [
            1,
            1,
            1,
            1,
            1
        ],
        [
            1,
            1,
            1,
            1,
            1
        ],
        [
            1,
            1,
            1,
            1,
            1
        ],
        [
            1,
            1,
            1,
            1,
            1
        ],
        [
            1,
            1,
            1,
            0,
            1
        ],
        [
            1,
            1,
            1,
            1,
            1
        ],
        [
            1,
            1,
            1,
            1,
            1
        ],
        [
            1,
            1,
            1,
            1,
            1
        ]
    ]
}