{
    "input_text": "A stack of clocks inside a shop window.",
    "target_text": "A display of clocks inside a shop window.",
    "num_tokens": 5,
    "adv_prompts": [
        "a stack of clocks inside a shop window. sheraton sydney horoscope display animations",
        "a stack of clocks inside a shop window. nyc \u010denlightening display examples",
        "a stack of clocks inside a shop window. assortment displaying displays london'm",
        "a stack of clocks inside a shop window. exquisite sydney displays via cnn",
        "a stack of clocks inside a shop window. kups vd display perth horoscope",
        "a stack of clocks inside a shop window. example tedxdisplay \" nyc",
        "a stack of clocks inside a shop window. displaying exquisite displays astrology depicted",
        "a stack of clocks inside a shop window. included displays exposes examples bh",
        "a stack of clocks inside a shop window. observing ornate display examples london",
        "a stack of clocks inside a shop window. cdo displays characteristic ocean inhabitants"
    ],
    "blip_scores": [
        [
            1,
            1,
            0,
            0,
            0
        ],
        [
            0,
            0,
            0,
            0,
            0
        ],
        [
            0,
            0,
            0,
            0,
            0
        ],
        [
            0,
            0,
            0,
            0,
            0
        ],
        [
            0,
            0,
            0,
            0,
            1
        ],
        [
            1,
            1,
            0,
            0,
            0
        ],
        [
            0,
            0,
            0,
            0,
            0
        ],
        [
            0,
            0,
            0,
            0,
            0
        ],
        [
            0,
            0,
            0,
            1,
            0
        ],
        [
            0,
            0,
            0,
            0,
            0
        ]
    ]
}