{
    "input_text": "A doodle of a light bulb on a notebook.",
    "target_text": "A doodle of a dog on a notebook.",
    "num_tokens": 5,
    "adv_prompts": [
        "a doodle of a light bulb on a notebook. \" cbn petersburg spaniel groom",
        "a doodle of a light bulb on a notebook. awesomeness slovakobedience dog sweepstakes",
        "a doodle of a light bulb on a notebook. motocross puppy \u30fb\u30fb\u30fb whistler foal",
        "a doodle of a light bulb on a notebook. ]: rehabilitation dog surfer meng",
        "a doodle of a light bulb on a notebook. impressive \" slovakbris terrier",
        "a doodle of a light bulb on a notebook. pregnancy buzzer filly auctioned beautiful",
        "a doodle of a light bulb on a notebook. drummer shirtless polyvore darius hinton",
        "a doodle of a light bulb on a notebook. guardiola turquoise muscles pesticide earphones",
        "a doodle of a light bulb on a notebook. ukulele carpenter topless pesticides )/",
        "a doodle of a light bulb on a notebook. nayanthara seq haircut pesticides schooled"
    ],
    "blip_scores": [
        [
            0,
            1,
            0,
            0,
            0
        ],
        [
            0,
            0,
            1,
            0,
            1
        ],
        [
            0,
            0,
            1,
            1,
            1
        ],
        [
            1,
            0,
            0,
            1,
            1
        ],
        [
            0,
            -1,
            1,
            1,
            1
        ],
        [
            0,
            0,
            0,
            0,
            0
        ],
        [
            0,
            0,
            0,
            0,
            0
        ],
        [
            -1,
            0,
            0,
            -1,
            -1
        ],
        [
            0,
            0,
            0,
            -1,
            0
        ],
        [
            -1,
            0,
            0,
            -1,
            0
        ]
    ],
    "gense_cos_sim": 0.6648080945014954,
    "clip_cos_sim": 0.6203956604003906
}