{
    "input_text": "Two cats playing with a yarn ball.",
    "target_text": "Two cats playing with a gameboy.",
    "num_tokens": 5,
    "adv_prompts": [
        "two cats playing with a yarn ball. showcased gameboy vhs phones ghostbusters",
        "two cats playing with a yarn ball. ebay gameboy agh staying sax",
        "two cats playing with a yarn ball. vhs gameboy phones reebok redesign",
        "two cats playing with a yarn ball. gameboy cakes dominos unofficial casio",
        "two cats playing with a yarn ball. etc hectic gameboy shell casio",
        "two cats playing with a yarn ball. case dened gameboy consoles ghostbusters",
        "two cats playing with a yarn ball. gameboy cartridges arduino ual diagram",
        "two cats playing with a yarn ball. actual realistic dominos's gameboy",
        "two cats playing with a yarn ball. gameboy cartridges casio reebok donut",
        "two cats playing with a yarn ball. overflowing gameboy gameboy console insanely"
    ],
    "blip_scores": [
        [
            0,
            0,
            0,
            0,
            1
        ],
        [
            0,
            0,
            0,
            0,
            0
        ],
        [
            0,
            0,
            0,
            0,
            0
        ],
        [
            0,
            0,
            0,
            0,
            0
        ],
        [
            0,
            0,
            0,
            0,
            0
        ],
        [
            0,
            0,
            1,
            0,
            0
        ],
        [
            0,
            0,
            0,
            0,
            0
        ],
        [
            0,
            0,
            0,
            0,
            0
        ],
        [
            0,
            0,
            0,
            0,
            0
        ],
        [
            0,
            0,
            0,
            0,
            0
        ]
    ],
    "gense_cos_sim": 0.8299397230148315,
    "clip_cos_sim": 0.7164075374603271
}