{
    "input_text": "a collection of photos with many electronics ",
    "target_text": "a collage of photos with many electronics ",
    "num_tokens": 5,
    "adv_prompts": [
        "a collection of photos with many electronics enjoying textile critiresolution collage",
        "a collection of photos with many electronics imposed underlying forthecaption collage",
        "a collection of photos with many electronics collage imposed amidst scientific default",
        "a collection of photos with many electronics default optimisrepresented collage sewn",
        "a collection of photos with many electronics tweaks following vaccine edits collage",
        "a collection of photos with many electronics elengcruising dih collage couple",
        "a collection of photos with many electronics trim collage imposed beside scenarios",
        "a collection of photos with many electronics tweaks collage alongside dessert montage",
        "a collection of photos with many electronics tweak collage \u30f3 alongside pastries",
        "a collection of photos with many electronics havin collage ising configuration scenario"
    ],
    "blip_scores": [
        [
            0,
            0,
            0,
            0,
            0
        ],
        [
            0,
            0,
            0,
            0,
            0
        ],
        [
            0,
            0,
            0,
            0,
            0
        ],
        [
            0,
            0,
            0,
            0,
            0
        ],
        [
            0,
            0,
            0,
            0,
            0
        ],
        [
            -1,
            0,
            0,
            0,
            0
        ],
        [
            0,
            0,
            0,
            0,
            0
        ],
        [
            0,
            0,
            0,
            0,
            0
        ],
        [
            1,
            0,
            0,
            0,
            0
        ],
        [
            0,
            0,
            0,
            0,
            0
        ]
    ]
}