{
    "input_text": "A man sitting on a chair on the moon.",
    "target_text": "An alien sitting on a chair on the moon.",
    "num_tokens": 5,
    "adv_prompts": [
        "a man sitting on a chair on the moon. \" cosplayer finds pharrell cthulhu",
        "a man sitting on a chair on the moon. shrek alien \u2122 photogenic alien",
        "a man sitting on a chair on the moon. alien biting tos simpson ever",
        "a man sitting on a chair on the moon. cthulhu reddit \u2122 bowling alien",
        "a man sitting on a chair on the moon. alien reddit \u2122 chibi alien",
        "a man sitting on a chair on the moon. martha alien reddit cosplayer -_-",
        "a man sitting on a chair on the moon. \u2122 dinosaur tipping alien reddit",
        "a man sitting on a chair on the moon. motorola \u2122 cthulhu hugging alien",
        "a man sitting on a chair on the moon. \u00ae alien cuddling its reddit",
        "a man sitting on a chair on the moon. \u2122 cthulhu wannabe rita alien"
    ],
    "blip_scores": [
        [
            0,
            0,
            0,
            0,
            0
        ],
        [
            0,
            1,
            0,
            0,
            0
        ],
        [
            0,
            0,
            0,
            0,
            0
        ],
        [
            0,
            0,
            0,
            0,
            0
        ],
        [
            0,
            0,
            0,
            0,
            0
        ],
        [
            0,
            0,
            0,
            0,
            0
        ],
        [
            0,
            -1,
            0,
            0,
            0
        ],
        [
            0,
            0,
            0,
            0,
            0
        ],
        [
            0,
            1,
            0,
            0,
            0
        ],
        [
            0,
            0,
            0,
            0,
            0
        ]
    ],
    "gense_cos_sim": 0.8228999972343445,
    "clip_cos_sim": 0.85615074634552
}