{
    "input_text": "A cup filled with chocolate and vanilla cupcakes. ",
    "target_text": "A plate filled with chocolate and vanilla cupcakes. ",
    "num_tokens": 5,
    "adv_prompts": [
        "a cup filled with chocolate and vanilla cupcakes. shour rantvernon plate roland",
        "a cup filled with chocolate and vanilla cupcakes. plate supervisors ernie sheridan plate",
        "a cup filled with chocolate and vanilla cupcakes. rectangular plate platatters benedict",
        "a cup filled with chocolate and vanilla cupcakes. plate plate sigma militant leonard",
        "a cup filled with chocolate and vanilla cupcakes. caption roadhouse pierre carlyle plates",
        "a cup filled with chocolate and vanilla cupcakes. plate bhutan plating uss corbett",
        "a cup filled with chocolate and vanilla cupcakes. plate gunnar bjoralfredo plates",
        "a cup filled with chocolate and vanilla cupcakes. porcelain plate bukit guwahati fryer",
        "a cup filled with chocolate and vanilla cupcakes. plated plate yakplatwiser",
        "a cup filled with chocolate and vanilla cupcakes. rist plate joanarranged snowden"
    ],
    "blip_scores": [
        [
            1,
            1,
            1,
            1,
            0
        ],
        [
            1,
            1,
            1,
            1,
            0
        ],
        [
            1,
            1,
            1,
            1,
            1
        ],
        [
            0,
            1,
            1,
            1,
            1
        ],
        [
            1,
            1,
            1,
            1,
            1
        ],
        [
            1,
            1,
            1,
            1,
            1
        ],
        [
            0,
            1,
            1,
            1,
            0
        ],
        [
            1,
            1,
            0,
            1,
            1
        ],
        [
            1,
            1,
            1,
            1,
            1
        ],
        [
            1,
            0,
            1,
            1,
            0
        ]
    ]
}