{
    "input_text": "a clean kitchen with 4 stools in it.",
    "target_text": "a clean tub with 4 stools in it.",
    "num_tokens": 5,
    "adv_prompts": [
        "a clean kitchen with 4 stools in it. calligraphy tub nme logistics columbus",
        "a clean kitchen with 4 stools in it. container identification tub livingston bathtub",
        "a clean kitchen with 4 stools in it. outlander tub identification nupchiropractic",
        "a clean kitchen with 4 stools in it. insight japanese bathtub product identification",
        "a clean kitchen with 4 stools in it. blooms gallery bathtub ophelia preservation",
        "a clean kitchen with 4 stools in it. eshop bathtub livingston resin bathtub",
        "a clean kitchen with 4 stools in it. impression bathtub rochester metemessaging",
        "a clean kitchen with 4 stools in it. integrity tub bathtub trio livingston",
        "a clean kitchen with 4 stools in it. bathtub integrity tub livingston composites",
        "a clean kitchen with 4 stools in it. restoration container viii bathtub calligraphy"
    ],
    "blip_scores": [
        [
            -1,
            0,
            0,
            -1,
            -1
        ],
        [
            0,
            0,
            0,
            0,
            0
        ],
        [
            0,
            0,
            1,
            0,
            0
        ],
        [
            0,
            0,
            0,
            0,
            0
        ],
        [
            0,
            0,
            0,
            0,
            0
        ],
        [
            0,
            0,
            0,
            0,
            0
        ],
        [
            0,
            0,
            0,
            0,
            0
        ],
        [
            0,
            0,
            0,
            0,
            0
        ],
        [
            0,
            0,
            0,
            0,
            0
        ],
        [
            0,
            0,
            0,
            0,
            0
        ]
    ]
}