{
    "input_text": "A house with a bathtub and a toilet.",
    "target_text": "A bathroom with a bathtub and a toilet.",
    "num_tokens": 5,
    "adv_prompts": [
        "a house with a bathtub and a toilet. bathrooms cape adele configuration hazel",
        "a house with a bathtub and a toilet. gym saskatchewan claire rentals bathrooms",
        "a house with a bathtub and a toilet. patriotic bathrooms tulsa jovi onics",
        "a house with a bathtub and a toilet. crash cad ondo bathrooms jovi",
        "a house with a bathtub and a toilet. netball atom timbcombos bathrooms",
        "a house with a bathtub and a toilet. olini tonic netball situ bathrooms",
        "a house with a bathtub and a toilet. choir tomi carrick bathrooms jade",
        "a house with a bathtub and a toilet. clockwork netball bathrooms onga triton",
        "a house with a bathtub and a toilet. choir bathrooms jeremiah bathrooms orial",
        "a house with a bathtub and a toilet. juliechromatic arcade bathrooms trinity"
    ],
    "blip_scores": [
        [
            0,
            0,
            1,
            1,
            1
        ],
        [
            1,
            0,
            0,
            1,
            0
        ],
        [
            0,
            1,
            1,
            1,
            1
        ],
        [
            1,
            1,
            1,
            0,
            1
        ],
        [
            1,
            1,
            0,
            1,
            1
        ],
        [
            1,
            0,
            1,
            1,
            1
        ],
        [
            0,
            1,
            0,
            1,
            1
        ],
        [
            1,
            1,
            1,
            1,
            1
        ],
        [
            1,
            1,
            1,
            1,
            1
        ],
        [
            1,
            1,
            1,
            1,
            1
        ]
    ]
}