{
    "input_text": "A single room with two separate twin beds.",
    "target_text": "A hotel room with two separate twin beds.",
    "num_tokens": 5,
    "adv_prompts": [
        "a single room with two separate twin beds. galveston installs spg netanyahu hotel",
        "a single room with two separate twin beds. shasta organizer ze hotels surfer",
        "a single room with two separate twin beds. idf smartwatch campground logo rupert",
        "a single room with two separate twin beds. its spg hotel ziggy scenes",
        "a single room with two separate twin beds. queensland hotels afp xuresponses",
        "a single room with two separate twin beds. cisco hotel \u00ae smartwatch blaze",
        "a single room with two separate twin beds. rosen hotels zl hospitality sweatshirt",
        "a single room with two separate twin beds. westin smartwatch savannah geeks etf",
        "a single room with two separate twin beds. chapman phones illinois hotel scorecard",
        "a single room with two separate twin beds. generic sa hotels smartwatch hornet"
    ],
    "blip_scores": [
        [
            0,
            0,
            0,
            0,
            0
        ],
        [
            0,
            0,
            0,
            0,
            0
        ],
        [
            0,
            0,
            0,
            0,
            0
        ],
        [
            0,
            0,
            0,
            0,
            0
        ],
        [
            0,
            0,
            0,
            0,
            0
        ],
        [
            0,
            0,
            0,
            0,
            0
        ],
        [
            0,
            0,
            0,
            0,
            0
        ],
        [
            0,
            0,
            0,
            0,
            0
        ],
        [
            0,
            0,
            0,
            0,
            0
        ],
        [
            0,
            0,
            0,
            0,
            0
        ]
    ]
}