{
    "input_text": "A chocolate cake with English and Chinese characters.",
    "target_text": "A birthday cake with English and Chinese characters.",
    "num_tokens": 5,
    "adv_prompts": [
        "a chocolate cake with english and chinese characters. sergey barn thday birthday pseudo",
        "a chocolate cake with english and chinese characters. happybirthday range worx bday the",
        "a chocolate cake with english and chinese characters. hbd cork phelps sperson birthday",
        "a chocolate cake with english and chinese characters. bday xxxx parties mpo cfo",
        "a chocolate cake with english and chinese characters. colleague mss tups partying birthday",
        "a chocolate cake with english and chinese characters. birthday conservatives agencies thday deploying",
        "a chocolate cake with english and chinese characters. thday birthday arine rs celebrates",
        "a chocolate cake with english and chinese characters. pro dismissal governing birthday smash",
        "a chocolate cake with english and chinese characters. bday kki rents (@ \u00e9",
        "a chocolate cake with english and chinese characters. hbd wfc bday patterns celebration"
    ],
    "blip_scores": [
        [
            0,
            0,
            0,
            0,
            -1
        ],
        [
            0,
            0,
            0,
            1,
            0
        ],
        [
            -1,
            -1,
            0,
            0,
            0
        ],
        [
            0,
            0,
            0,
            0,
            0
        ],
        [
            0,
            0,
            -1,
            0,
            0
        ],
        [
            0,
            0,
            0,
            -1,
            0
        ],
        [
            0,
            0,
            0,
            0,
            0
        ],
        [
            0,
            0,
            0,
            0,
            0
        ],
        [
            0,
            0,
            0,
            0,
            0
        ],
        [
            -1,
            0,
            0,
            0,
            0
        ]
    ]
}