{
    "input_text": "A person feeding a squirrel with a banana",
    "target_text": "A person feeding a cat with a banana",
    "num_tokens": 5,
    "adv_prompts": [
        "a person feeding a squirrel with a banana oned sdcc reissue tau starring",
        "a person feeding a squirrel with a banana advisers synthesizer cme plot miguel",
        "a person feeding a squirrel with a banana prosecutor exhibitors cat benefiting cep",
        "a person feeding a squirrel with a banana \u2122 cat \u2122 exhibit ands",
        "a person feeding a squirrel with a banana cat pvp merchandise -. \"",
        "a person feeding a squirrel with a banana pvp latte accompanied mystic.'",
        "a person feeding a squirrel with a banana rps classified ministers chart westworld",
        "a person feeding a squirrel with a banana mew detective db mpd collectible",
        "a person feeding a squirrel with a banana vibes \u2122 cat starring,-",
        "a person feeding a squirrel with a banana llp weekly funko mps onix"
    ],
    "blip_scores": [
        [
            0,
            -1,
            0,
            0,
            0
        ],
        [
            0,
            0,
            0,
            0,
            0
        ],
        [
            0,
            1,
            -1,
            0,
            -1
        ],
        [
            0,
            -1,
            0,
            0,
            0
        ],
        [
            0,
            0,
            0,
            -1,
            0
        ],
        [
            0,
            0,
            0,
            0,
            0
        ],
        [
            0,
            0,
            0,
            0,
            0
        ],
        [
            0,
            0,
            0,
            0,
            0
        ],
        [
            0,
            -1,
            -1,
            0,
            0
        ],
        [
            0,
            0,
            0,
            0,
            0
        ]
    ]
}