{
    "input_text": "A fighter plane is flying through the sky.",
    "target_text": "A prop plane is flying through the sky.",
    "num_tokens": 5,
    "adv_prompts": [
        "a fighter plane is flying through the sky. prop caberclays prop prestigious",
        "a fighter plane is flying through the sky. props svu etihad prop \u2022",
        "a fighter plane is flying through the sky. prop aboard mfc prop sup",
        "a fighter plane is flying through the sky. onboard prop mfc prop shoots",
        "a fighter plane is flying through the sky. pro prop svu shuttputs",
        "a fighter plane is flying through the sky. options prop ops blazers slump",
        "a fighter plane is flying through the sky. prop otc gatwick prop puts",
        "a fighter plane is flying through the sky. prop specialists midwest calvert anarchy",
        "a fighter plane is flying through the sky. otc props ops prop gatwick",
        "a fighter plane is flying through the sky. called prop mfc prop svu"
    ],
    "blip_scores": [
        [
            0,
            0,
            0,
            0,
            0
        ],
        [
            0,
            1,
            0,
            0,
            0
        ],
        [
            1,
            -1,
            0,
            0,
            -1
        ],
        [
            0,
            0,
            0,
            0,
            0
        ],
        [
            1,
            -1,
            0,
            -1,
            0
        ],
        [
            -1,
            -1,
            -1,
            -1,
            -1
        ],
        [
            0,
            -1,
            -1,
            -1,
            -1
        ],
        [
            0,
            0,
            0,
            0,
            1
        ],
        [
            0,
            -1,
            -1,
            0,
            0
        ],
        [
            -1,
            -1,
            -1,
            -1,
            1
        ]
    ]
}