{
    "input_text": "A giraffe standing under a several tree branches.",
    "target_text": "A man standing under a several tree branches.",
    "num_tokens": 5,
    "adv_prompts": [
        "a giraffe standing under a several tree branches. shirtless spectre wildcat instructors mario",
        "a giraffe standing under a several tree branches. women kly conan acoustic instructional",
        "a giraffe standing under a several tree branches. \u300d men cougar guitar lookbook",
        "a giraffe standing under a several tree branches. gotham unboxing manitguitars faces",
        "a giraffe standing under a several tree branches. unreleased dram mario civilians catwoman",
        "a giraffe standing under a several tree branches. perfect cavill manly polyvore spiration",
        "a giraffe standing under a several tree branches. sunglasses trailblazer lineup quilted nordstrom",
        "a giraffe standing under a several tree branches. foreigunboxing catwoman rsd marc",
        "a giraffe standing under a several tree branches. man holds native sander governors",
        "a giraffe standing under a several tree branches. man revolving colombian sebring gmt"
    ],
    "blip_scores": [
        [
            -1,
            0,
            -1,
            0,
            0
        ],
        [
            0,
            0,
            0,
            0,
            1
        ],
        [
            0,
            0,
            0,
            0,
            0
        ],
        [
            -1,
            0,
            0,
            0,
            0
        ],
        [
            0,
            0,
            0,
            0,
            0
        ],
        [
            0,
            0,
            1,
            0,
            1
        ],
        [
            -1,
            0,
            -1,
            -1,
            -1
        ],
        [
            0,
            0,
            0,
            0,
            -1
        ],
        [
            0,
            1,
            0,
            0,
            0
        ],
        [
            0,
            1,
            0,
            0,
            0
        ]
    ]
}