{
    "input_text": "A person holding a surfboard near the ocean. ",
    "target_text": "A person holding a knife near the ocean. ",
    "num_tokens": 5,
    "adv_prompts": [
        "a person holding a surfboard near the ocean. xrp cabinestabbed barbmotorcycle",
        "a person holding a surfboard near the ocean. kkr storytime knives cubs cabbage",
        "a person holding a surfboard near the ocean. brownies ~ screwdriver wallet stabbed",
        "a person holding a surfboard near the ocean. stabbed keychain johor selena pharmaceuticals",
        "a person holding a surfboard near the ocean. bangalore lettuce meringue knife saab",
        "a person holding a surfboard near the ocean. chive sesame covered scissors napoleon",
        "a person holding a surfboard near the ocean. knives struck nip meringue brahms",
        "a person holding a surfboard near the ocean. xrp cabinestabbed glock selena",
        "a person holding a surfboard near the ocean. injection robbery wwe lanyard selena",
        "a person holding a surfboard near the ocean. scissors nip glock jingle slaw"
    ],
    "blip_scores": [
        [
            0,
            0,
            0,
            0,
            0
        ],
        [
            0,
            0,
            0,
            0,
            0
        ],
        [
            0,
            0,
            0,
            0,
            0
        ],
        [
            0,
            0,
            -1,
            0,
            -1
        ],
        [
            0,
            1,
            0,
            0,
            0
        ],
        [
            0,
            0,
            0,
            0,
            0
        ],
        [
            0,
            0,
            0,
            1,
            0
        ],
        [
            -1,
            -1,
            -1,
            0,
            -1
        ],
        [
            0,
            -1,
            0,
            0,
            0
        ],
        [
            -1,
            -1,
            0,
            -1,
            -1
        ]
    ]
}