{
    "input_text": "A baby holding a toy in it's mouth.",
    "target_text": "A baby holding a toothbrush in it's mouth.",
    "num_tokens": 5,
    "adv_prompts": [
        "a baby holding a toy in it's mouth. asperamc spear clubbing toothbrush",
        "a baby holding a toy in it's mouth. tupac percussion toothbrush toothbrush alongside",
        "a baby holding a toy in it's mouth. dragging spiderman toothbrush (& 3",
        "a baby holding a toy in it's mouth. dumped toothbrush | instemechanics",
        "a baby holding a toy in it's mouth. grooves pregnant elvis cosplay toothbrush",
        "a baby holding a toy in it's mouth. spacious jamaican toothbrush fting forks",
        "a baby holding a toy in it's mouth. elvis toothbrush straw unbelievably vibrant",
        "a baby holding a toy in it's mouth. toothbrush probe pretty clubbing straws",
        "a baby holding a toy in it's mouth. teen drumming bone clubbing toothbrush",
        "a baby holding a toy in it's mouth. toothbrush necklace --- futuristic clubbing"
    ],
    "blip_scores": [
        [
            1,
            1,
            0,
            -1,
            0
        ],
        [
            0,
            0,
            1,
            1,
            0
        ],
        [
            0,
            0,
            0,
            -1,
            -1
        ],
        [
            0,
            0,
            0,
            0,
            0
        ],
        [
            0,
            0,
            0,
            0,
            0
        ],
        [
            0,
            -1,
            -1,
            -1,
            1
        ],
        [
            -1,
            0,
            0,
            -1,
            -1
        ],
        [
            0,
            0,
            0,
            1,
            -1
        ],
        [
            0,
            0,
            -1,
            -1,
            0
        ],
        [
            0,
            0,
            -1,
            0,
            0
        ]
    ]
}