{
    "input_text": "A large boulder sitting along a coastal region.",
    "target_text": "A large city sitting along a coastal region.",
    "num_tokens": 5,
    "adv_prompts": [
        "a large boulder sitting along a coastal region. city purge resin martyrs ipa",
        "a large boulder sitting along a coastal region. bakersfield cityscape ipa malbec putin",
        "a large boulder sitting along a coastal region. digimon cityscape sensei peg autograph",
        "a large boulder sitting along a coastal region. gundam maids spokesman polyvore trainers",
        "a large boulder sitting along a coastal region. matcha cityscape filly polymer cadet",
        "a large boulder sitting along a coastal region. betrayal stanton colts session ipa",
        "a large boulder sitting along a coastal region. cityscape cured hazy putin ipa",
        "a large boulder sitting along a coastal region. earrings cityscape opal forged gq",
        "a large boulder sitting along a coastal region. cityscape indiegogo kremlin opal earrings",
        "a large boulder sitting along a coastal region. ryu martyrs ipa forged benedict"
    ],
    "blip_scores": [
        [
            0,
            0,
            0,
            0,
            0
        ],
        [
            0,
            0,
            0,
            0,
            0
        ],
        [
            0,
            0,
            0,
            0,
            0
        ],
        [
            0,
            0,
            0,
            0,
            0
        ],
        [
            0,
            0,
            0,
            0,
            0
        ],
        [
            0,
            0,
            0,
            0,
            0
        ],
        [
            0,
            0,
            0,
            0,
            0
        ],
        [
            0,
            0,
            0,
            0,
            0
        ],
        [
            0,
            0,
            0,
            0,
            0
        ],
        [
            0,
            0,
            0,
            0,
            0
        ]
    ]
}