{
    "input_text": "a chair and a bed in a room",
    "target_text": "a sofa and a bed in a room",
    "num_tokens": 5,
    "adv_prompts": [
        "a chair and a bed in a room sofa brokerbegins sofa tonka",
        "a chair and a bed in a room segment sectionbasically sofa sofa",
        "a chair and a bed in a room sectional \u2013 multiple sofsofa",
        "a chair and a bed in a room sectional fill aligsofa sofa",
        "a chair and a bed in a room forms ssel total sectional sofa",
        "a chair and a bed in a room better sofa -- lepsectional",
        "a chair and a bed in a room sectional fs sofa sofa means",
        "a chair and a bed in a room puts \" east oversized sofa",
        "a chair and a bed in a room sofa sofa brings consulsectional",
        "a chair and a bed in a room sofsectional sofa dfs living"
    ],
    "blip_scores": [
        [
            0,
            0,
            0,
            0,
            0
        ],
        [
            0,
            0,
            0,
            0,
            0
        ],
        [
            0,
            0,
            0,
            0,
            0
        ],
        [
            0,
            0,
            0,
            0,
            0
        ],
        [
            0,
            0,
            0,
            0,
            0
        ],
        [
            0,
            0,
            0,
            0,
            0
        ],
        [
            0,
            0,
            0,
            0,
            0
        ],
        [
            0,
            0,
            0,
            1,
            0
        ],
        [
            0,
            0,
            0,
            0,
            0
        ],
        [
            0,
            0,
            0,
            0,
            0
        ]
    ]
}