{
    "input_text": "A public bathroom area with orange tile walls.",
    "target_text": "A public seating area with orange tile walls.",
    "num_tokens": 5,
    "adv_prompts": [
        "a public bathroom area with orange tile walls. bcci ges trampoline youts \"",
        "a public bathroom area with orange tile walls. sumptuous bench patio seating wallpapers",
        "a public bathroom area with orange tile walls. psd 2 \" jamboree trampoline",
        "a public bathroom area with orange tile walls. cnn townsville ] \" bands",
        "a public bathroom area with orange tile walls. afghanistan eurovision covers park \"",
        "a public bathroom area with orange tile walls. seating \" valuation simpson |",
        "a public bathroom area with orange tile walls. jenna riff sneakerinting chair",
        "a public bathroom area with orange tile walls. appreciating waterfall raises \" bolivia",
        "a public bathroom area with orange tile walls. lunchtime \" seating disorder _",
        "a public bathroom area with orange tile walls. wilshere.... \" medway supercars"
    ],
    "blip_scores": [
        [
            0,
            0,
            0,
            0,
            0
        ],
        [
            1,
            1,
            1,
            1,
            1
        ],
        [
            -1,
            -1,
            -1,
            -1,
            -1
        ],
        [
            0,
            -1,
            -1,
            -1,
            -1
        ],
        [
            -1,
            -1,
            0,
            0,
            -1
        ],
        [
            0,
            0,
            0,
            0,
            -1
        ],
        [
            1,
            -1,
            -1,
            -1,
            1
        ],
        [
            0,
            0,
            0,
            0,
            0
        ],
        [
            0,
            0,
            -1,
            -1,
            0
        ],
        [
            0,
            -1,
            0,
            0,
            -1
        ]
    ]
}