{
    "input_text": "Two witches at a party.",
    "target_text": "Two cats at a party.",
    "num_tokens": 5,
    "adv_prompts": [
        "two witches at a party. humpback fonda sectional \" corgi",
        "two witches at a party. majesty anium bengal \" kitten",
        "two witches at a party. exquisite british cat rspca smartwatch",
        "two witches at a party. gorgeous burmese cats scottsdale bouquet",
        "two witches at a party. tumblr cats enrichment imac wallpaper",
        "two witches at a party. moray landmark cobra hatchback classic",
        "two witches at a party. fiji shetland loaf bengal carpet",
        "two witches at a party. toppings \" sichuan bedding goes",
        "two witches at a party. cat starring sectional skiing \"",
        "two witches at a party. \u2013 dachshund kennel \" luna"
    ],
    "blip_scores": [
        [
            0,
            0,
            0,
            0,
            0
        ],
        [
            0,
            0,
            0,
            0,
            0
        ],
        [
            0,
            1,
            0,
            0,
            0
        ],
        [
            1,
            1,
            0,
            1,
            0
        ],
        [
            0,
            1,
            1,
            1,
            1
        ],
        [
            0,
            0,
            0,
            0,
            0
        ],
        [
            0,
            0,
            0,
            0,
            0
        ],
        [
            0,
            0,
            0,
            0,
            0
        ],
        [
            0,
            1,
            0,
            1,
            0
        ],
        [
            0,
            0,
            0,
            0,
            0
        ]
    ],
    "gense_cos_sim": 0.5234100818634033,
    "clip_cos_sim": 0.6722015738487244
}