{
    "input_text": "A colorful public forum focused on the sinks.",
    "target_text": "A colorful public restroom focused on the sinks.",
    "num_tokens": 5,
    "adv_prompts": [
        "a colorful public forum focused on the sinks. airport attractive restroom with illumination",
        "a colorful public forum focused on the sinks. restroom cabinets admirkyo lighthouse",
        "a colorful public forum focused on the sinks. stunning mcdonald restroom chloe massachusetts",
        "a colorful public forum focused on the sinks. pictured asl toilet themed restroom",
        "a colorful public forum focused on the sinks. campground restroom remodelclient csc",
        "a colorful public forum focused on the sinks. chemotherapy restroom itor asc }",
        "a colorful public forum focused on the sinks. tokyo joshi airport typical restroom",
        "a colorful public forum focused on the sinks. potty aviv restroom tokyo exterior",
        "a colorful public forum focused on the sinks. restroom toilets azzo isolated cence",
        "a colorful public forum focused on the sinks. westworld constantine motel smiling mcu"
    ],
    "blip_scores": [
        [
            0,
            0,
            0,
            0,
            1
        ],
        [
            0,
            0,
            0,
            1,
            0
        ],
        [
            1,
            0,
            1,
            1,
            1
        ],
        [
            1,
            0,
            0,
            1,
            0
        ],
        [
            0,
            0,
            1,
            0,
            0
        ],
        [
            1,
            1,
            0,
            0,
            1
        ],
        [
            0,
            0,
            0,
            1,
            0
        ],
        [
            0,
            0,
            0,
            0,
            0
        ],
        [
            0,
            1,
            1,
            1,
            0
        ],
        [
            0,
            0,
            0,
            0,
            0
        ]
    ]
}