{
    "input_text": "A food item is served on a plate.",
    "target_text": "A food entree is served on a plate.",
    "num_tokens": 5,
    "adv_prompts": [
        "a food item is served on a plate. squire statewide skillet veal incredible",
        "a food item is served on a plate. complete terre prepped steakhouse lush",
        "a food item is served on a plate. morse coat grilling -- starters",
        "a food item is served on a plate. veal unbelievable dining transformed tx",
        "a food item is served on a plate. chicken masterclass apron hybrid tenerife",
        "a food item is served on a plate. shergourmet massive female tuna",
        "a food item is served on a plate. wildfire medley incredible los steak",
        "a food item is served on a plate. seared salad ': uc insane",
        "a food item is served on a plate. xtreme tenerife upside coney salad",
        "a food item is served on a plate. treble meals xxl ultimate steakhouse"
    ],
    "blip_scores": [
        [
            0,
            0,
            0,
            0,
            0
        ],
        [
            0,
            0,
            0,
            0,
            0
        ],
        [
            0,
            0,
            0,
            0,
            0
        ],
        [
            0,
            0,
            0,
            0,
            0
        ],
        [
            0,
            0,
            0,
            0,
            0
        ],
        [
            0,
            0,
            0,
            0,
            0
        ],
        [
            0,
            0,
            0,
            0,
            0
        ],
        [
            0,
            0,
            0,
            0,
            0
        ],
        [
            0,
            0,
            0,
            0,
            0
        ],
        [
            0,
            0,
            0,
            0,
            0
        ]
    ]
}