{
    "input_text": "A small boy sitting on a shopping cart",
    "target_text": "A small boy sitting on a luggage cart",
    "num_tokens": 5,
    "adv_prompts": [
        "a small boy sitting on a shopping cart stool boards departure shed luggage",
        "a small boy sitting on a shopping cart transfer luggage machine'fergus",
        "a small boy sitting on a shopping cart cbp baggage transporter beatrice turntable",
        "a small boy sitting on a shopping cart luggage acker surface sweeping amtrak",
        "a small boy sitting on a shopping cart baggage spotter player bendigo suitcase",
        "a small boy sitting on a shopping cart pavilion amr luggage train gate",
        "a small boy sitting on a shopping cart boards baggage car gate lifter",
        "a small boy sitting on a shopping cart gare luggage transporter's furnace",
        "a small boy sitting on a shopping cart baggage bridge imported absolutely suitcase",
        "a small boy sitting on a shopping cart baggage couch benson ual suitcase"
    ],
    "blip_scores": [
        [
            1,
            -1,
            -1,
            -1,
            1
        ],
        [
            0,
            0,
            0,
            1,
            -1
        ],
        [
            0,
            0,
            0,
            0,
            0
        ],
        [
            0,
            -1,
            -1,
            -1,
            0
        ],
        [
            1,
            0,
            1,
            0,
            0
        ],
        [
            0,
            0,
            -1,
            1,
            0
        ],
        [
            0,
            0,
            0,
            0,
            0
        ],
        [
            -1,
            -1,
            0,
            -1,
            -1
        ],
        [
            0,
            1,
            1,
            -1,
            0
        ],
        [
            0,
            0,
            0,
            0,
            -1
        ]
    ]
}