{
    "input_text": "a woman cooking in the kitchen.",
    "target_text": "a man cooking in the kitchen.",
    "num_tokens": 5,
    "adv_prompts": [
        "a woman cooking in the kitchen. lavender deco rug smen luis",
        "a woman cooking in the kitchen. matt captain displaying gents doug",
        "a woman cooking in the kitchen. men alfonso entertain eclectic matt",
        "a woman cooking in the kitchen. download men masterchef marx bob",
        "a woman cooking in the kitchen. men lookbook manatee mani jeff",
        "a woman cooking in the kitchen. mens t midi knitted djokovic",
        "a woman cooking in the kitchen. men main hoodie tucson organic",
        "a woman cooking in the kitchen. profile mariners his zog matt",
        "a woman cooking in the kitchen. => man cuddles battered donny",
        "a woman cooking in the kitchen. mens cardigan organiccose marc"
    ],
    "blip_scores": [
        [
            0,
            0,
            1,
            1,
            1
        ],
        [
            0,
            0,
            1,
            -1,
            0
        ],
        [
            1,
            0,
            1,
            0,
            1
        ],
        [
            1,
            0,
            1,
            1,
            1
        ],
        [
            1,
            0,
            0,
            1,
            1
        ],
        [
            1,
            1,
            1,
            0,
            1
        ],
        [
            1,
            1,
            1,
            1,
            1
        ],
        [
            1,
            1,
            1,
            1,
            1
        ],
        [
            0,
            1,
            0,
            0,
            0
        ],
        [
            0,
            0,
            0,
            1,
            0
        ]
    ],
    "success": 7
}