{
    "input_text": "A man on a beach flying a kite",
    "target_text": "A man on a motorcycle flying a kite",
    "num_tokens": 5,
    "adv_prompts": [
        "a man on a beach flying a kite joyride engineering motorcycle attending bracelet",
        "a man on a beach flying a kite motorcycle window tops franchise motorcycle",
        "a man on a beach flying a kite motorcycle motorcycle simba princess 'd",
        "a man on a beach flying a kite motorcycle motorcycle pramcooked soap",
        "a man on a beach flying a kite fords motorcycle another motorcycle \u092e",
        "a man on a beach flying a kite motorcycle motorcycle anda potty pad",
        "a man on a beach flying a kite motorcycle has dropping bulldogs replacement",
        "a man on a beach flying a kite motorcycle dong inside \u00e1ical",
        "a man on a beach flying a kite motorcycle joined macedonia motorcycle 9",
        "a man on a beach flying a kite atop motorbike motorcycle dash \u300f"
    ],
    "blip_scores": [
        [
            0,
            0,
            0,
            0,
            0
        ],
        [
            0,
            0,
            0,
            0,
            1
        ],
        [
            0,
            1,
            0,
            1,
            0
        ],
        [
            0,
            1,
            0,
            0,
            1
        ],
        [
            0,
            0,
            0,
            0,
            0
        ],
        [
            0,
            0,
            0,
            -1,
            0
        ],
        [
            0,
            0,
            0,
            0,
            1
        ],
        [
            0,
            0,
            0,
            -1,
            0
        ],
        [
            0,
            0,
            0,
            0,
            0
        ],
        [
            0,
            0,
            1,
            0,
            0
        ]
    ]
}