{
    "input_text": "A kitchen filled with lots of counter space.",
    "target_text": "A space filled with lots of counter space.",
    "num_tokens": 5,
    "adv_prompts": [
        "a kitchen filled with lots of counter space. medication flee outlaw space cassette",
        "a kitchen filled with lots of counter space. drugs occupied elsewhere snaps lp",
        "a kitchen filled with lots of counter space. myspace drenched spacecraft wick void",
        "a kitchen filled with lots of counter space. myspace reached pace tracklist ditions",
        "a kitchen filled with lots of counter space. station sized avoidance relics ep",
        "a kitchen filled with lots of counter space. milliislam mouthautographed parody",
        "a kitchen filled with lots of counter space. spacecraft mixtape culture wasted signed",
        "a kitchen filled with lots of counter space. space violence tracklist activated medication",
        "a kitchen filled with lots of counter space. space sfield session censorship ep",
        "a kitchen filled with lots of counter space. space rampage nme mukapparel"
    ],
    "blip_scores": [
        [
            0,
            0,
            0,
            0,
            0
        ],
        [
            1,
            -1,
            0,
            0,
            0
        ],
        [
            0,
            0,
            0,
            0,
            0
        ],
        [
            0,
            0,
            0,
            0,
            0
        ],
        [
            0,
            0,
            0,
            0,
            0
        ],
        [
            0,
            0,
            0,
            0,
            0
        ],
        [
            0,
            0,
            0,
            0,
            0
        ],
        [
            0,
            0,
            0,
            0,
            0
        ],
        [
            0,
            0,
            1,
            0,
            0
        ],
        [
            0,
            0,
            0,
            1,
            0
        ]
    ]
}