{
    "input_text": "A black cat sitting outside a small cottage.",
    "target_text": "A black bench sitting outside a small cottage.",
    "num_tokens": 5,
    "adv_prompts": [
        "a black cat sitting outside a small cottage. stretched benches yamaha keyboard atlantis",
        "a black cat sitting outside a small cottage. luscious benches brant pelicans cory",
        "a black cat sitting outside a small cottage. upright brentwood bench costco ultimate",
        "a black cat sitting outside a small cottage. leopold bench reviewed costco wilton",
        "a black cat sitting outside a small cottage. gatwick benches adjustable bench chateau",
        "a black cat sitting outside a small cottage. benches diecast bench buick longhorn",
        "a black cat sitting outside a small cottage. gilded benches airsoft reopens alton",
        "a black cat sitting outside a small cottage. caracas finish bunk bench alexis",
        "a black cat sitting outside a small cottage. bagh hearthstone benches roblox alastair",
        "a black cat sitting outside a small cottage. benches brendon bench \u2122 costco"
    ],
    "blip_scores": [
        [
            0,
            0,
            0,
            0,
            0
        ],
        [
            0,
            0,
            0,
            0,
            0
        ],
        [
            0,
            0,
            0,
            1,
            0
        ],
        [
            0,
            0,
            0,
            0,
            0
        ],
        [
            0,
            0,
            0,
            0,
            0
        ],
        [
            0,
            0,
            0,
            0,
            0
        ],
        [
            0,
            0,
            0,
            1,
            -1
        ],
        [
            0,
            0,
            0,
            0,
            0
        ],
        [
            1,
            0,
            0,
            0,
            0
        ],
        [
            0,
            0,
            0,
            0,
            0
        ]
    ]
}