{
    "input_text": "a man on a motorcycle in mid air ",
    "target_text": "a man on a skateboard in mid air ",
    "num_tokens": 5,
    "adv_prompts": [
        "a man on a motorcycle in mid air noida skateboard bowls ftw geddon",
        "a man on a motorcycle in mid air skateboard gained andrew dailskateboarding",
        "a man on a motorcycle in mid air skateboard professionalism gurgaon skateboard institutional",
        "a man on a motorcycle in mid air gurgaon skateboard matchup ign whistleblower",
        "a man on a motorcycle in mid air skateboard boardwalk bowling pedagogy noida",
        "a man on a motorcycle in mid air noida skateboard competitsuspecbudding",
        "a man on a motorcycle in mid air?? skateboard billeaderboard \"",
        "a man on a motorcycle in mid air localized skateboard oversockprofessionalism",
        "a man on a motorcycle in mid air skateboard guwahati guertoothpaste professionalism",
        "a man on a motorcycle in mid air skateboard trainees gurgaon anglodebating"
    ],
    "blip_scores": [
        [
            1,
            1,
            0,
            1,
            1
        ],
        [
            1,
            0,
            1,
            1,
            0
        ],
        [
            1,
            1,
            1,
            0,
            0
        ],
        [
            1,
            0,
            1,
            1,
            1
        ],
        [
            0,
            0,
            1,
            0,
            1
        ],
        [
            -1,
            1,
            1,
            1,
            0
        ],
        [
            0,
            -1,
            1,
            1,
            1
        ],
        [
            1,
            1,
            -1,
            -1,
            0
        ],
        [
            -1,
            0,
            1,
            -1,
            -1
        ],
        [
            1,
            1,
            -1,
            1,
            0
        ]
    ]
}