{
    "input_text": "a newly wed couple celebrating with a baby",
    "target_text": "a newly wed couple celebrating with a toast",
    "num_tokens": 5,
    "adv_prompts": [
        "a newly wed couple celebrating with a baby toast sey painted winestraps",
        "a newly wed couple celebrating with a baby toast cheers printed limousvests",
        "a newly wed couple celebrating with a baby merlot toast cts casetoast",
        "a newly wed couple celebrating with a baby accident act co toast toast",
        "a newly wed couple celebrating with a baby ggi collections toast sparkling pinot",
        "a newly wed couple celebrating with a baby toast wine mosa finders sofa",
        "a newly wed couple celebrating with a baby huey vineyard crystal quotation toast",
        "a newly wed couple celebrating with a baby buzz toast asts covering toasted",
        "a newly wed couple celebrating with a baby tale toast champagne ccm holliday",
        "a newly wed couple celebrating with a baby toast nordstrom sauvignon gaztoast"
    ],
    "blip_scores": [
        [
            1,
            1,
            0,
            0,
            1
        ],
        [
            1,
            1,
            1,
            1,
            0
        ],
        [
            1,
            1,
            1,
            1,
            1
        ],
        [
            1,
            1,
            1,
            1,
            0
        ],
        [
            1,
            1,
            1,
            1,
            1
        ],
        [
            1,
            1,
            1,
            1,
            1
        ],
        [
            1,
            1,
            1,
            1,
            1
        ],
        [
            1,
            1,
            1,
            1,
            1
        ],
        [
            1,
            1,
            1,
            1,
            1
        ],
        [
            1,
            1,
            1,
            1,
            1
        ]
    ]
}