{
    "input_text": "a man staring right into the camera ",
    "target_text": "a giraffe staring right into the camera ",
    "num_tokens": 5,
    "adv_prompts": [
        "a man staring right into the camera giraffe wahsochi stalking reserve",
        "a man staring right into the camera giraffe res wildlife reaching royalty",
        "a man staring right into the camera giraffe wildlife emerging conclusion tracy",
        "a man staring right into the camera giraffe elding natures've breathtaking",
        "a man staring right into the camera quickly sures giraffe surviving through",
        "a man staring right into the camera sbymy owned giraffe reaching",
        "a man staring right into the camera giraffe natutically snarvely",
        "a man staring right into the camera giraffe partially vigiluring dans",
        "a man staring right into the camera giraffe observing breach daytime",
        "a man staring right into the camera heres ] giraffe looking wildlife"
    ],
    "blip_scores": [
        [
            1,
            1,
            1,
            0,
            1
        ],
        [
            1,
            1,
            1,
            1,
            1
        ],
        [
            1,
            1,
            1,
            1,
            1
        ],
        [
            1,
            1,
            0,
            0,
            1
        ],
        [
            1,
            0,
            1,
            1,
            1
        ],
        [
            1,
            1,
            1,
            0,
            1
        ],
        [
            1,
            1,
            0,
            1,
            1
        ],
        [
            1,
            1,
            1,
            1,
            1
        ],
        [
            0,
            0,
            0,
            1,
            0
        ],
        [
            1,
            1,
            1,
            1,
            1
        ]
    ]
}