{
    "input_text": "A pristine lake in a valley.",
    "target_text": "A frozen lake in a valley.",
    "num_tokens": 5,
    "adv_prompts": [
        "a pristine lake in a valley. frozen ice facing network %;",
        "a pristine lake in a valley. frozen fence frosted field \u2026..",
        "a pristine lake in a valley. frozen iced walkway.) ;",
        "a pristine lake in a valley. frozen ice insiders frosted field",
        "a pristine lake in a valley. frozen iced people surface prominent",
        "a pristine lake in a valley. :( frozen frozen ice surface",
        "a pristine lake in a valley. frozen frozen insiders valley surface",
        "a pristine lake in a valley. seville frozen lake frozen walkway",
        "a pristine lake in a valley. \u2764 frozen fields iced pictured",
        "a pristine lake in a valley. )/ ): frozen wego seascape"
    ],
    "blip_scores": [
        [
            1,
            1,
            1,
            1,
            1
        ],
        [
            1,
            1,
            1,
            0,
            1
        ],
        [
            1,
            1,
            1,
            0,
            1
        ],
        [
            0,
            1,
            1,
            1,
            1
        ],
        [
            -1,
            1,
            0,
            -1,
            1
        ],
        [
            1,
            0,
            1,
            1,
            1
        ],
        [
            1,
            1,
            1,
            0,
            1
        ],
        [
            1,
            1,
            1,
            1,
            1
        ],
        [
            1,
            1,
            1,
            1,
            1
        ],
        [
            1,
            0,
            1,
            1,
            1
        ]
    ],
    "gense_cos_sim": 0.8159492611885071,
    "clip_cos_sim": 0.8286727666854858
}