{
    "input_text": "a spoon next to a glass of beer ",
    "target_text": "a pizza next to a glass of beer ",
    "num_tokens": 5,
    "adv_prompts": [
        "a spoon next to a glass of beer?: sunset wolfe quiche pizza",
        "a spoon next to a glass of beer pizza rosepizza surrounded wolfgang",
        "a spoon next to a glass of beer restless ': pizza cherished pizza",
        "a spoon next to a glass of beer chattanooga autographed pizza quiche zs",
        "a spoon next to a glass of beer?: flour rooted venezuelan pizza",
        "a spoon next to a glass of beer ': pizza victorious galapagos pizza",
        "a spoon next to a glass of beer pizza xbox petting wolpizza",
        "a spoon next to a glass of beer pizza pepperoni attencheesecake fort",
        "a spoon next to a glass of beer stimulus chess pizza \u2665 chattanooga",
        "a spoon next to a glass of beer quiche pizza resilient \u2665 frontier"
    ],
    "blip_scores": [
        [
            0,
            1,
            1,
            1,
            0
        ],
        [
            0,
            1,
            1,
            1,
            1
        ],
        [
            1,
            0,
            1,
            1,
            0
        ],
        [
            1,
            0,
            1,
            1,
            0
        ],
        [
            1,
            1,
            1,
            0,
            1
        ],
        [
            1,
            0,
            1,
            1,
            1
        ],
        [
            1,
            1,
            0,
            1,
            1
        ],
        [
            1,
            1,
            0,
            1,
            1
        ],
        [
            1,
            1,
            1,
            1,
            0
        ],
        [
            1,
            0,
            1,
            1,
            0
        ]
    ]
}