{
    "input_text": "A neatly made bed with a red sheet. ",
    "target_text": "A neatly made rectangle with a red sheet. ",
    "num_tokens": 5,
    "adv_prompts": [
        "a neatly made bed with a red sheet. naruto pancreatic \" dodgeball developer",
        "a neatly made bed with a red sheet. spicer ragnarok missile tears \"",
        "a neatly made bed with a red sheet. \" wizarrockets studios font",
        "a neatly made bed with a red sheet. mash barron \" pec editor",
        "a neatly made bed with a red sheet. sls rectangular eastbourne ohio dining",
        "a neatly made bed with a red sheet. muk professionalism adopts \u00ae pancreatic",
        "a neatly made bed with a red sheet. shoulder \" hk mckinnon collector",
        "a neatly made bed with a red sheet. helen kamloops panzer ivanka baylor",
        "a neatly made bed with a red sheet. rectangular zone breakaway. classic",
        "a neatly made bed with a red sheet. \" dodgeball mep romance prosecutor"
    ],
    "blip_scores": [
        [
            0,
            0,
            0,
            0,
            -1
        ],
        [
            -1,
            -1,
            -1,
            -1,
            0
        ],
        [
            0,
            -1,
            -1,
            0,
            0
        ],
        [
            -1,
            -1,
            0,
            0,
            0
        ],
        [
            -1,
            -1,
            -1,
            -1,
            -1
        ],
        [
            -1,
            -1,
            -1,
            -1,
            -1
        ],
        [
            -1,
            0,
            -1,
            0,
            0
        ],
        [
            -1,
            -1,
            -1,
            -1,
            -1
        ],
        [
            -1,
            0,
            -1,
            -1,
            -1
        ],
        [
            0,
            0,
            0,
            0,
            0
        ]
    ]
}