{
    "input_text": "A couple people in the water flying kites.",
    "target_text": "A couple people in the sky flying kites.",
    "num_tokens": 5,
    "adv_prompts": [
        "a couple people in the water flying kites. xian boar fresco ceramics survey",
        "a couple people in the water flying kites. unchanged skype?: finishers earrings",
        "a couple people in the water flying kites. tracing utm xion ceramics jars",
        "a couple people in the water flying kites. ceramics clouds treasury cat mold",
        "a couple people in the water flying kites. collab cannabis glaze pottery producer",
        "a couple people in the water flying kites. cityscape ambassador oodle bridge surveying",
        "a couple people in the water flying kites. upcycled michaela potterskype necklace",
        "a couple people in the water flying kites. watercolour earrings remembers ece jimenez",
        "a couple people in the water flying kites. reebok tedxstry belize quotes",
        "a couple people in the water flying kites. sky kraken author freebies badges"
    ],
    "blip_scores": [
        [
            0,
            0,
            0,
            0,
            0
        ],
        [
            0,
            0,
            0,
            0,
            0
        ],
        [
            0,
            0,
            0,
            0,
            0
        ],
        [
            0,
            0,
            0,
            0,
            0
        ],
        [
            0,
            0,
            0,
            0,
            0
        ],
        [
            0,
            0,
            1,
            1,
            0
        ],
        [
            0,
            0,
            0,
            0,
            0
        ],
        [
            0,
            0,
            0,
            0,
            0
        ],
        [
            -1,
            0,
            -1,
            0,
            0
        ],
        [
            0,
            0,
            0,
            0,
            0
        ]
    ]
}