{
    "input_text": "A pickup truck is surrounded by a fence.",
    "target_text": "A construction truck is surrounded by a fence.",
    "num_tokens": 5,
    "adv_prompts": [
        "a pickup truck is surrounded by a fence. construction helmets adidas nederland gemstone",
        "a pickup truck is surrounded by a fence. amidst construction reflects fairfax metaphor",
        "a pickup truck is surrounded by a fence. construction grader displaying semester puffs",
        "a pickup truck is surrounded by a fence. cones boba protesting helmets squirrel",
        "a pickup truck is surrounded by a fence. paving equip duval operator saigon",
        "a pickup truck is surrounded by a fence. epcot renovation scaffolding cranes roddy",
        "a pickup truck is surrounded by a fence. singapore digger signage mcgrath expressway",
        "a pickup truck is surrounded by a fence. setlist bts intervention supersonic macau",
        "a pickup truck is surrounded by a fence. cement handler onsite flyover maharashtra",
        "a pickup truck is surrounded by a fence. worker helmet viaduct reflection nagpur"
    ],
    "blip_scores": [
        [
            0,
            0,
            0,
            0,
            0
        ],
        [
            0,
            1,
            0,
            -1,
            1
        ],
        [
            0,
            0,
            0,
            0,
            0
        ],
        [
            0,
            0,
            0,
            0,
            0
        ],
        [
            0,
            0,
            0,
            0,
            0
        ],
        [
            0,
            0,
            0,
            0,
            0
        ],
        [
            0,
            1,
            0,
            0,
            1
        ],
        [
            0,
            0,
            0,
            0,
            0
        ],
        [
            0,
            0,
            0,
            0,
            0
        ],
        [
            0,
            0,
            0,
            0,
            0
        ]
    ]
}