{
    "input_text": "A duck and baby ducks in the water.",
    "target_text": "A duck and baby ducks in the foreground.",
    "num_tokens": 5,
    "adv_prompts": [
        "a duck and baby ducks in the water. jeremihidury foreground peeking",
        "a duck and baby ducks in the water. rtw girl asses aka foreground",
        "a duck and baby ducks in the water. shoeboxnist foreground amongst",
        "a duck and baby ducks in the water. volunteers campground blurry foreground looking",
        "a duck and baby ducks in the water. entitled those tebow foreground foreground",
        "a duck and baby ducks in the water. cosplayer overlooking mauro,. foreground",
        "a duck and baby ducks in the water. his kindergarten photobomb foreground look",
        "a duck and baby ducks in the water. richie ckers foreground showing tents",
        "a duck and baby ducks in the water. foreground amidst proms dolls before",
        "a duck and baby ducks in the water. dennis foreground peeking me campsite"
    ],
    "blip_scores": [
        [
            0,
            0,
            0,
            0,
            0
        ],
        [
            -1,
            0,
            0,
            0,
            0
        ],
        [
            -1,
            -1,
            0,
            0,
            0
        ],
        [
            -1,
            -1,
            0,
            0,
            -1
        ],
        [
            -1,
            -1,
            -1,
            0,
            -1
        ],
        [
            0,
            0,
            0,
            0,
            0
        ],
        [
            0,
            0,
            0,
            -1,
            0
        ],
        [
            -1,
            -1,
            -1,
            -1,
            0
        ],
        [
            0,
            0,
            0,
            0,
            0
        ],
        [
            0,
            0,
            0,
            0,
            -1
        ]
    ]
}