{
    "input_text": "A red icing doughnut with sprinkles on top.",
    "target_text": "A red velvet doughnut with sprinkles on top.",
    "num_tokens": 5,
    "adv_prompts": [
        "a red icing doughnut with sprinkles on top. sheikh jogging seniors lightweight sweatshirt",
        "a red icing doughnut with sprinkles on top. bottlencabernet tides unlocked sweatshirt",
        "a red icing doughnut with sprinkles on top. kilkenny hummingbird rick lightweight sweatshirt",
        "a red icing doughnut with sprinkles on top. minnesota velvet thunderbirds commissioned sweatshirt",
        "a red icing doughnut with sprinkles on top. limestone winery bilateral hoodies \u2122",
        "a red icing doughnut with sprinkles on top. suppliers \u2122 rainforest albania sweatshirt",
        "a red icing doughnut with sprinkles on top. minneapolis tripadvisor lightweight horseracing sweatshirt",
        "a red icing doughnut with sprinkles on top. denim manifest tripadvisor yeah sweatshirt",
        "a red icing doughnut with sprinkles on top. dma taproom comparisons tripadvisor sweatshirt",
        "a red icing doughnut with sprinkles on top. caesar motorcycles unlocked redskins sweatshirt"
    ],
    "blip_scores": [
        [
            0,
            0,
            -1,
            0,
            -1
        ],
        [
            0,
            0,
            -1,
            0,
            0
        ],
        [
            0,
            0,
            0,
            0,
            0
        ],
        [
            0,
            0,
            -1,
            0,
            0
        ],
        [
            0,
            -1,
            0,
            0,
            0
        ],
        [
            0,
            -1,
            0,
            0,
            0
        ],
        [
            0,
            0,
            0,
            0,
            0
        ],
        [
            0,
            0,
            0,
            0,
            0
        ],
        [
            0,
            0,
            -1,
            0,
            -1
        ],
        [
            0,
            0,
            0,
            0,
            0
        ]
    ]
}