{
    "input_text": "A man standing in a open grass field.",
    "target_text": "A sheep standing in a open grass field.",
    "num_tokens": 5,
    "adv_prompts": [
        "a man standing in a open grass field. crested sheep smiling relessly \"",
        "a man standing in a open grass field. youngster sheep drinking.( stock",
        "a man standing in a open grass field. bse ): sheep smiling awesomeness",
        "a man standing in a open grass field. sheep making snazzy anchocuteness",
        "a man standing in a open grass field. photogenic sheep spalwith ost",
        "a man standing in a open grass field. juvenile sheep lookingsnazzy awesomeness",
        "a man standing in a open grass field. glossy sheep snacking a milky",
        "a man standing in a open grass field. sheep seemingly informal folsom switzerland",
        "a man standing in a open grass field. photogenic sheep revisiting by busted",
        "a man standing in a open grass field. sheep in aussiapproaching webster"
    ],
    "blip_scores": [
        [
            1,
            0,
            -1,
            1,
            -1
        ],
        [
            1,
            1,
            1,
            1,
            1
        ],
        [
            1,
            -1,
            1,
            1,
            1
        ],
        [
            1,
            1,
            0,
            1,
            1
        ],
        [
            1,
            1,
            1,
            1,
            1
        ],
        [
            1,
            1,
            1,
            1,
            1
        ],
        [
            0,
            -1,
            1,
            1,
            0
        ],
        [
            0,
            -1,
            -1,
            1,
            1
        ],
        [
            1,
            -1,
            1,
            0,
            -1
        ],
        [
            -1,
            0,
            1,
            -1,
            -1
        ]
    ]
}