{
    "input_text": "A skateboarder rides along a diagonally slanted wall.",
    "target_text": "A train rides along a diagonally slanted wall.",
    "num_tokens": 5,
    "adv_prompts": [
        "a skateboarder rides along a diagonally slanted wall. train black karaoke - earrings",
        "a skateboarder rides along a diagonally slanted wall. nagpur malayalam transcript train redesign",
        "a skateboarder rides along a diagonally slanted wall. trains........ bus wire cufflinks",
        "a skateboarder rides along a diagonally slanted wall. railway trains architects kerala powerpoint",
        "a skateboarder rides along a diagonally slanted wall. railroad teapot dialogues earrings black",
        "a skateboarder rides along a diagonally slanted wall. train reflected locomotive \u300d earrings",
        "a skateboarder rides along a diagonally slanted wall. train engines junglelego roblox",
        "a skateboarder rides along a diagonally slanted wall. friendship wakesuspicious train cufflinks",
        "a skateboarder rides along a diagonally slanted wall. lyrics railway orchestra ravinanniversary",
        "a skateboarder rides along a diagonally slanted wall. train minecraft locomotive youtubeitalian"
    ],
    "blip_scores": [
        [
            0,
            0,
            0,
            0,
            0
        ],
        [
            0,
            0,
            0,
            0,
            0
        ],
        [
            0,
            0,
            0,
            0,
            0
        ],
        [
            0,
            0,
            0,
            0,
            0
        ],
        [
            0,
            0,
            0,
            0,
            0
        ],
        [
            0,
            0,
            0,
            0,
            0
        ],
        [
            0,
            0,
            0,
            0,
            0
        ],
        [
            0,
            0,
            0,
            0,
            0
        ],
        [
            0,
            -1,
            0,
            0,
            -1
        ],
        [
            0,
            0,
            0,
            0,
            0
        ]
    ]
}