{
    "input_text": "a couple of knifes are near a tree",
    "target_text": "a couple of knifes are near a vegetable",
    "num_tokens": 5,
    "adv_prompts": [
        "a couple of knifes are near a tree frog vegetable is celery unacceptable",
        "a couple of knifes are near a tree vens celery violated unstoppable vegetable",
        "a couple of knifes are near a tree cutters celery unfortunate vegetables half",
        "a couple of knifes are near a tree mop cut radish intensivegetable",
        "a couple of knifes are near a tree artichoke bits please vegetables zucchini",
        "a couple of knifes are near a tree vens vegetable summed vegetable'm",
        "a couple of knifes are near a tree blondie packer vegetable participates celery",
        "a couple of knifes are near a tree fibre sweetie stravegetables lettuce",
        "a couple of knifes are near a tree rite haired vegetables verizsemi",
        "a couple of knifes are near a tree leek friend fills unacceptable vegetable"
    ],
    "blip_scores": [
        [
            0,
            0,
            0,
            1,
            0
        ],
        [
            0,
            1,
            1,
            1,
            0
        ],
        [
            1,
            0,
            1,
            1,
            1
        ],
        [
            0,
            1,
            1,
            0,
            1
        ],
        [
            0,
            1,
            1,
            1,
            0
        ],
        [
            1,
            1,
            1,
            1,
            1
        ],
        [
            1,
            1,
            0,
            1,
            1
        ],
        [
            1,
            1,
            1,
            1,
            0
        ],
        [
            0,
            1,
            0,
            1,
            0
        ],
        [
            1,
            1,
            0,
            1,
            1
        ]
    ]
}