{
    "input_text": "A picture shows old computers, mouse and keyboards.",
    "target_text": "A picture shows old computers, mice and keyboards.",
    "num_tokens": 5,
    "adv_prompts": [
        "a picture shows old computers, mouse and keyboards. kies gemstones blankets midget poop",
        "a picture shows old computers, mouse and keyboards. mep aesthetics customs swivel stitches",
        "a picture shows old computers, mouse and keyboards. turkey ftp mins publisher estimates",
        "a picture shows old computers, mouse and keyboards. ninjas bumps mite deadlines fueling",
        "a picture shows old computers, mouse and keyboards. kies heels spiration moths swimwear",
        "a picture shows old computers, mouse and keyboards. mice moths seuss twists broke",
        "a picture shows old computers, mouse and keyboards. headlights pending fleek ups inspires",
        "a picture shows old computers, mouse and keyboards. germs backpacks moths bearing pics",
        "a picture shows old computers, mouse and keyboards. flea stles wondering yrs mics",
        "a picture shows old computers, mouse and keyboards. isles teachers germs grandchildren atkinson"
    ],
    "blip_scores": [
        [
            0,
            0,
            0,
            0,
            0
        ],
        [
            0,
            0,
            0,
            0,
            0
        ],
        [
            -1,
            0,
            0,
            0,
            0
        ],
        [
            0,
            0,
            0,
            0,
            0
        ],
        [
            0,
            0,
            0,
            0,
            0
        ],
        [
            0,
            0,
            0,
            0,
            0
        ],
        [
            0,
            0,
            0,
            -1,
            0
        ],
        [
            0,
            0,
            0,
            0,
            -1
        ],
        [
            0,
            0,
            0,
            0,
            0
        ],
        [
            0,
            0,
            1,
            0,
            0
        ]
    ]
}