{
    "input_text": "A jar contains baby carrots and other food.",
    "target_text": "A bowl contains baby carrots and other food.",
    "num_tokens": 5,
    "adv_prompts": [
        "a jar contains baby carrots and other food. glossy ransomware bowl candice silicone",
        "a jar contains baby carrots and other food. silverstone yixing iron ransomware bowl",
        "a jar contains baby carrots and other food. ultrasound wifi bowl ceramthickness",
        "a jar contains baby carrots and other food. latex alsace sturdy bowl without",
        "a jar contains baby carrots and other food. pottery saut\u00e9ed bowl coupe forbes",
        "a jar contains baby carrots and other food. bronte eval bowl ceramconsolidation",
        "a jar contains baby carrots and other food. andes withdrawal bowl stand pottery",
        "a jar contains baby carrots and other food. ultrasound bowl bowl wrought stand",
        "a jar contains baby carrots and other food. ultrasound bowl inese ceramic coupe",
        "a jar contains baby carrots and other food. wine bowls bowl enamel acer"
    ],
    "blip_scores": [
        [
            0,
            0,
            0,
            0,
            1
        ],
        [
            0,
            1,
            0,
            0,
            0
        ],
        [
            0,
            1,
            0,
            0,
            1
        ],
        [
            0,
            0,
            0,
            0,
            0
        ],
        [
            1,
            0,
            0,
            0,
            1
        ],
        [
            1,
            1,
            0,
            0,
            0
        ],
        [
            0,
            0,
            0,
            0,
            0
        ],
        [
            1,
            1,
            1,
            0,
            1
        ],
        [
            1,
            0,
            0,
            0,
            0
        ],
        [
            1,
            1,
            0,
            0,
            0
        ]
    ]
}