{
    "input_text": "A picture of a clean living room. ",
    "target_text": "A picture of a clean dorm room. ",
    "num_tokens": 5,
    "adv_prompts": [
        "a picture of a clean living room. ssin roswell \u2014 quez dorm",
        "a picture of a clean living room. \u2013 lol (: dorm dorm",
        "a picture of a clean living room. dorm \u2013 dorm ;) style",
        "a picture of a clean living room. dorm sia \u2013 mink dorm",
        "a picture of a clean living room. dorm ation psi dorm \u2014",
        "a picture of a clean living room. worn drie ecc dorm kildare",
        "a picture of a clean living room. andrew marc dorm dorm |",
        "a picture of a clean living room. dorm's dorm dorm inspo",
        "a picture of a clean living room. double mere dorm horseshoe dorm",
        "a picture of a clean living room. dorm dorm \u2013 room aesthetic"
    ],
    "blip_scores": [
        [
            0,
            -1,
            0,
            0,
            0
        ],
        [
            0,
            0,
            -1,
            0,
            0
        ],
        [
            0,
            0,
            0,
            -1,
            0
        ],
        [
            -1,
            -1,
            0,
            -1,
            -1
        ],
        [
            0,
            -1,
            0,
            0,
            0
        ],
        [
            0,
            0,
            -1,
            0,
            0
        ],
        [
            0,
            0,
            0,
            0,
            -1
        ],
        [
            0,
            0,
            0,
            0,
            0
        ],
        [
            0,
            0,
            0,
            1,
            0
        ],
        [
            0,
            -1,
            0,
            0,
            0
        ]
    ]
}