{
    "input_text": "A bathroom with a bathtub and a toilet.",
    "target_text": "A house with a bathtub and a toilet.",
    "num_tokens": 5,
    "adv_prompts": [
        "a bathroom with a bathtub and a toilet. protesting ( margins collectible confessions",
        "a bathroom with a bathtub and a toilet. thouse protester spokesman commentpher",
        "a bathroom with a bathtub and a toilet. mps backer legacy edit protesting",
        "a bathroom with a bathtub and a toilet. s house pilgrimage :// memes",
        "a bathroom with a bathtub and a toilet. layered house shu contributors essay",
        "a bathroom with a bathtub and a toilet. defamation thouse trip royalty protesting",
        "a bathroom with a bathtub and a toilet. ghouse houses watching activists politics",
        "a bathroom with a bathtub and a toilet. house protesting marketer sponsor",
        "a bathroom with a bathtub and a toilet. ouses house blowing fudge campaign",
        "a bathroom with a bathtub and a toilet. musings domains houses affilihouses"
    ],
    "blip_scores": [
        [
            -1,
            0,
            -1,
            -1,
            0
        ],
        [
            0,
            -1,
            -1,
            -1,
            -1
        ],
        [
            0,
            -1,
            -1,
            -1,
            -1
        ],
        [
            0,
            -1,
            0,
            -1,
            -1
        ],
        [
            0,
            -1,
            0,
            -1,
            -1
        ],
        [
            -1,
            -1,
            0,
            -1,
            0
        ],
        [
            0,
            -1,
            0,
            0,
            0
        ],
        [
            -1,
            -1,
            -1,
            -1,
            -1
        ],
        [
            0,
            0,
            -1,
            0,
            -1
        ],
        [
            -1,
            -1,
            -1,
            -1,
            -1
        ]
    ]
}