{
    "input_text": "A cat that is sitting on some cushions.",
    "target_text": "A kitten that is sitting on some cushions.",
    "num_tokens": 5,
    "adv_prompts": [
        "a cat that is sitting on some cushions. kitten puppies completing amazingly triathlon",
        "a cat that is sitting on some cushions. juvenile eastern foamclover kitten",
        "a cat that is sitting on some cushions. brazilfenulkitten filly",
        "a cat that is sitting on some cushions. barred kitten juvennutcracker filly",
        "a cat that is sitting on some cushions. dragonfly?' nassau bison kitten",
        "a cat that is sitting on some cushions. shilpa mangrove kitten avant sussex",
        "a cat that is sitting on some cushions. amazing newborn bengal wetlands kitten",
        "a cat that is sitting on some cushions. brazilian ant 'd bradford kitten",
        "a cat that is sitting on some cushions. ike bengal daley kitten |",
        "a cat that is sitting on some cushions. bradford kitten grassy identifies female"
    ],
    "blip_scores": [
        [
            0,
            0,
            0,
            0,
            0
        ],
        [
            0,
            0,
            0,
            0,
            0
        ],
        [
            0,
            1,
            0,
            0,
            1
        ],
        [
            0,
            0,
            0,
            0,
            0
        ],
        [
            0,
            0,
            0,
            0,
            0
        ],
        [
            0,
            0,
            0,
            0,
            0
        ],
        [
            0,
            0,
            0,
            0,
            0
        ],
        [
            0,
            0,
            0,
            0,
            0
        ],
        [
            0,
            0,
            0,
            0,
            0
        ],
        [
            0,
            0,
            0,
            0,
            0
        ]
    ]
}