{
    "input_text": "A large crowd is attending a county fair.",
    "target_text": "A large crowd is attending a community fair.",
    "num_tokens": 5,
    "adv_prompts": [
        "a large crowd is attending a county fair. cairn olla tombs mory stall",
        "a large crowd is attending a county fair. jio campus \u306ecollaborative stall",
        "a large crowd is attending a county fair. malaysian polaroid cybersecurity noida hackathon",
        "a large crowd is attending a county fair. catalyst rajinikanth ngo stall meetup",
        "a large crowd is attending a county fair. awesomeness parkrun saturdays freshers stall",
        "a large crowd is attending a county fair. islamabad consulate recruitment handshake event",
        "a large crowd is attending a county fair. diwali present gaya wool headband",
        "a large crowd is attending a county fair. recruitment stall greenpeace chennai khar",
        "a large crowd is attending a county fair. stall graphene \u300e cise meetup",
        "a large crowd is attending a county fair. ancestors gallipoli residences parkrun consultation"
    ],
    "blip_scores": [
        [
            1,
            0,
            0,
            0,
            0
        ],
        [
            1,
            1,
            1,
            1,
            1
        ],
        [
            0,
            1,
            1,
            0,
            0
        ],
        [
            1,
            1,
            1,
            1,
            1
        ],
        [
            0,
            0,
            0,
            0,
            0
        ],
        [
            1,
            0,
            0,
            0,
            0
        ],
        [
            0,
            1,
            0,
            0,
            0
        ],
        [
            1,
            1,
            1,
            1,
            1
        ],
        [
            0,
            0,
            0,
            0,
            0
        ],
        [
            1,
            0,
            0,
            0,
            0
        ]
    ]
}