{
    "input_text": "A person rides belly-down on a bicycle. ",
    "target_text": "A person rides belly-down on a surfboard. ",
    "num_tokens": 5,
    "adv_prompts": [
        "a person rides belly - down on a bicycle. wake surf sup tutorial buffer",
        "a person rides belly - down on a bicycle. dodgeball sup fayetteville mangalsurfing",
        "a person rides belly - down on a bicycle. sup surfer buffer board masterclass",
        "a person rides belly - down on a bicycle. cauley board surfing sup representing",
        "a person rides belly - down on a bicycle. surf masterclass groverestorative board",
        "a person rides belly - down on a bicycle. buffy competitive sup surfing vise",
        "a person rides belly - down on a bicycle. paddle surfsurf slabs masterclass",
        "a person rides belly - down on a bicycle. sup metz rooting tutorial surf",
        "a person rides belly - down on a bicycle. surfing laurel surfskis boat",
        "a person rides belly - down on a bicycle. filled surffoil wake surf"
    ],
    "blip_scores": [
        [
            0,
            0,
            0,
            0,
            0
        ],
        [
            0,
            0,
            0,
            0,
            0
        ],
        [
            0,
            1,
            0,
            0,
            0
        ],
        [
            0,
            0,
            0,
            0,
            0
        ],
        [
            0,
            0,
            0,
            0,
            0
        ],
        [
            0,
            0,
            0,
            0,
            0
        ],
        [
            0,
            0,
            1,
            0,
            0
        ],
        [
            0,
            0,
            0,
            0,
            0
        ],
        [
            0,
            0,
            0,
            0,
            0
        ],
        [
            1,
            0,
            0,
            0,
            0
        ]
    ]
}