{
    "input_text": "A protester mounted with chains outside a building",
    "target_text": "A clock mounted with chains outside a building",
    "num_tokens": 5,
    "adv_prompts": [
        "a protester mounted with chains outside a building banjo clock poland untouched inged",
        "a protester mounted with chains outside a building sees unbelievable antique hokkaido clocks",
        "a protester mounted with chains outside a building dslr deco clock \"- \"",
        "a protester mounted with chains outside a building \"\"\" hitman hemmings partnership clocks",
        "a protester mounted with chains outside a building mugs clock hemmings delightful \u00ae",
        "a protester mounted with chains outside a building clock figurine quot loving",
        "a protester mounted with chains outside a building clocks ngc medal reveals titanic",
        "a protester mounted with chains outside a building \u266a victorian clock earrings ladies",
        "a protester mounted with chains outside a building mahogany glossy generate gilt clock",
        "a protester mounted with chains outside a building clock bracket hereford slovenia clock"
    ],
    "blip_scores": [
        [
            1,
            1,
            1,
            1,
            1
        ],
        [
            1,
            1,
            1,
            1,
            0
        ],
        [
            1,
            1,
            1,
            1,
            1
        ],
        [
            1,
            1,
            1,
            1,
            0
        ],
        [
            1,
            1,
            1,
            0,
            1
        ],
        [
            1,
            0,
            1,
            1,
            1
        ],
        [
            0,
            0,
            0,
            0,
            0
        ],
        [
            0,
            0,
            0,
            0,
            0
        ],
        [
            1,
            1,
            1,
            1,
            1
        ],
        [
            1,
            1,
            1,
            1,
            1
        ]
    ]
}