{
    "input_text": "A public seating area with orange tile walls.",
    "target_text": "A public bathroom area with orange tile walls.",
    "num_tokens": 5,
    "adv_prompts": [
        "a public seating area with orange tile walls. bathroom toilets disponenclosure congressional",
        "a public seating area with orange tile walls. automatic generals bathrooms religious fairfax",
        "a public seating area with orange tile walls. toilets bathroom '. bathtub forbes",
        "a public seating area with orange tile walls. shipwreck tchrestroom bathtub angelica",
        "a public seating area with orange tile walls. stalls bathrooms toilet sheridan ::",
        "a public seating area with orange tile walls. bathrooms toilets shorts winslow fiona",
        "a public seating area with orange tile walls. legion foul bathrooms bets jeff",
        "a public seating area with orange tile walls. toilet gaia,\u2026 document bathtub",
        "a public seating area with orange tile walls. console bathrooms toilets sirius washington",
        "a public seating area with orange tile walls. bathrooms tician sinks toilets coronado"
    ],
    "blip_scores": [
        [
            0,
            1,
            -1,
            1,
            0
        ],
        [
            -1,
            -1,
            0,
            -1,
            -1
        ],
        [
            1,
            0,
            1,
            -1,
            1
        ],
        [
            1,
            1,
            1,
            0,
            0
        ],
        [
            1,
            -1,
            1,
            1,
            1
        ],
        [
            0,
            0,
            -1,
            -1,
            1
        ],
        [
            0,
            0,
            0,
            0,
            0
        ],
        [
            1,
            0,
            0,
            0,
            1
        ],
        [
            0,
            0,
            1,
            1,
            0
        ],
        [
            1,
            1,
            1,
            -1,
            1
        ]
    ]
}