{
    "input_text": "A sapling tree in a forest.",
    "target_text": "A towering tree in a forest.",
    "num_tokens": 5,
    "adv_prompts": [
        "a sapling tree in a forest. abstract towering \" ably towering",
        "a sapling tree in a forest. towering towering surfer covered waterfront",
        "a sapling tree in a forest. towering antalya enfield rug zzle",
        "a sapling tree in a forest. unbelievably towering towering transmitter lei",
        "a sapling tree in a forest. towering lighthouse showing campground \u2013",
        "a sapling tree in a forest. dragonfly heavyweight lcd earrings golfers",
        "a sapling tree in a forest. towering lighthouse tioning as campground",
        "a sapling tree in a forest. towering ront \" lighthouse v",
        "a sapling tree in a forest. embroidered dragonfly vector ec transmitter",
        "a sapling tree in a forest. towering chinese guitarist watercolour \u2013"
    ],
    "blip_scores": [
        [
            1,
            1,
            1,
            1,
            1
        ],
        [
            1,
            1,
            1,
            1,
            0
        ],
        [
            0,
            0,
            0,
            0,
            0
        ],
        [
            1,
            1,
            1,
            1,
            1
        ],
        [
            1,
            0,
            0,
            1,
            0
        ],
        [
            0,
            0,
            0,
            0,
            0
        ],
        [
            0,
            0,
            0,
            0,
            0
        ],
        [
            1,
            0,
            0,
            0,
            0
        ],
        [
            0,
            0,
            0,
            0,
            0
        ],
        [
            0,
            0,
            0,
            0,
            0
        ]
    ],
    "gense_cos_sim": 0.8478619456291199,
    "clip_cos_sim": 0.7850145101547241
}