{
    "input_text": "a small golden egg in a plastic bag",
    "target_text": "a small golden pastry in a plastic bag",
    "num_tokens": 5,
    "adv_prompts": [
        "a small golden egg in a plastic bag pastry partly tted paradistrata",
        "a small golden egg in a plastic bag pastry called torili pastry",
        "a small golden egg in a plastic bag pastry tted featuring filler pane",
        "a small golden egg in a plastic bag pastries mondo // aldi pastry",
        "a small golden egg in a plastic bag outer pastry showcasing rolling pastry",
        "a small golden egg in a plastic bag pastry're joined pastry atta",
        "a small golden egg in a plastic bag ': washed pastry topped sardinia",
        "a small golden egg in a plastic bag pastry called pastry pastehorn",
        "a small golden egg in a plastic bag glazed pastry called maduro pastry",
        "a small golden egg in a plastic bag pastry portupastry influenced roller"
    ],
    "blip_scores": [
        [
            0,
            1,
            1,
            1,
            0
        ],
        [
            1,
            0,
            -1,
            1,
            1
        ],
        [
            0,
            1,
            0,
            1,
            0
        ],
        [
            0,
            0,
            0,
            0,
            0
        ],
        [
            1,
            0,
            0,
            -1,
            -1
        ],
        [
            0,
            1,
            0,
            0,
            0
        ],
        [
            0,
            0,
            0,
            0,
            0
        ],
        [
            0,
            0,
            1,
            0,
            0
        ],
        [
            1,
            0,
            0,
            0,
            0
        ],
        [
            0,
            1,
            0,
            0,
            0
        ]
    ]
}