{
    "input_text": "A Honda motorcycle parked in a grass driveway",
    "target_text": "A Honda Civic parked in a grass driveway",
    "num_tokens": 5,
    "adv_prompts": [
        "a honda motorcycle parked in a grass driveway clio cupcoupe sema djokovic",
        "a honda motorcycle parked in a grass driveway coupe elisbond treats silverado",
        "a honda motorcycle parked in a grass driveway silvia coupe plymouth probe festival",
        "a honda motorcycle parked in a grass driveway hatchback teaches gti jdm photographers",
        "a honda motorcycle parked in a grass driveway hatchback empowers burgring broccoli clio",
        "a honda motorcycle parked in a grass driveway subaru civic sema blackprelude",
        "a honda motorcycle parked in a grass driveway \u300f civic sema reunited hatchback",
        "a honda motorcycle parked in a grass driveway accord loves coupe korean levin",
        "a honda motorcycle parked in a grass driveway civic tuner civiccoupe bringing",
        "a honda motorcycle parked in a grass driveway captures jdm taught civic acan"
    ],
    "blip_scores": [
        [
            0,
            1,
            1,
            1,
            0
        ],
        [
            0,
            -1,
            1,
            -1,
            0
        ],
        [
            0,
            0,
            0,
            0,
            1
        ],
        [
            1,
            0,
            0,
            1,
            0
        ],
        [
            0,
            1,
            0,
            1,
            1
        ],
        [
            0,
            0,
            0,
            1,
            0
        ],
        [
            0,
            1,
            1,
            1,
            0
        ],
        [
            0,
            0,
            1,
            1,
            1
        ],
        [
            1,
            0,
            1,
            1,
            1
        ],
        [
            0,
            0,
            0,
            0,
            0
        ]
    ]
}