{
    "input_text": "A room with some chairs and a fireplace.",
    "target_text": "A room with some chairs and a bookshelf.",
    "num_tokens": 5,
    "adv_prompts": [
        "a room with some chairs and a fireplace. \" smackdown topaz svu superintendent",
        "a room with some chairs and a fireplace. \u2122 backer yard marathon martinez",
        "a room with some chairs and a fireplace. bookshelf nwa delicacy reads \"",
        "a room with some chairs and a fireplace. me iaf vacuum valve raise",
        "a room with some chairs and a fireplace. \" cricketgree updates related",
        "a room with some chairs and a fireplace. postgame winner \" msnbc shelf",
        "a room with some chairs and a fireplace. guangzhou jennings \u00ae bpm oak",
        "a room with some chairs and a fireplace. \" vandalism punk whitfield upright",
        "a room with some chairs and a fireplace. \" svu accelerathena struck",
        "a room with some chairs and a fireplace. missile ranger goodreads \" postgame"
    ],
    "blip_scores": [
        [
            -1,
            0,
            -1,
            -1,
            0
        ],
        [
            0,
            -1,
            -1,
            0,
            -1
        ],
        [
            0,
            0,
            0,
            0,
            0
        ],
        [
            -1,
            -1,
            0,
            -1,
            -1
        ],
        [
            -1,
            -1,
            -1,
            -1,
            -1
        ],
        [
            1,
            0,
            -1,
            0,
            0
        ],
        [
            -1,
            0,
            -1,
            -1,
            -1
        ],
        [
            -1,
            -1,
            -1,
            -1,
            -1
        ],
        [
            -1,
            -1,
            0,
            0,
            -1
        ],
        [
            0,
            -1,
            1,
            -1,
            0
        ]
    ]
}