{
    "input_text": "A sink with cracked porcelain highlights this bathroom",
    "target_text": "A wall with cracked porcelain highlights this bathroom",
    "num_tokens": 5,
    "adv_prompts": [
        "a sink with cracked porcelain highlights this bathroom wall rotherham %- heartwarming backdrop",
        "a sink with cracked porcelain highlights this bathroom wall << stunned bowers completed",
        "a sink with cracked porcelain highlights this bathroom boulder mural wall _, \u300d",
        "a sink with cracked porcelain highlights this bathroom wall featuring specified wadi ***",
        "a sink with cracked porcelain highlights this bathroom wall mur panels _, exhilarating",
        "a sink with cracked porcelain highlights this bathroom cyprus murals smoother...\" excel",
        "a sink with cracked porcelain highlights this bathroom wall murs paving -' revisited",
        "a sink with cracked porcelain highlights this bathroom wall elled cladding %; encouragement",
        "a sink with cracked porcelain highlights this bathroom walls <<< congratulations specification fordshire",
        "a sink with cracked porcelain highlights this bathroom wall ghapaving davao \u266a"
    ],
    "blip_scores": [
        [
            0,
            1,
            0,
            0,
            0
        ],
        [
            0,
            0,
            0,
            0,
            0
        ],
        [
            0,
            0,
            0,
            0,
            0
        ],
        [
            0,
            0,
            0,
            0,
            0
        ],
        [
            0,
            0,
            -1,
            0,
            0
        ],
        [
            1,
            -1,
            1,
            0,
            -1
        ],
        [
            0,
            0,
            0,
            0,
            -1
        ],
        [
            1,
            0,
            -1,
            0,
            0
        ],
        [
            -1,
            -1,
            1,
            0,
            -1
        ],
        [
            0,
            0,
            0,
            0,
            0
        ]
    ]
}