{
    "input_text": "a mess of various shapes on a chair ",
    "target_text": "a mess of various clothing on a chair ",
    "num_tokens": 5,
    "adv_prompts": [
        "a mess of various shapes on a chair displaying clothes amongst clothing pile",
        "a mess of various shapes on a chair examining culturally aau volunteering clothing",
        "a mess of various shapes on a chair holds statewide wardrobe group clothes",
        "a mess of various shapes on a chair : menswear clothes piled're",
        "a mess of various shapes on a chair observing outfit clothes piled mainly",
        "a mess of various shapes on a chair destroying sports judtutoring clothing",
        "a mess of various shapes on a chair overlooking selected sportswear suits assembling",
        "a mess of various shapes on a chair crushes displaying sportswear lothing stocked",
        "a mess of various shapes on a chair stationed acquires clothing consolidation pile",
        "a mess of various shapes on a chair clothes piled clothing \", before"
    ],
    "blip_scores": [
        [
            0,
            0,
            0,
            1,
            0
        ],
        [
            1,
            0,
            0,
            0,
            0
        ],
        [
            0,
            0,
            0,
            0,
            0
        ],
        [
            0,
            0,
            0,
            0,
            0
        ],
        [
            1,
            0,
            1,
            0,
            1
        ],
        [
            1,
            1,
            0,
            1,
            0
        ],
        [
            0,
            0,
            0,
            0,
            0
        ],
        [
            1,
            0,
            0,
            1,
            0
        ],
        [
            0,
            0,
            0,
            1,
            0
        ],
        [
            0,
            0,
            0,
            1,
            0
        ]
    ]
}