{
    "input_text": "A picture of children's toy reading story. ",
    "target_text": "A picture of children's favorite reading story. ",
    "num_tokens": 5,
    "adv_prompts": [
        "a picture of children's toy reading story. honduras emission broadcaster tranquility reporters",
        "a picture of children's toy reading story. thrive tibetan oblast teammate ather",
        "a picture of children's toy reading story. trove bangtan ballpark side waterproof",
        "a picture of children's toy reading story. blob dolphin therapeutic sheet regulator",
        "a picture of children's toy reading story. ovation dog resistant arosa umbrella",
        "a picture of children's toy reading story. bahrain aquaculture theatre philanthropist teammate",
        "a picture of children's toy reading story. hardcover mamamoo corsair bangtan therapy",
        "a picture of children's toy reading story. dgeon gervais favorite ireland yacht",
        "a picture of children's toy reading story. trove jesuit scholar colombian boc",
        "a picture of children's toy reading story. dolphin thani corvette twinlynx"
    ],
    "blip_scores": [
        [
            0,
            0,
            0,
            0,
            0
        ],
        [
            0,
            0,
            0,
            0,
            0
        ],
        [
            0,
            0,
            0,
            0,
            0
        ],
        [
            0,
            0,
            0,
            0,
            0
        ],
        [
            0,
            0,
            0,
            0,
            0
        ],
        [
            0,
            0,
            0,
            0,
            0
        ],
        [
            0,
            0,
            0,
            0,
            0
        ],
        [
            0,
            0,
            0,
            0,
            0
        ],
        [
            0,
            0,
            0,
            -1,
            0
        ],
        [
            0,
            0,
            0,
            0,
            0
        ]
    ]
}