{
    "input_text": "A hand grasping on to a Wii controller.",
    "target_text": "A man grasping on to a Wii controller.",
    "num_tokens": 5,
    "adv_prompts": [
        "a hand grasping on to a wii controller. attractive men golfer bearing asleep",
        "a hand grasping on to a wii controller. macho tires man configurstevens",
        "a hand grasping on to a wii controller. stunning seated men pillowfarmer",
        "a hand grasping on to a wii controller. lucrative manly suspension tartan men",
        "a hand grasping on to a wii controller. customers.. picturesque man staring",
        "a hand grasping on to a wii controller. macho businessman breathing cheerful patient",
        "a hand grasping on to a wii controller. manly men reading posing.(",
        "a hand grasping on to a wii controller. beautiful men builder seated pillow",
        "a hand grasping on to a wii controller. cheerful man craftsman tastes clock",
        "a hand grasping on to a wii controller. cheerful male jogging dealer tuner"
    ],
    "blip_scores": [
        [
            0,
            1,
            0,
            0,
            0
        ],
        [
            0,
            0,
            0,
            0,
            0
        ],
        [
            0,
            0,
            0,
            0,
            0
        ],
        [
            1,
            0,
            0,
            0,
            0
        ],
        [
            0,
            0,
            0,
            0,
            0
        ],
        [
            0,
            0,
            0,
            0,
            0
        ],
        [
            0,
            0,
            0,
            0,
            0
        ],
        [
            0,
            0,
            0,
            0,
            0
        ],
        [
            0,
            0,
            0,
            0,
            0
        ],
        [
            0,
            0,
            0,
            0,
            0
        ]
    ]
}