{
    "input_text": "A brown horse eating hay from the ground.",
    "target_text": "A brown bear eating hay from the ground.",
    "num_tokens": 5,
    "adv_prompts": [
        "a brown horse eating hay from the ground. oakland annapolis grizzperched bear",
        "a brown horse eating hay from the ground. grizzlies clement thrush lakers ibis",
        "a brown horse eating hay from the ground. nesting american ilers martina puffin",
        "a brown horse eating hay from the ground. kingfisher grizzlies potomac washington bear",
        "a brown horse eating hay from the ground. bears reconciliation grizzly potomac otters",
        "a brown horse eating hay from the ground. badgers ises plumamerican puffin",
        "a brown horse eating hay from the ground. grizzly spring eagle female grizzly",
        "a brown horse eating hay from the ground. puffin dragonfly beavers sixers harrier",
        "a brown horse eating hay from the ground. grizzlies arquitecsparring newark grizzly",
        "a brown horse eating hay from the ground. confrontation inks cubs grizzly australian"
    ],
    "blip_scores": [
        [
            0,
            1,
            1,
            0,
            0
        ],
        [
            0,
            0,
            0,
            0,
            0
        ],
        [
            0,
            0,
            0,
            0,
            0
        ],
        [
            1,
            1,
            1,
            0,
            0
        ],
        [
            0,
            0,
            0,
            0,
            1
        ],
        [
            0,
            -1,
            0,
            0,
            0
        ],
        [
            0,
            1,
            0,
            1,
            0
        ],
        [
            0,
            0,
            0,
            0,
            0
        ],
        [
            1,
            0,
            1,
            1,
            1
        ],
        [
            0,
            0,
            1,
            1,
            0
        ]
    ]
}