{
    "input_text": "A castle on a mountain.",
    "target_text": "A castle floating in the sky.",
    "num_tokens": 5,
    "adv_prompts": [
        "a castle on a mountain. sky appliances swimwear floating ceiling",
        "a castle on a mountain. floating skye wig lending imagine",
        "a castle on a mountain. skype joshi sunglasses floating infinite",
        "a castle on a mountain. skype opi hastings aerospace dealership",
        "a castle on a mountain. mask recommended rooftop skype constellation",
        "a castle on a mountain. sky yser floating wreath promotion",
        "a castle on a mountain. pictured sky yser apples float",
        "a castle on a mountain. sky yser recommended floating verge",
        "a castle on a mountain. floating sky yser industries otp",
        "a castle on a mountain. skype printable amed floating ipo"
    ],
    "blip_scores": [
        [
            0,
            0,
            0,
            0,
            0
        ],
        [
            -1,
            0,
            -1,
            -1,
            0
        ],
        [
            -1,
            0,
            0,
            -1,
            -1
        ],
        [
            -1,
            0,
            -1,
            0,
            -1
        ],
        [
            0,
            0,
            0,
            -1,
            0
        ],
        [
            0,
            0,
            0,
            0,
            0
        ],
        [
            0,
            -1,
            1,
            0,
            -1
        ],
        [
            0,
            1,
            1,
            -1,
            -1
        ],
        [
            1,
            0,
            -1,
            0,
            -1
        ],
        [
            -1,
            -1,
            -1,
            0,
            0
        ]
    ],
    "gense_cos_sim": 0.7811170816421509,
    "clip_cos_sim": 0.7399611473083496
}