{
    "input_text": "A propellor plane is on a grassy runway.",
    "target_text": "A propellor airplane is on a grassy runway.",
    "num_tokens": 5,
    "adv_prompts": [
        "a propellor plane is on a grassy runway. kes beds restaurant brodie gangnam",
        "a propellor plane is on a grassy runway. zika gofundme editor admitting into",
        "a propellor plane is on a grassy runway. blurred person sits yards overpass",
        "a propellor plane is on a grassy runway. shaking dollar unemployment table shirtless",
        "a propellor plane is on a grassy runway. nighttime's cay overpass nationalpark",
        "a propellor plane is on a grassy runway. mahal waving theirs breaches thoughtful",
        "a propellor plane is on a grassy runway. critic organisms handing funding sexism",
        "a propellor plane is on a grassy runway. outages spinoff suspicious medicaid bomb",
        "a propellor plane is on a grassy runway. prosecutors defending customizable ransomware woes",
        "a propellor plane is on a grassy runway. critic yelp gotten viaduct vulnerability"
    ],
    "blip_scores": [
        [
            0,
            0,
            0,
            0,
            0
        ],
        [
            0,
            0,
            0,
            0,
            0
        ],
        [
            0,
            0,
            0,
            0,
            0
        ],
        [
            0,
            0,
            0,
            0,
            0
        ],
        [
            0,
            0,
            0,
            0,
            0
        ],
        [
            0,
            0,
            0,
            0,
            0
        ],
        [
            0,
            0,
            0,
            0,
            0
        ],
        [
            0,
            0,
            0,
            0,
            0
        ],
        [
            0,
            0,
            0,
            0,
            0
        ],
        [
            0,
            0,
            0,
            0,
            0
        ]
    ]
}