{
    "input_text": "a lady preparing pizza on a wooden table",
    "target_text": "a chef preparing pizza on a wooden table",
    "num_tokens": 5,
    "adv_prompts": [
        "a lady preparing pizza on a wooden table tioning starring pastry drilled chefs",
        "a lady preparing pizza on a wooden table chef assisting gastronomy chef interpreted",
        "a lady preparing pizza on a wooden table chopped handling chef colleague professionally",
        "a lady preparing pizza on a wooden table chef getting competenteammate drilled",
        "a lady preparing pizza on a wooden table chef guarantees crews chopped tioning",
        "a lady preparing pizza on a wooden table chefs chef onsite piled \u0e37",
        "a lady preparing pizza on a wooden table chef teaches plated professionalism capt",
        "a lady preparing pizza on a wooden table chef instructor vacancy interviewing pastries",
        "a lady preparing pizza on a wooden table five paired chef professionals profession",
        "a lady preparing pizza on a wooden table chef waiter team positembracing"
    ],
    "blip_scores": [
        [
            0,
            0,
            0,
            0,
            0
        ],
        [
            0,
            0,
            0,
            0,
            0
        ],
        [
            0,
            0,
            0,
            0,
            0
        ],
        [
            0,
            0,
            0,
            0,
            0
        ],
        [
            0,
            0,
            0,
            0,
            0
        ],
        [
            0,
            0,
            0,
            0,
            0
        ],
        [
            0,
            0,
            0,
            0,
            0
        ],
        [
            0,
            0,
            0,
            0,
            0
        ],
        [
            0,
            0,
            0,
            0,
            -1
        ],
        [
            0,
            -1,
            0,
            0,
            0
        ]
    ]
}