{
    "input_text": "A person doing a trick on a computer. ",
    "target_text": "A person doing a trick on a skateboard. ",
    "num_tokens": 5,
    "adv_prompts": [
        "a person doing a trick on a computer. skateboard throw skateboard swewikipedia",
        "a person doing a trick on a computer. skateboard patterson @ skateboarding",
        "a person doing a trick on a computer. skateboard skateboard ]\" 4 picture",
        "a person doing a trick on a computer. skateboard.) gif grady 4",
        "a person doing a trick on a computer. rar download skateboard freestyle beans",
        "a person doing a trick on a computer. skateboard skates castro brownwikipedia",
        "a person doing a trick on a computer. skateboard kateinskateboard upright",
        "a person doing a trick on a computer. lette libby skateboarding skateboarding mumbai",
        "a person doing a trick on a computer. inline skateboard -> beatty yates",
        "a person doing a trick on a computer. christianschivillage drowskateboard"
    ],
    "blip_scores": [
        [
            1,
            1,
            1,
            1,
            1
        ],
        [
            1,
            1,
            1,
            1,
            1
        ],
        [
            1,
            1,
            1,
            1,
            1
        ],
        [
            1,
            1,
            1,
            1,
            1
        ],
        [
            1,
            1,
            1,
            1,
            1
        ],
        [
            1,
            1,
            1,
            1,
            1
        ],
        [
            1,
            1,
            1,
            1,
            1
        ],
        [
            1,
            1,
            1,
            1,
            1
        ],
        [
            1,
            1,
            1,
            1,
            1
        ],
        [
            1,
            1,
            1,
            1,
            1
        ]
    ]
}