{
    "input_text": "A healthy plate of guacamole, broccoli, and toast.",
    "target_text": "A healthy plate of guacamole, broccoli, and kale.",
    "num_tokens": 5,
    "adv_prompts": [
        "a healthy plate of guacamole, broccoli, and toast. spro tutti dimensional kale synth",
        "a healthy plate of guacamole, broccoli, and toast. kale enhancing kale pops praying",
        "a healthy plate of guacamole, broccoli, and toast. tipped reborn clinical kale kale",
        "a healthy plate of guacamole, broccoli, and toast. kale ultrasound overwhelmed kale infants",
        "a healthy plate of guacamole, broccoli, and toast. kale necklace wiesdimensional kale",
        "a healthy plate of guacamole, broccoli, and toast. kale newborn supercharged kale specifications",
        "a healthy plate of guacamole, broccoli, and toast. kale hang kale newborn portraits",
        "a healthy plate of guacamole, broccoli, and toast. kale newborn kale mineral blinds",
        "a healthy plate of guacamole, broccoli, and toast. diagnosed kale kale senior cuddle",
        "a healthy plate of guacamole, broccoli, and toast. kale oreo baby kale wig"
    ],
    "blip_scores": [
        [
            0,
            0,
            0,
            0,
            -1
        ],
        [
            0,
            -1,
            0,
            -1,
            -1
        ],
        [
            0,
            0,
            0,
            0,
            0
        ],
        [
            0,
            0,
            0,
            0,
            1
        ],
        [
            0,
            0,
            0,
            0,
            0
        ],
        [
            0,
            -1,
            -1,
            0,
            0
        ],
        [
            0,
            0,
            0,
            0,
            0
        ],
        [
            0,
            -1,
            0,
            0,
            0
        ],
        [
            0,
            0,
            -1,
            -1,
            -1
        ],
        [
            0,
            1,
            0,
            0,
            0
        ]
    ]
}