{
    "input_text": "An baby dragon inside a cave.",
    "target_text": "An fearsome dragon inside a cave.",
    "num_tokens": 5,
    "adv_prompts": [
        "an baby dragon inside a cave. kaido pointing punching topshop colossus",
        "an baby dragon inside a cave. >> review councillor radiohead mirza",
        "an baby dragon inside a cave. mariano guts confront scarecrow luciano",
        "an baby dragon inside a cave. yelling kaido quotation embroidered dean",
        "an baby dragon inside a cave. scarecrow confront excited buffalo fighter",
        "an baby dragon inside a cave. threatens scarecrow jaejoong discord spidey",
        "an baby dragon inside a cave. effortless facelift tees radiohead bra",
        "an baby dragon inside a cave. tshirts corpse charges brute grover",
        "an baby dragon inside a cave. frosted grover tees fear terence",
        "an baby dragon inside a cave. review beacons tee niagara rinse"
    ],
    "blip_scores": [
        [
            0,
            0,
            0,
            0,
            0
        ],
        [
            0,
            0,
            0,
            0,
            0
        ],
        [
            0,
            0,
            0,
            0,
            0
        ],
        [
            0,
            0,
            0,
            0,
            0
        ],
        [
            0,
            0,
            0,
            0,
            0
        ],
        [
            0,
            0,
            0,
            0,
            0
        ],
        [
            0,
            0,
            0,
            0,
            0
        ],
        [
            0,
            -1,
            0,
            0,
            0
        ],
        [
            0,
            -1,
            0,
            -1,
            0
        ],
        [
            -1,
            0,
            0,
            0,
            0
        ]
    ],
    "gense_cos_sim": 0.8683326244354248,
    "clip_cos_sim": 0.7876764535903931
}