{
    "input_text": "A fighter jet that is on the runway.",
    "target_text": "A passenger jet that is on the runway.",
    "num_tokens": 5,
    "adv_prompts": [
        "a fighter jet that is on the runway. lufthansa lineups overflowing \" chc",
        "a fighter jet that is on the runway. klm delta bus jfk stroller",
        "a fighter jet that is on the runway. tourist banjo trombone ensemble stock",
        "a fighter jet that is on the runway. managers burberry \" continuous suitcase",
        "a fighter jet that is on the runway. kerson priyanka orbit polyester sweatshirt",
        "a fighter jet that is on the runway. norwegian millennium beatty pullover sweatshirt",
        "a fighter jet that is on the runway. columbia shaped bhosimpliairways",
        "a fighter jet that is on the runway. \" norwegian horticulture breakaway depicting",
        "a fighter jet that is on the runway. yixing schedule airways nantucket liners",
        "a fighter jet that is on the runway. personalised viking airways oceans screenshot"
    ],
    "blip_scores": [
        [
            1,
            1,
            1,
            1,
            1
        ],
        [
            1,
            0,
            1,
            1,
            1
        ],
        [
            -1,
            0,
            0,
            0,
            0
        ],
        [
            0,
            0,
            0,
            0,
            0
        ],
        [
            0,
            0,
            0,
            0,
            0
        ],
        [
            0,
            0,
            1,
            0,
            0
        ],
        [
            1,
            1,
            1,
            1,
            1
        ],
        [
            1,
            1,
            1,
            1,
            0
        ],
        [
            1,
            1,
            1,
            1,
            1
        ],
        [
            1,
            1,
            1,
            1,
            1
        ]
    ]
}