{
    "input_text": "A picture of a clean dorm room. ",
    "target_text": "A picture of a clean living room. ",
    "num_tokens": 5,
    "adv_prompts": [
        "a picture of a clean dorm room. warhol screenwriting microphone infants geographical",
        "a picture of a clean dorm room. driveway helicopter typography negan gardeners",
        "a picture of a clean dorm room. screenwriting festival bauer stroller spongebob",
        "a picture of a clean dorm room. ounded driveway onstage spongebob grandparents",
        "a picture of a clean dorm room. surgeon kabaddi screwdriver upstream fireplace",
        "a picture of a clean dorm room. screenwriting supermarkets javelin crested screwdriver",
        "a picture of a clean dorm room. nanoporienteering javelin dn duster",
        "a picture of a clean dorm room. festival screwdriver replica tele ballistic",
        "a picture of a clean dorm room. crushed archives laliga rehearsal sabbath",
        "a picture of a clean dorm room. helicopter screenwriting driving assassinated negan"
    ],
    "blip_scores": [
        [
            0,
            0,
            0,
            0,
            0
        ],
        [
            0,
            0,
            0,
            0,
            0
        ],
        [
            0,
            0,
            0,
            0,
            0
        ],
        [
            0,
            0,
            0,
            0,
            0
        ],
        [
            0,
            0,
            0,
            0,
            0
        ],
        [
            0,
            0,
            0,
            0,
            0
        ],
        [
            0,
            0,
            0,
            0,
            0
        ],
        [
            0,
            0,
            0,
            0,
            0
        ],
        [
            0,
            0,
            0,
            0,
            0
        ],
        [
            0,
            0,
            0,
            0,
            0
        ]
    ]
}