{
    "input_text": "a couple of giraffes reach for a snack ",
    "target_text": "a couple of giraffes reach for a basket ",
    "num_tokens": 5,
    "adv_prompts": [
        "a couple of giraffes reach for a snack rider reboot basket attackers chandelier",
        "a couple of giraffes reach for a snack hardwood basket asda specifications basket",
        "a couple of giraffes reach for a snack basketball heroine basket flipkart bucket",
        "a couple of giraffes reach for a snack prosecutor chandelier ignite basket basket",
        "a couple of giraffes reach for a snack extremism chandelier basket lakers flipkart",
        "a couple of giraffes reach for a snack icon basket supergirl baskegre",
        "a couple of giraffes reach for a snack equation lp basket belgrade scholastic",
        "a couple of giraffes reach for a snack gb icon invitational paperback basket",
        "a couple of giraffes reach for a snack psychologist handwriting basket cale seater",
        "a couple of giraffes reach for a snack csa icon basket inside basket"
    ],
    "blip_scores": [
        [
            0,
            1,
            0,
            0,
            0
        ],
        [
            0,
            0,
            0,
            0,
            0
        ],
        [
            0,
            0,
            0,
            0,
            0
        ],
        [
            0,
            0,
            0,
            0,
            0
        ],
        [
            0,
            0,
            0,
            0,
            0
        ],
        [
            0,
            0,
            0,
            0,
            1
        ],
        [
            0,
            0,
            0,
            0,
            -1
        ],
        [
            0,
            0,
            0,
            0,
            0
        ],
        [
            0,
            -1,
            0,
            0,
            0
        ],
        [
            0,
            0,
            1,
            1,
            0
        ]
    ]
}