{
    "input_text": "A man reading a book in a library.",
    "target_text": "A woman reading a book in a library.",
    "num_tokens": 5,
    "adv_prompts": [
        "a man reading a book in a library. actress laughing suffedorothy mcgregor",
        "a man reading a book in a library. folielling her enchanting attendant",
        "a man reading a book in a library. batgirl acing germinpictorial lli",
        "a man reading a book in a library. women puzzhumorous girl bags",
        "a man reading a book in a library. empress seneca irling finely possibly",
        "a man reading a book in a library. italianlowing actress lady meredith",
        "a man reading a book in a library. herself wilhelm summers ladies strolling",
        "a man reading a book in a library. actress presugloria martinnus",
        "a man reading a book in a library. woman wilhelm issuing baroness basking",
        "a man reading a book in a library. oldschool woman, secures rounds"
    ],
    "blip_scores": [
        [
            0,
            1,
            0,
            1,
            0
        ],
        [
            0,
            1,
            0,
            1,
            1
        ],
        [
            1,
            0,
            1,
            1,
            0
        ],
        [
            0,
            1,
            1,
            1,
            1
        ],
        [
            1,
            1,
            1,
            1,
            1
        ],
        [
            1,
            1,
            0,
            1,
            1
        ],
        [
            0,
            1,
            1,
            1,
            0
        ],
        [
            1,
            1,
            1,
            1,
            1
        ],
        [
            1,
            1,
            1,
            1,
            1
        ],
        [
            1,
            1,
            1,
            1,
            1
        ]
    ],
    "gense_cos_sim": 0.7372798323631287,
    "clip_cos_sim": 0.916831374168396
}