{
    "input_text": "A man and woman talking in the kitchen.",
    "target_text": "A man and woman talking in the street.",
    "num_tokens": 5,
    "adv_prompts": [
        "a man and woman talking in the kitchen. mcgill mosque intersection sidewalk stray",
        "a man and woman talking in the kitchen. textured downtown church driveway prank",
        "a man and woman talking in the kitchen. streets driveway scapegamescom jars",
        "a man and woman talking in the kitchen. street travelers transcript mall intersection",
        "a man and woman talking in the kitchen. clean sidewalk intersection bolivia williamsburg",
        "a man and woman talking in the kitchen. designed streetsidewalk leading hometown",
        "a man and woman talking in the kitchen. streets mcgill \ud83d\udc9c church driveway",
        "a man and woman talking in the kitchen. street golfing sidewalk typeface bre",
        "a man and woman talking in the kitchen. street driveway orb grazing nycc",
        "a man and woman talking in the kitchen. driveway volleyball downtown generic streamer"
    ],
    "blip_scores": [
        [
            1,
            0,
            0,
            0,
            1
        ],
        [
            0,
            0,
            0,
            1,
            0
        ],
        [
            0,
            1,
            1,
            1,
            0
        ],
        [
            0,
            1,
            0,
            1,
            0
        ],
        [
            1,
            0,
            0,
            0,
            1
        ],
        [
            1,
            0,
            0,
            1,
            1
        ],
        [
            0,
            1,
            0,
            1,
            0
        ],
        [
            0,
            0,
            0,
            1,
            0
        ],
        [
            0,
            0,
            0,
            0,
            0
        ],
        [
            0,
            0,
            0,
            0,
            1
        ]
    ]
}