{
    "input_text": "A baby holding a toothbrush in it's mouth.",
    "target_text": "A baby holding a toy in it's mouth.",
    "num_tokens": 5,
    "adv_prompts": [
        "a baby holding a toothbrush in it's mouth. backer cody kansas sportsman eid",
        "a baby holding a toothbrush in it's mouth. mirai toys \ud83d\udd25 cuts pasadena",
        "a baby holding a toothbrush in it's mouth. mosaic prototype ncis custom raleigh",
        "a baby holding a toothbrush in it's mouth. gx species daytona george sector",
        "a baby holding a toothbrush in it's mouth. toys biz mounts hopkins bicycle",
        "a baby holding a toothbrush in it's mouth. momoadysew toys eliza",
        "a baby holding a toothbrush in it's mouth. halloween pennant wirral orchid vary",
        "a baby holding a toothbrush in it's mouth. safari breakout virginia toy hudson",
        "a baby holding a toothbrush in it's mouth. merchants toy barbarderserena",
        "a baby holding a toothbrush in it's mouth. \ud83d\udd25 momotoy pattern aurora"
    ],
    "blip_scores": [
        [
            0,
            1,
            0,
            0,
            0
        ],
        [
            0,
            0,
            0,
            -1,
            0
        ],
        [
            0,
            0,
            0,
            0,
            0
        ],
        [
            0,
            0,
            0,
            0,
            0
        ],
        [
            0,
            0,
            0,
            0,
            0
        ],
        [
            0,
            0,
            0,
            0,
            0
        ],
        [
            0,
            0,
            0,
            0,
            0
        ],
        [
            0,
            1,
            0,
            1,
            1
        ],
        [
            0,
            -1,
            0,
            1,
            0
        ],
        [
            0,
            0,
            0,
            0,
            0
        ]
    ]
}