{
    "input_text": "A plate with a sandwich and a pickle",
    "target_text": "A burger with a sandwich and a pickle",
    "num_tokens": 5,
    "adv_prompts": [
        "a plate with a sandwich and a pickle burger esteem lacrosse earring bridesmaid",
        "a plate with a sandwich and a pickle burgers logo topless mopar keychain",
        "a plate with a sandwich and a pickle slogans burger cufflinks ': woods",
        "a plate with a sandwich and a pickle logo gaps nascar burger beanie",
        "a plate with a sandwich and a pickle burger catalyburger cufflinks embroidered",
        "a plate with a sandwich and a pickle syrah dissertation burgerinfographic commemorates",
        "a plate with a sandwich and a pickle burger logo nascar tassel beanie",
        "a plate with a sandwich and a pickle logo burger mini \" analysis",
        "a plate with a sandwich and a pickle logo burger capped homme necklace",
        "a plate with a sandwich and a pickle overnight burgers logo \u2122 \""
    ],
    "blip_scores": [
        [
            0,
            0,
            -1,
            0,
            -1
        ],
        [
            0,
            0,
            1,
            0,
            1
        ],
        [
            0,
            1,
            0,
            0,
            0
        ],
        [
            1,
            0,
            0,
            0,
            1
        ],
        [
            0,
            0,
            0,
            0,
            0
        ],
        [
            0,
            0,
            0,
            0,
            0
        ],
        [
            0,
            0,
            -1,
            0,
            0
        ],
        [
            0,
            0,
            -1,
            0,
            0
        ],
        [
            0,
            0,
            0,
            0,
            0
        ],
        [
            -1,
            0,
            0,
            0,
            0
        ]
    ]
}