{
    "input_text": "a baseball bat batting up at home plate",
    "target_text": "a baseball player batting up at home plate",
    "num_tokens": 5,
    "adv_prompts": [
        "a baseball bat batting up at home plate vest astounding wwe vhunified",
        "a baseball bat batting up at home plate outfit \" benchoriginal knicks",
        "a baseball bat batting up at home plate practitioner marc placing tying headache",
        "a baseball bat batting up at home plate taiwanese braised mussels make watercolor",
        "a baseball bat batting up at home plate roster caricature eoin aiming bjj",
        "a baseball bat batting up at home plate finisher tekken fully convoy interesting",
        "a baseball bat batting up at home plate infections rhp canadian diffuser projections",
        "a baseball bat batting up at home plate derry vietnamese scallops posed salad",
        "a baseball bat batting up at home plate franklin falmouth colleges goalie pant",
        "a baseball bat batting up at home plate david shirtless rpm motocross lithograph"
    ],
    "blip_scores": [
        [
            0,
            0,
            0,
            1,
            0
        ],
        [
            0,
            0,
            0,
            0,
            1
        ],
        [
            0,
            0,
            0,
            0,
            0
        ],
        [
            0,
            0,
            0,
            0,
            0
        ],
        [
            0,
            1,
            0,
            1,
            1
        ],
        [
            1,
            1,
            1,
            1,
            0
        ],
        [
            0,
            0,
            0,
            0,
            1
        ],
        [
            0,
            0,
            0,
            0,
            0
        ],
        [
            1,
            0,
            0,
            0,
            0
        ],
        [
            1,
            0,
            0,
            1,
            0
        ]
    ]
}