{
    "input_text": "A room with some chairs and a bookshelf.",
    "target_text": "A room with some chairs and a fireplace.",
    "num_tokens": 5,
    "adv_prompts": [
        "a room with some chairs and a bookshelf. fireplace fireplace campfire with dial",
        "a room with some chairs and a bookshelf. panel flames traditionally dungeon fireplace",
        "a room with some chairs and a bookshelf. rink primo fireplace extended campfire",
        "a room with some chairs and a bookshelf. orientation private fireplace rounded campfire",
        "a room with some chairs and a bookshelf. sketches primo crank fireplace flames",
        "a room with some chairs and a bookshelf. canned fireplace plaque intracoperated",
        "a room with some chairs and a bookshelf. forge stove fireplace dhangreta",
        "a room with some chairs and a bookshelf. tumbling fireplace campfire biased melted",
        "a room with some chairs and a bookshelf. games ces amour fireplace breads",
        "a room with some chairs and a bookshelf. torch stove djiguided fireplace"
    ],
    "blip_scores": [
        [
            0,
            0,
            1,
            0,
            0
        ],
        [
            0,
            0,
            0,
            0,
            0
        ],
        [
            1,
            0,
            1,
            0,
            0
        ],
        [
            0,
            0,
            0,
            0,
            1
        ],
        [
            1,
            1,
            0,
            1,
            0
        ],
        [
            0,
            0,
            0,
            0,
            1
        ],
        [
            0,
            0,
            0,
            0,
            0
        ],
        [
            0,
            0,
            0,
            0,
            0
        ],
        [
            0,
            0,
            0,
            0,
            0
        ],
        [
            0,
            1,
            1,
            0,
            0
        ]
    ]
}