{
    "input_text": "A girl getting pushed in a child's bathroom.",
    "target_text": "A girl getting pushed in a child's swing.",
    "num_tokens": 5,
    "adv_prompts": [
        "a girl getting pushed in a child's bathroom. hammock holds swing leaderboard forbes",
        "a girl getting pushed in a child's bathroom. upcycled hammock isolated swing bunk",
        "a girl getting pushed in a child's bathroom. playground swing engraved isolated hammock",
        "a girl getting pushed in a child's bathroom. launched hanging childish swing sofa",
        "a girl getting pushed in a child's bathroom. swing textured hammock \u20b9 shaun",
        "a girl getting pushed in a child's bathroom. developed leaderboard saucer homeowner swing",
        "a girl getting pushed in a child's bathroom. personalised swing assets leaderboard dwell",
        "a girl getting pushed in a child's bathroom. playground swing faceted hammock sunlight",
        "a girl getting pushed in a child's bathroom. swing bunk playhouse isolated catcher",
        "a girl getting pushed in a child's bathroom. swings cutout hammock strial leaderboard"
    ],
    "blip_scores": [
        [
            0,
            1,
            0,
            0,
            0
        ],
        [
            0,
            0,
            0,
            0,
            0
        ],
        [
            0,
            0,
            1,
            1,
            0
        ],
        [
            1,
            0,
            1,
            1,
            0
        ],
        [
            1,
            0,
            1,
            0,
            0
        ],
        [
            1,
            0,
            1,
            0,
            0
        ],
        [
            0,
            0,
            0,
            0,
            0
        ],
        [
            0,
            1,
            1,
            1,
            0
        ],
        [
            0,
            0,
            0,
            0,
            1
        ],
        [
            1,
            1,
            1,
            0,
            1
        ]
    ]
}