{
    "input_text": "A new silver Porsche parked in a garage.",
    "target_text": "A new silver motorbike parked in a garage.",
    "num_tokens": 5,
    "adv_prompts": [
        "a new silver porsche parked in a garage. finalized motorbike dualchopper figure",
        "a new silver porsche parked in a garage. motorbike suitcase centerlyrics uncharted",
        "a new silver porsche parked in a garage. nos splatoon ganesha motorbike daybreak",
        "a new silver porsche parked in a garage. faceted motorbike mightypolyvore chair",
        "a new silver porsche parked in a garage. motorbike ui leaked villagers shiva",
        "a new silver porsche parked in a garage. motorbike lyrics splatoon redesigned infantry",
        "a new silver porsche parked in a garage. rwby monkey bike ana lyrics",
        "a new silver porsche parked in a garage. vincent motorbike overview uncharted toy",
        "a new silver porsche parked in a garage. projected motorbike onstage mio lyrics",
        "a new silver porsche parked in a garage. westworld vincent kwame motorbike overview"
    ],
    "blip_scores": [
        [
            0,
            0,
            1,
            0,
            0
        ],
        [
            0,
            0,
            0,
            1,
            0
        ],
        [
            0,
            1,
            0,
            0,
            0
        ],
        [
            0,
            0,
            0,
            0,
            1
        ],
        [
            0,
            0,
            0,
            0,
            0
        ],
        [
            0,
            0,
            0,
            0,
            0
        ],
        [
            0,
            0,
            1,
            0,
            1
        ],
        [
            0,
            0,
            1,
            0,
            1
        ],
        [
            0,
            0,
            1,
            -1,
            -1
        ],
        [
            1,
            1,
            1,
            0,
            1
        ]
    ]
}