{
    "input_text": "A person holding up a purple suit case.",
    "target_text": "A person holding up a purple pencil case.",
    "num_tokens": 5,
    "adv_prompts": [
        "a person holding up a purple suit case. pencil case clubs \u2122 striped",
        "a person holding up a purple suit case. stationery herbalife pencil \u3011 wikipedia",
        "a person holding up a purple suit case. delightful cosmetic pencilsleeve adidas",
        "a person holding up a purple suit case. pencils wallet by zumba wikipedia",
        "a person holding up a purple suit case. switzerland nra pencil cozy holder",
        "a person holding up a purple suit case. wenger burmese smartwatch organizer pencil",
        "a person holding up a purple suit case. pencil case indonesia denim striped",
        "a person holding up a purple suit case. simpson srl dunedin pencil case",
        "a person holding up a purple suit case. dunedin pencil case \u2605 striped",
        "a person holding up a purple suit case. dunedin classroom pencil case origins"
    ],
    "blip_scores": [
        [
            0,
            0,
            0,
            0,
            -1
        ],
        [
            0,
            0,
            0,
            -1,
            -1
        ],
        [
            0,
            0,
            0,
            0,
            0
        ],
        [
            -1,
            0,
            0,
            0,
            0
        ],
        [
            0,
            0,
            0,
            1,
            0
        ],
        [
            0,
            -1,
            -1,
            -1,
            -1
        ],
        [
            0,
            0,
            0,
            0,
            1
        ],
        [
            0,
            0,
            0,
            -1,
            0
        ],
        [
            0,
            0,
            0,
            0,
            0
        ],
        [
            0,
            0,
            0,
            0,
            0
        ]
    ]
}