{
    "input_text": "A person holding an iPad in a garage.",
    "target_text": "A person holding an umbrella in a garage.",
    "num_tokens": 5,
    "adv_prompts": [
        "a person holding an ipad in a garage. redesigned umbrella nurdecorations taylor",
        "a person holding an ipad in a garage. clearance compaccolorful umbrella navarro",
        "a person holding an ipad in a garage. umbrella reborn thrcrochepropaganda",
        "a person holding an ipad in a garage. novelty umbrella brownaccessory helena",
        "a person holding an ipad in a garage. gemini dowell morris umbrella prices",
        "a person holding an ipad in a garage. diy calvin brown umbrella rare",
        "a person holding an ipad in a garage. umbrella decorwaterproof darroswell",
        "a person holding an ipad in a garage. packaged umbrella kite <<< teal",
        "a person holding an ipad in a garage. umbrella ideas piccollectibles amo",
        "a person holding an ipad in a garage. muosmustard dowell umbrella"
    ],
    "blip_scores": [
        [
            0,
            0,
            0,
            0,
            0
        ],
        [
            1,
            0,
            1,
            0,
            0
        ],
        [
            0,
            1,
            0,
            0,
            0
        ],
        [
            0,
            1,
            0,
            0,
            1
        ],
        [
            0,
            0,
            0,
            0,
            0
        ],
        [
            0,
            0,
            0,
            0,
            0
        ],
        [
            1,
            0,
            0,
            0,
            0
        ],
        [
            0,
            0,
            0,
            0,
            1
        ],
        [
            0,
            -1,
            1,
            1,
            0
        ],
        [
            0,
            0,
            0,
            0,
            0
        ]
    ]
}