{
    "input_text": "A horse swimming on a lake.",
    "target_text": "A swan swimming on a lake.",
    "num_tokens": 5,
    "adv_prompts": [
        "a horse swimming on a lake. wary jeffersonamericswans swan",
        "a horse swimming on a lake. vibrant swan fighting chicagoswans",
        "a horse swimming on a lake. eroy sparring swans southport california",
        "a horse swimming on a lake. embroidered collaboration rolex mariner panda",
        "a horse swimming on a lake. swan protecting fresno atyswans",
        "a horse swimming on a lake. rolex loff grizzly camouflage infantry",
        "a horse swimming on a lake. swans swan consolidation venice dramatic",
        "a horse swimming on a lake. swans swan expose pictured venice",
        "a horse swimming on a lake. swans scopic chess skirt polyvore",
        "a horse swimming on a lake. cotswswans swan ating fighting"
    ],
    "blip_scores": [
        [
            1,
            1,
            1,
            1,
            1
        ],
        [
            1,
            1,
            1,
            1,
            1
        ],
        [
            1,
            0,
            0,
            1,
            1
        ],
        [
            0,
            0,
            0,
            0,
            0
        ],
        [
            1,
            1,
            1,
            1,
            1
        ],
        [
            0,
            0,
            0,
            0,
            0
        ],
        [
            0,
            1,
            1,
            1,
            1
        ],
        [
            1,
            1,
            1,
            1,
            1
        ],
        [
            0,
            0,
            0,
            0,
            0
        ],
        [
            1,
            1,
            1,
            1,
            1
        ]
    ],
    "gense_cos_sim": 0.6207050085067749,
    "clip_cos_sim": 0.8515275716781616
}