{
    "input_text": "a pizza next to a glass of beer ",
    "target_text": "a spoon next to a glass of beer ",
    "num_tokens": 5,
    "adv_prompts": [
        "a pizza next to a glass of beer spoons quotes || scooby giroud",
        "a pizza next to a glass of beer spoons represents parkrun filly \u3010",
        "a pizza next to a glass of beer spoons \u306emosque keychain rumour",
        "a pizza next to a glass of beer spoon revitalization church wechat keychain",
        "a pizza next to a glass of beer spilled bulletin cases spoon remembering",
        "a pizza next to a glass of beer tages spoon \u3010 transcript keychain",
        "a pizza next to a glass of beer records acquired adoption reusable spoons",
        "a pizza next to a glass of beer '? admissions spoon ware tumbler",
        "a pizza next to a glass of beer lyrics spoon narrated family keychain",
        "a pizza next to a glass of beer spoon font transcript tutorials ##"
    ],
    "blip_scores": [
        [
            0,
            0,
            0,
            0,
            0
        ],
        [
            0,
            0,
            -1,
            0,
            0
        ],
        [
            0,
            0,
            0,
            0,
            0
        ],
        [
            0,
            0,
            0,
            -1,
            0
        ],
        [
            0,
            0,
            -1,
            -1,
            0
        ],
        [
            0,
            -1,
            0,
            0,
            -1
        ],
        [
            0,
            0,
            0,
            1,
            0
        ],
        [
            0,
            1,
            -1,
            0,
            0
        ],
        [
            0,
            0,
            0,
            0,
            0
        ],
        [
            0,
            0,
            0,
            -1,
            -1
        ]
    ]
}