{
    "input_text": "A ham sandwich with scrambled egg and bacon.",
    "target_text": "A bagel sandwich with scrambled egg and bacon.",
    "num_tokens": 5,
    "adv_prompts": [
        "a ham sandwich with scrambled egg and bacon. topped bagel bagel curfew burger",
        "a ham sandwich with scrambled egg and bacon. its bagel bagel wook do",
        "a ham sandwich with scrambled egg and bacon. mousse '? thetic bagel pao",
        "a ham sandwich with scrambled egg and bacon. bagel bagel sty bro pic",
        "a ham sandwich with scrambled egg and bacon. flavoured bagel attack bagel \u300f",
        "a ham sandwich with scrambled egg and bacon. fudge sanity cleansing bagel bagel",
        "a ham sandwich with scrambled egg and bacon. bagel doggie bagel,, \u00ae",
        "a ham sandwich with scrambled egg and bacon. summed ': cullen bagel bagel",
        "a ham sandwich with scrambled egg and bacon. this brownie thetic bagel bagel",
        "a ham sandwich with scrambled egg and bacon. bagel donut latte project cup"
    ],
    "blip_scores": [
        [
            1,
            0,
            0,
            0,
            0
        ],
        [
            0,
            1,
            1,
            0,
            0
        ],
        [
            0,
            0,
            0,
            0,
            0
        ],
        [
            1,
            0,
            0,
            1,
            0
        ],
        [
            0,
            0,
            1,
            0,
            1
        ],
        [
            0,
            1,
            1,
            1,
            0
        ],
        [
            0,
            1,
            0,
            1,
            0
        ],
        [
            0,
            0,
            0,
            0,
            0
        ],
        [
            0,
            0,
            0,
            0,
            0
        ],
        [
            1,
            1,
            0,
            1,
            1
        ]
    ]
}