{
    "input_text": "a couple of cellphones are on a table",
    "target_text": "a couple of cellphones are on a rampage",
    "num_tokens": 5,
    "adv_prompts": [
        "a couple of cellphones are on a table steals rampage soundtrack \"\" parody",
        "a couple of cellphones are on a table steer bandwagon smash galleria exploding",
        "a couple of cellphones are on a table album into korea cinemas rampage",
        "a couple of cellphones are on a table leader \u2013 blasting rampage xtreme",
        "a couple of cellphones are on a table blasting bathurst gartickets collide",
        "a couple of cellphones are on a table wish campground bmw cryptocurrency sweatshirt",
        "a couple of cellphones are on a table rampage unveils 't merchandise smash",
        "a couple of cellphones are on a table hits but bucks playhouse rampage",
        "a couple of cellphones are on a table explodes'brunch dvr rampage",
        "a couple of cellphones are on a table rampage smash burger \u300d goes"
    ],
    "blip_scores": [
        [
            0,
            0,
            0,
            0,
            0
        ],
        [
            0,
            0,
            0,
            0,
            0
        ],
        [
            0,
            0,
            0,
            0,
            0
        ],
        [
            0,
            0,
            0,
            0,
            0
        ],
        [
            -1,
            0,
            -1,
            0,
            -1
        ],
        [
            0,
            0,
            0,
            0,
            0
        ],
        [
            0,
            0,
            0,
            0,
            0
        ],
        [
            0,
            -1,
            0,
            0,
            0
        ],
        [
            0,
            0,
            0,
            0,
            0
        ],
        [
            0,
            0,
            0,
            0,
            0
        ]
    ]
}