{
    "input_text": "A red backpack on a mountain.",
    "target_text": "A red cabin on a mountain.",
    "num_tokens": 5,
    "adv_prompts": [
        "a red backpack on a mountain. stunning treehouse displaying cabins \u2013",
        "a red backpack on a mountain. copper cabin doorway panorama greenland",
        "a red backpack on a mountain. house brutalvoorarchitecture \"",
        "a red backpack on a mountain. wwi church rectangular \"\"\" cufflinks",
        "a red backpack on a mountain. stunning greenland castles bribery overnight",
        "a red backpack on a mountain. docked princess me gogh diner",
        "a red backpack on a mountain. greenland cabins dividing yixing forms",
        "a red backpack on a mountain. mansion jeongatta doorway visit",
        "a red backpack on a mountain. quaint terracotta barn adopts cabins",
        "a red backpack on a mountain. custom lake duluth wooden playhouse"
    ],
    "blip_scores": [
        [
            1,
            1,
            1,
            0,
            0
        ],
        [
            1,
            1,
            1,
            1,
            1
        ],
        [
            1,
            0,
            1,
            1,
            0
        ],
        [
            0,
            0,
            0,
            1,
            0
        ],
        [
            1,
            -1,
            1,
            -1,
            1
        ],
        [
            0,
            0,
            -1,
            0,
            0
        ],
        [
            1,
            1,
            1,
            1,
            1
        ],
        [
            0,
            0,
            0,
            0,
            0
        ],
        [
            0,
            1,
            0,
            0,
            1
        ],
        [
            0,
            0,
            0,
            0,
            0
        ]
    ],
    "gense_cos_sim": 0.6823251247406006,
    "clip_cos_sim": 0.7091474533081055
}