{
    "input_text": "A food entree is served on a plate.",
    "target_text": "A food item is served on a plate.",
    "num_tokens": 5,
    "adv_prompts": [
        "a food entree is served on a plate. psg sinister raider strava palestinians",
        "a food entree is served on a plate. spoilers ssg fic \u2b50 shadowhunters",
        "a food entree is served on a plate. downloading metroid wirral orchestral hispanic",
        "a food entree is served on a plate. gatorade beacons anarchy instrumental stolen",
        "a food entree is served on a plate. hbd stupidity pikachu activism amethyst",
        "a food entree is served on a plate. ): colorway polyvore durango pants",
        "a food entree is served on a plate. aras barton bookshop mannequin protesters",
        "a food entree is served on a plate. apostle stupidity pikachu pigeon pirate",
        "a food entree is served on a plate. rss paintball procrastination pikachu protest",
        "a food entree is served on a plate. steampunk byzantine pikachu confederate protesting"
    ],
    "blip_scores": [
        [
            1,
            0,
            0,
            0,
            0
        ],
        [
            0,
            0,
            0,
            0,
            0
        ],
        [
            0,
            0,
            0,
            0,
            0
        ],
        [
            0,
            0,
            0,
            0,
            0
        ],
        [
            0,
            0,
            0,
            0,
            0
        ],
        [
            0,
            0,
            0,
            0,
            0
        ],
        [
            0,
            0,
            0,
            0,
            0
        ],
        [
            0,
            0,
            0,
            1,
            0
        ],
        [
            0,
            0,
            0,
            1,
            0
        ],
        [
            0,
            1,
            0,
            0,
            0
        ]
    ]
}