{
    "input_text": "a man on a skateboard in mid air ",
    "target_text": "a man on a motorcycle in mid air ",
    "num_tokens": 5,
    "adv_prompts": [
        "a man on a skateboard in mid air military motorcycle bale motorcycle screens",
        "a man on a skateboard in mid air motorcycle texmotorcycle 8 drawer",
        "a man on a skateboard in mid air motorcycle aboard russian paying shay",
        "a man on a skateboard in mid air submarine motorcycle screen posh vespa",
        "a man on a skateboard in mid air motorcycle barack filling innmotorcycle",
        "a man on a skateboard in mid air motorcycles motorcycle unpacking ivan ra",
        "a man on a skateboard in mid air motorcycle faced uca motorcycle ceiling",
        "a man on a skateboard in mid air load motorcycle ike motorcycle mooney",
        "a man on a skateboard in mid air servmotorcycle inflatable steammotorcycle",
        "a man on a skateboard in mid air servmotorcycle pay neptune cks"
    ],
    "blip_scores": [
        [
            1,
            0,
            1,
            0,
            0
        ],
        [
            1,
            1,
            1,
            1,
            1
        ],
        [
            1,
            1,
            1,
            1,
            -1
        ],
        [
            1,
            1,
            1,
            0,
            0
        ],
        [
            0,
            1,
            0,
            1,
            0
        ],
        [
            1,
            1,
            1,
            1,
            0
        ],
        [
            1,
            1,
            1,
            1,
            0
        ],
        [
            1,
            1,
            1,
            0,
            1
        ],
        [
            1,
            1,
            1,
            0,
            1
        ],
        [
            1,
            1,
            0,
            1,
            1
        ]
    ]
}