{
    "input_text": "A bright orange sign reads - End of roadwork",
    "target_text": "A bright orange sign reads - end of roadwork",
    "num_tokens": 5,
    "adv_prompts": [
        "a bright orange sign reads - end of roadwork",
        "a bright orange sign reads - end of roadwork",
        "a bright orange sign reads - end of roadwork",
        "a bright orange sign reads - end of roadwork",
        "a bright orange sign reads - end of roadwork",
        "a bright orange sign reads - end of roadwork",
        "a bright orange sign reads - end of roadwork",
        "a bright orange sign reads - end of roadwork",
        "a bright orange sign reads - end of roadwork",
        "a bright orange sign reads - end of roadwork"
    ],
    "blip_scores": [
        [
            0,
            0,
            0,
            0,
            0
        ],
        [
            0,
            0,
            0,
            0,
            0
        ],
        [
            0,
            0,
            0,
            0,
            0
        ],
        [
            0,
            0,
            0,
            0,
            0
        ],
        [
            0,
            0,
            0,
            0,
            -1
        ],
        [
            0,
            0,
            0,
            0,
            0
        ],
        [
            -1,
            0,
            0,
            0,
            0
        ],
        [
            0,
            0,
            0,
            0,
            0
        ],
        [
            0,
            0,
            0,
            0,
            0
        ],
        [
            0,
            0,
            0,
            0,
            0
        ]
    ]
}