{
    "input_text": "A student studying in a classroom.",
    "target_text": "A student studying in a library.",
    "num_tokens": 5,
    "adv_prompts": [
        "a student studying in a classroom. shimbronte residence library external",
        "a student studying in a classroom. lobby reception library library library",
        "a student studying in a classroom. majestic library patio lobby therapist",
        "a student studying in a classroom. rowling library escapes dennis mass",
        "a student studying in a classroom. library.) style loft architecture",
        "a student studying in a classroom. library library lobby architectural homework",
        "a student studying in a classroom. library quad atcamping dining",
        "a student studying in a classroom. library library tower landscatrium",
        "a student studying in a classroom. mature library entrance daz porch",
        "a student studying in a classroom. library quad slot middle library"
    ],
    "blip_scores": [
        [
            0,
            1,
            1,
            1,
            1
        ],
        [
            1,
            1,
            1,
            0,
            1
        ],
        [
            0,
            0,
            0,
            1,
            1
        ],
        [
            1,
            1,
            1,
            1,
            0
        ],
        [
            1,
            0,
            1,
            1,
            1
        ],
        [
            1,
            1,
            0,
            1,
            0
        ],
        [
            1,
            1,
            0,
            1,
            -1
        ],
        [
            0,
            1,
            1,
            0,
            1
        ],
        [
            1,
            1,
            1,
            1,
            1
        ],
        [
            1,
            1,
            1,
            1,
            1
        ]
    ],
    "gense_cos_sim": 0.794708251953125,
    "clip_cos_sim": 0.8687799572944641
}