{
    "input_text": "a small dog is standing in a sink",
    "target_text": "a small fish is standing in a sink",
    "num_tokens": 5,
    "adv_prompts": [
        "a small dog is standing in a sink medals coma fishy unlocked ronald",
        "a small dog is standing in a sink typhoon revolver laughter efish mbc",
        "a small dog is standing in a sink unhcr medal goldfish koi lyrics",
        "a small dog is standing in a sink halibut lyrics \u2122 reels brock",
        "a small dog is standing in a sink ransomware artillery charm blaster fish",
        "a small dog is standing in a sink yelling carp metroid screenshots efish",
        "a small dog is standing in a sink loud goldfish halibut lyrics wikipedia",
        "a small dog is standing in a sink halibut lyrics fish recipes busted",
        "a small dog is standing in a sink \" \u2605 thrilling halibut padres",
        "a small dog is standing in a sink?: randomly tycoon fish inventor"
    ],
    "blip_scores": [
        [
            0,
            0,
            0,
            0,
            0
        ],
        [
            0,
            0,
            0,
            0,
            -1
        ],
        [
            0,
            0,
            0,
            0,
            0
        ],
        [
            -1,
            0,
            -1,
            -1,
            0
        ],
        [
            0,
            0,
            0,
            0,
            0
        ],
        [
            0,
            0,
            0,
            0,
            0
        ],
        [
            0,
            0,
            0,
            0,
            0
        ],
        [
            0,
            0,
            0,
            0,
            0
        ],
        [
            0,
            0,
            0,
            0,
            0
        ],
        [
            0,
            0,
            0,
            0,
            0
        ]
    ]
}