{
    "input_text": "A guitar in a music store.",
    "target_text": "A piano in a music store.",
    "num_tokens": 5,
    "adv_prompts": [
        "a guitar in a music store. displaced eastbourne piano appears impressive",
        "a guitar in a music store. competitiveness piano \u2661 pianist module",
        "a guitar in a music store. caitlin itc upright piano piano",
        "a guitar in a music store. hackathon ': cavalry piano xd",
        "a guitar in a music store. banksy piano..... lovely invaded",
        "a guitar in a music store. competitiveness piano elevated piano awesome",
        "a guitar in a music store. delightful risers pistormating piano",
        "a guitar in a music store. competitiveness driving pianos enchanting -",
        "a guitar in a music store. deserted pianos | fascinating black",
        "a guitar in a music store. gloomy pianist mating piano +."
    ],
    "blip_scores": [
        [
            1,
            1,
            1,
            1,
            1
        ],
        [
            1,
            1,
            1,
            1,
            1
        ],
        [
            1,
            1,
            1,
            1,
            1
        ],
        [
            1,
            -1,
            1,
            0,
            0
        ],
        [
            1,
            1,
            0,
            1,
            1
        ],
        [
            0,
            1,
            1,
            1,
            1
        ],
        [
            1,
            1,
            1,
            -1,
            1
        ],
        [
            -1,
            -1,
            -1,
            1,
            1
        ],
        [
            0,
            1,
            0,
            0,
            0
        ],
        [
            -1,
            -1,
            0,
            0,
            1
        ]
    ],
    "gense_cos_sim": 0.7092485427856445,
    "clip_cos_sim": 0.8563481569290161
}