{
    "input_text": "A bicycle that is sitting in the street.",
    "target_text": "A car that is sitting in the street.",
    "num_tokens": 5,
    "adv_prompts": [
        "a bicycle that is sitting in the street. wondercon brain saviour hermione warbler",
        "a bicycle that is sitting in the street. pesticides sparrow sqft kildare bugatti",
        "a bicycle that is sitting in the street. jamie sebring showbiz coupe f",
        "a bicycle that is sitting in the street. chilean uphold silverstone shard endgame",
        "a bicycle that is sitting in the street. holly rand vette crushing conn",
        "a bicycle that is sitting in the street. burgess \u00ae etv spa score",
        "a bicycle that is sitting in the street. womens nep caribou nmd ashland",
        "a bicycle that is sitting in the street. apink postcards carnchoreography wh",
        "a bicycle that is sitting in the street. sebring tiara rugs halftime barney",
        "a bicycle that is sitting in the street. sebring opal succeeded \" wore"
    ],
    "blip_scores": [
        [
            0,
            0,
            0,
            0,
            0
        ],
        [
            0,
            0,
            -1,
            0,
            -1
        ],
        [
            0,
            -1,
            0,
            -1,
            0
        ],
        [
            0,
            0,
            -1,
            0,
            0
        ],
        [
            0,
            0,
            0,
            0,
            0
        ],
        [
            0,
            -1,
            0,
            -1,
            -1
        ],
        [
            0,
            0,
            0,
            0,
            0
        ],
        [
            0,
            0,
            0,
            0,
            0
        ],
        [
            0,
            0,
            -1,
            -1,
            0
        ],
        [
            -1,
            -1,
            0,
            0,
            -1
        ]
    ]
}