{
    "input_text": "A red backpack in an office.",
    "target_text": "A red backpack on a mountain.",
    "num_tokens": 5,
    "adv_prompts": [
        "a red backpack in an office. climbed transcript peak mountain canyon",
        "a red backpack in an office. bowl gully overlook austria simba",
        "a red backpack in an office. mountains amphitheatre ridge skyline wiener",
        "a red backpack in an office. hillside basin ledge mtnarten",
        "a red backpack in an office. mount asters hillside surveying jnu",
        "a red backpack in an office. rectangular overlook amphitheatre bendigo mountains",
        "a red backpack in an office. violated mountains background \" hillside",
        "a red backpack in an office. hawthorne pass overlook reddit wikipedia",
        "a red backpack in an office. rooftop kamloops climbing spitting mountain",
        "a red backpack in an office. mountains hillside views quiz serverless"
    ],
    "blip_scores": [
        [
            1,
            1,
            1,
            1,
            0
        ],
        [
            1,
            1,
            1,
            1,
            1
        ],
        [
            0,
            1,
            1,
            1,
            0
        ],
        [
            1,
            1,
            1,
            1,
            1
        ],
        [
            1,
            1,
            1,
            1,
            1
        ],
        [
            0,
            0,
            0,
            1,
            0
        ],
        [
            0,
            1,
            0,
            0,
            0
        ],
        [
            1,
            1,
            1,
            1,
            1
        ],
        [
            1,
            1,
            1,
            1,
            1
        ],
        [
            1,
            1,
            1,
            1,
            1
        ]
    ],
    "gense_cos_sim": 0.7543442249298096,
    "clip_cos_sim": 0.7840461730957031
}