{
    "input_text": "A desert emptied without any cars or humans. ",
    "target_text": "A freeway emptied without any cars or humans. ",
    "num_tokens": 5,
    "adv_prompts": [
        "a desert emptied without any cars or humans. \u00e8sized freeway lined freeway",
        "a desert emptied without any cars or humans. freeway causeway gge overpass reopened",
        "a desert emptied without any cars or humans. freeway turnpike freeway overpass southbound",
        "a desert emptied without any cars or humans. freeway parkway freeway filling overhead",
        "a desert emptied without any cars or humans. overhead freeway freeway utilizing ]",
        "a desert emptied without any cars or humans. freeway traffic soaking illustrating theirs",
        "a desert emptied without any cars or humans. freeway commuters flooding an freeway",
        "a desert emptied without any cars or humans. overly overhead commute freeway freeway",
        "a desert emptied without any cars or humans. filled freeway freeway navigating southbound",
        "a desert emptied without any cars or humans. freeway traffic displaying hwy overnight"
    ],
    "blip_scores": [
        [
            0,
            0,
            0,
            0,
            0
        ],
        [
            1,
            0,
            0,
            1,
            1
        ],
        [
            0,
            0,
            1,
            0,
            0
        ],
        [
            0,
            0,
            1,
            0,
            0
        ],
        [
            0,
            0,
            0,
            0,
            0
        ],
        [
            0,
            0,
            0,
            0,
            0
        ],
        [
            0,
            0,
            0,
            0,
            0
        ],
        [
            1,
            0,
            1,
            0,
            1
        ],
        [
            0,
            0,
            0,
            0,
            0
        ],
        [
            0,
            0,
            0,
            0,
            0
        ]
    ]
}