{
    "input_text": "A jack o lantern on a tree branch.",
    "target_text": "A car on a tree branch.",
    "num_tokens": 5,
    "adv_prompts": [
        "a jack o lantern on a tree branch. busannounced indycar catan cufflinks",
        "a jack o lantern on a tree branch. bugatti wagon assassinstarbucks wikipedia",
        "a jack o lantern on a tree branch. chariot overview opoly bugatti rcmp",
        "a jack o lantern on a tree branch. bugatti car starbucks guangzhou kate",
        "a jack o lantern on a tree branch. snooker bugatti bursting dubai chariot",
        "a jack o lantern on a tree branch. bugatti racers tins identification stonehenge",
        "a jack o lantern on a tree branch. bridesmaid honeycomb oldsmobile spiral cufflinks",
        "a jack o lantern on a tree branch. find spongebob police supercars bugatti",
        "a jack o lantern on a tree branch. automobile starbucks pocalypse cairn bugatti",
        "a jack o lantern on a tree branch. limo mobil exploding bernie coachella"
    ],
    "blip_scores": [
        [
            0,
            0,
            0,
            -1,
            0
        ],
        [
            0,
            0,
            -1,
            0,
            0
        ],
        [
            0,
            0,
            0,
            0,
            0
        ],
        [
            -1,
            0,
            0,
            -1,
            0
        ],
        [
            0,
            0,
            0,
            0,
            0
        ],
        [
            0,
            0,
            0,
            0,
            0
        ],
        [
            0,
            0,
            -1,
            0,
            0
        ],
        [
            0,
            0,
            0,
            0,
            0
        ],
        [
            -1,
            0,
            0,
            0,
            -1
        ],
        [
            0,
            -1,
            -1,
            0,
            0
        ]
    ],
    "gense_cos_sim": 0.5271531343460083,
    "clip_cos_sim": 0.5824770927429199
}