{
    "input_text": "A man holding a child in high school.",
    "target_text": "A man holding a child in high water.",
    "num_tokens": 5,
    "adv_prompts": [
        "a man holding a child in high school. driveway submerged flood.: symbol",
        "a man holding a child in high school. creek flooding docked whouse swollen",
        "a man holding a child in high school. flooded water landfall \u00ae shirt",
        "a man holding a child in high school. floods lands ': plane upstream",
        "a man holding a child in high school. floods overcome infographic alongside saxophone",
        "a man holding a child in high school. malunderwater flood downstream saree",
        "a man holding a child in high school. submerged driveway hails flood pharmacy",
        "a man holding a child in high school. floods unlock stunning cruise cable",
        "a man holding a child in high school. floods submerged creek watch mug",
        "a man holding a child in high school. givingtuesday submerged flood figurine saxophone"
    ],
    "blip_scores": [
        [
            1,
            1,
            1,
            1,
            1
        ],
        [
            1,
            1,
            1,
            1,
            1
        ],
        [
            1,
            1,
            0,
            1,
            1
        ],
        [
            0,
            1,
            0,
            0,
            1
        ],
        [
            0,
            1,
            1,
            1,
            1
        ],
        [
            1,
            1,
            1,
            1,
            1
        ],
        [
            1,
            0,
            1,
            0,
            1
        ],
        [
            0,
            1,
            1,
            0,
            0
        ],
        [
            1,
            0,
            1,
            1,
            1
        ],
        [
            1,
            0,
            0,
            0,
            0
        ]
    ]
}