{
    "input_text": "A runner jogging in a park.",
    "target_text": "A cyclist riding in a park.",
    "num_tokens": 5,
    "adv_prompts": [
        "a runner jogging in a park. cyclist locks pedalmotorcycle evenly",
        "a runner jogging in a park. cyclists ycle sits blockmotorcycle",
        "a runner jogging in a park. cyclist controls motorcycle incubicycle",
        "a runner jogging in a park. cyclist motorcycle perched lowers fronts",
        "a runner jogging in a park. bicycle tackles perched ycle motorcycle",
        "a runner jogging in a park. cyclists lock motorcycle atherbicycle",
        "a runner jogging in a park. cyclists bicycle locked atop motorcycle",
        "a runner jogging in a park. bicycle ford zara dismcycle",
        "a runner jogging in a park. bicymotorcycle stacking ycle mountains",
        "a runner jogging in a park. stunt cyclist touring bicycles ble"
    ],
    "blip_scores": [
        [
            1,
            0,
            0,
            1,
            1
        ],
        [
            0,
            1,
            0,
            0,
            0
        ],
        [
            1,
            1,
            0,
            0,
            0
        ],
        [
            0,
            1,
            0,
            0,
            1
        ],
        [
            1,
            0,
            0,
            1,
            0
        ],
        [
            0,
            0,
            1,
            1,
            1
        ],
        [
            0,
            1,
            1,
            0,
            1
        ],
        [
            0,
            1,
            0,
            1,
            1
        ],
        [
            1,
            1,
            0,
            1,
            0
        ],
        [
            1,
            0,
            1,
            1,
            1
        ]
    ],
    "gense_cos_sim": 0.558597981929779,
    "clip_cos_sim": 0.7807605862617493
}