{
    "input_text": "A commuter train entering into a train station",
    "target_text": "A metro train entering into a train station",
    "num_tokens": 5,
    "adv_prompts": [
        "a commuter train entering into a train station dupont reopened metrokareem flag",
        "a commuter train entering into a train station chad metro kiosk yelp jen",
        "a commuter train entering into a train station bart metroid meatchive minneapolis",
        "a commuter train entering into a train station soft peacekeeping yelp metro sabrina",
        "a commuter train entering into a train station bastille bryson metro bloodhwikipedia",
        "a commuter train entering into a train station stamptrivia metro tetrasteak",
        "a commuter train entering into a train station getty metro quizdupont tent",
        "a commuter train entering into a train station explains metro lepsnowboard classes",
        "a commuter train entering into a train station just metro burrito clarkbolic",
        "a commuter train entering into a train station slap challdoughkarting metro"
    ],
    "blip_scores": [
        [
            0,
            0,
            0,
            0,
            0
        ],
        [
            0,
            0,
            0,
            0,
            0
        ],
        [
            0,
            0,
            0,
            0,
            0
        ],
        [
            0,
            0,
            0,
            0,
            0
        ],
        [
            0,
            0,
            -1,
            0,
            0
        ],
        [
            0,
            0,
            0,
            0,
            0
        ],
        [
            0,
            0,
            0,
            0,
            0
        ],
        [
            0,
            -1,
            0,
            1,
            0
        ],
        [
            0,
            0,
            0,
            0,
            0
        ],
        [
            1,
            0,
            0,
            0,
            0
        ]
    ]
}