{
    "input_text": "A bowl contains baby carrots and other food.",
    "target_text": "A jar contains baby carrots and other food.",
    "num_tokens": 5,
    "adv_prompts": [
        "a bowl contains baby carrots and other food. unicef jar lative hamper upright",
        "a bowl contains baby carrots and other food. jar medley ': tcu flask",
        "a bowl contains baby carrots and other food. jar nostalgia jar figured showcasing",
        "a bowl contains baby carrots and other food. jar represents \u2014 nostalgic haji",
        "a bowl contains baby carrots and other food. jar motto \u2014 preparedness chords",
        "a bowl contains baby carrots and other food. jar \u2014 raises tog recognizing",
        "a bowl contains baby carrots and other food. jar \u2014 motto 3 nostalgia",
        "a bowl contains baby carrots and other food. jar garden lasagna afp jar",
        "a bowl contains baby carrots and other food. jar unpacking kauai o \u00ae",
        "a bowl contains baby carrots and other food. shotgun jars nickname \u2192 commemorates"
    ],
    "blip_scores": [
        [
            0,
            0,
            0,
            1,
            0
        ],
        [
            1,
            0,
            0,
            1,
            1
        ],
        [
            1,
            1,
            1,
            1,
            1
        ],
        [
            0,
            1,
            1,
            1,
            1
        ],
        [
            0,
            0,
            0,
            0,
            0
        ],
        [
            0,
            0,
            0,
            0,
            0
        ],
        [
            1,
            0,
            0,
            0,
            0
        ],
        [
            0,
            1,
            0,
            1,
            1
        ],
        [
            0,
            1,
            1,
            0,
            0
        ],
        [
            0,
            0,
            0,
            0,
            0
        ]
    ]
}