{
    "input_text": "A furry kitten sits on a blue chair. ",
    "target_text": "A furry cat sits on a blue chair. ",
    "num_tokens": 5,
    "adv_prompts": [
        "a furry kitten sits on a blue chair. png broadway instructions figure roblox",
        "a furry kitten sits on a blue chair. chilly preorder cato wichita jumpsuit",
        "a furry kitten sits on a blue chair. cable roblox touchplate rhubarb",
        "a furry kitten sits on a blue chair. roblox lucille playbook carat victoria",
        "a furry kitten sits on a blue chair. unisex cables hoodie midwest eligible",
        "a furry kitten sits on a blue chair. cabinet frustrated roblox lucy tulsa",
        "a furry kitten sits on a blue chair. guide roblox execute aristowinchester",
        "a furry kitten sits on a blue chair. everywhere ssible tee sweater paprika",
        "a furry kitten sits on a blue chair. coordinate doctoral portable midwest sweatshirt",
        "a furry kitten sits on a blue chair. roblox cate chair lucy jekyll"
    ],
    "blip_scores": [
        [
            0,
            1,
            0,
            0,
            0
        ],
        [
            0,
            0,
            0,
            0,
            0
        ],
        [
            0,
            0,
            0,
            0,
            0
        ],
        [
            0,
            0,
            0,
            0,
            0
        ],
        [
            0,
            0,
            0,
            0,
            0
        ],
        [
            0,
            0,
            0,
            0,
            0
        ],
        [
            0,
            0,
            0,
            0,
            0
        ],
        [
            0,
            0,
            0,
            0,
            0
        ],
        [
            0,
            0,
            0,
            0,
            0
        ],
        [
            0,
            0,
            0,
            0,
            0
        ]
    ]
}