{
    "input_text": "A spaceship on Mars.",
    "target_text": "A spaceship in space.",
    "num_tokens": 5,
    "adv_prompts": [
        "a spaceship on mars. jalape\u00f1o cage psych sundays moldova",
        "a spaceship on mars. forestry relic sauna silicone earrings",
        "a spaceship on mars. rupaul medley induced sundays mcmahon",
        "a spaceship on mars. mo rupaul rohan chained tote",
        "a spaceship on mars. epcot olaf while shment tattooed",
        "a spaceship on mars. quack balsamic wicker earrings moldova",
        "a spaceship on mars. rspca palais suspended multinational mondays",
        "a spaceship on mars. fatal motivated ghibli earrings tala",
        "a spaceship on mars. rupaul norwood mlas gael necklace",
        "a spaceship on mars. psych concert tapas stamped michaels"
    ],
    "blip_scores": [
        [
            0,
            0,
            0,
            0,
            0
        ],
        [
            0,
            0,
            0,
            0,
            0
        ],
        [
            0,
            0,
            0,
            0,
            0
        ],
        [
            0,
            0,
            0,
            0,
            0
        ],
        [
            0,
            0,
            0,
            0,
            0
        ],
        [
            0,
            0,
            0,
            0,
            0
        ],
        [
            0,
            0,
            0,
            0,
            0
        ],
        [
            0,
            0,
            0,
            0,
            0
        ],
        [
            0,
            0,
            0,
            0,
            0
        ],
        [
            0,
            0,
            0,
            0,
            0
        ]
    ],
    "gense_cos_sim": 0.8541399240493774,
    "clip_cos_sim": 0.8608351945877075
}