{
    "input_text": "A group of people looking at police motorcycles.",
    "target_text": "A group of people looking at vintage motorcycles.",
    "num_tokens": 5,
    "adv_prompts": [
        "a group of people looking at police motorcycles. restoration traction moth stallone figaro",
        "a group of people looking at police motorcycles. hanger bugatti preservation canelo prix",
        "a group of people looking at police motorcycles. taka vintage show restoration eleanor",
        "a group of people looking at police motorcycles. nhra restoration tight harvard moth",
        "a group of people looking at police motorcycles. \": concours relic muskoka drained",
        "a group of people looking at police motorcycles. bugatti brothers masks bonsai concours",
        "a group of people looking at police motorcycles. restoring luca stallone oldsmobile harvard",
        "a group of people looking at police motorcycles. stallone antique automotive drained harvard",
        "a group of people looking at police motorcycles. \": packard twins nationals eleanor",
        "a group of people looking at police motorcycles. chateau relic concours stallone restoring"
    ],
    "blip_scores": [
        [
            0,
            0,
            0,
            1,
            0
        ],
        [
            0,
            0,
            0,
            0,
            0
        ],
        [
            1,
            1,
            1,
            1,
            1
        ],
        [
            1,
            1,
            1,
            1,
            1
        ],
        [
            0,
            0,
            0,
            0,
            0
        ],
        [
            1,
            1,
            0,
            1,
            0
        ],
        [
            0,
            0,
            0,
            0,
            0
        ],
        [
            0,
            1,
            0,
            0,
            0
        ],
        [
            1,
            0,
            0,
            1,
            0
        ],
        [
            1,
            0,
            1,
            1,
            1
        ]
    ]
}