{
    "input_text": "A group of people looking at vintage motorcycles.",
    "target_text": "A group of people looking at police motorcycles.",
    "num_tokens": 5,
    "adv_prompts": [
        "a group of people looking at vintage motorcycles. fortnite police uniform laughed hes",
        "a group of people looking at vintage motorcycles. policemen stocklaughing megapapparently",
        "a group of people looking at vintage motorcycles. pleased collusion screenshot means policemen",
        "a group of people looking at vintage motorcycles. responsive police motorcycle \u2122 arguing",
        "a group of people looking at vintage motorcycles. https looking excited policemen bundy",
        "a group of people looking at vintage motorcycles. police expressing referendum laughing aggressively",
        "a group of people looking at vintage motorcycles. apparently shirtless policipolicwhitening",
        "a group of people looking at vintage motorcycles. politicphotoshopped policiaisheep",
        "a group of people looking at vintage motorcycles. smiling policemen screenshot caption assaulting",
        "a group of people looking at vintage motorcycles. policemen fighting upwards koch caption"
    ],
    "blip_scores": [
        [
            0,
            1,
            1,
            0,
            1
        ],
        [
            1,
            1,
            0,
            0,
            -1
        ],
        [
            0,
            0,
            0,
            0,
            0
        ],
        [
            0,
            0,
            0,
            -1,
            -1
        ],
        [
            0,
            -1,
            0,
            -1,
            0
        ],
        [
            -1,
            0,
            0,
            0,
            0
        ],
        [
            0,
            -1,
            -1,
            -1,
            0
        ],
        [
            0,
            0,
            1,
            0,
            -1
        ],
        [
            0,
            0,
            0,
            0,
            0
        ],
        [
            0,
            -1,
            0,
            0,
            0
        ]
    ]
}