{
    "input_text": "A neon sign outside of a brick building.",
    "target_text": "A stop sign outside of a brick building.",
    "num_tokens": 5,
    "adv_prompts": [
        "a neon sign outside of a brick building. yards firefighters switzerland flagbuses",
        "a neon sign outside of a brick building. org stopping parking husbands ss",
        "a neon sign outside of a brick building. preschool foldable \u2015 cd von",
        "a neon sign outside of a brick building. ': stery parkrun \" replaceable",
        "a neon sign outside of a brick building. parking policemen gloucestershire vector ridiculously",
        "a neon sign outside of a brick building. deforestation driver stop stencil sheet",
        "a neon sign outside of a brick building. wwe obstacle steward ukulele com",
        "a neon sign outside of a brick building. foldable quot student kitchen trampoline",
        "a neon sign outside of a brick building. shifter parking only \u2013 \"",
        "a neon sign outside of a brick building. dvd mechanic rh stock locker"
    ],
    "blip_scores": [
        [
            0,
            0,
            0,
            0,
            0
        ],
        [
            0,
            -1,
            1,
            1,
            0
        ],
        [
            0,
            0,
            0,
            0,
            0
        ],
        [
            0,
            -1,
            -1,
            0,
            1
        ],
        [
            0,
            0,
            0,
            0,
            0
        ],
        [
            0,
            0,
            0,
            0,
            0
        ],
        [
            -1,
            -1,
            0,
            -1,
            -1
        ],
        [
            0,
            -1,
            -1,
            0,
            -1
        ],
        [
            -1,
            0,
            0,
            0,
            0
        ],
        [
            0,
            -1,
            -1,
            -1,
            0
        ]
    ]
}