{
    "input_text": "A man on a motorcycle in a parade ",
    "target_text": "A man on a motorcycle in a wheelchair ",
    "num_tokens": 5,
    "adv_prompts": [
        "a man on a motorcycle in a parade wheelchair devastated condition swelling salary",
        "a man on a motorcycle in a parade wheelchair adaptive seat daycare facility",
        "a man on a motorcycle in a parade wheelchair kitchen device robbed vacant",
        "a man on a motorcycle in a parade rooms wheelchair bags appalling customers",
        "a man on a motorcycle in a parade wheelchair robbed heathrow charitable care",
        "a man on a motorcycle in a parade pension property wheelchair clinic clients",
        "a man on a motorcycle in a parade of wirral wheelchair funding facilities",
        "a man on a motorcycle in a parade wheelchair assistance appliance showroom acan",
        "a man on a motorcycle in a parade saver tuition wheelchair fordshire vacant",
        "a man on a motorcycle in a parade magazine franchise charity sacked wheelchair"
    ],
    "blip_scores": [
        [
            0,
            0,
            0,
            0,
            0
        ],
        [
            0,
            0,
            0,
            0,
            0
        ],
        [
            0,
            0,
            0,
            0,
            0
        ],
        [
            0,
            0,
            0,
            0,
            0
        ],
        [
            0,
            0,
            0,
            0,
            0
        ],
        [
            0,
            0,
            0,
            0,
            0
        ],
        [
            0,
            0,
            0,
            0,
            0
        ],
        [
            0,
            0,
            0,
            0,
            0
        ],
        [
            0,
            0,
            0,
            0,
            0
        ],
        [
            0,
            0,
            0,
            0,
            0
        ]
    ]
}