{
    "input_text": "a man in glasses is holding a gun",
    "target_text": "a man in glasses is holding a spoon",
    "num_tokens": 5,
    "adv_prompts": [
        "a man in glasses is holding a gun scratches spoon letting spoons giuseppe",
        "a man in glasses is holding a gun spoon scoops remotely bowls artisan",
        "a man in glasses is holding a gun scoop collab spoon spoons licking",
        "a man in glasses is holding a gun chefs spoon ines.< \u2122",
        "a man in glasses is holding a gun catcher pottery kani makers spoon",
        "a man in glasses is holding a gun bros czech rosenthal peacefully spoon",
        "a man in glasses is holding a gun bbing iners spoon roamell",
        "a man in glasses is holding a gun spoon holding creative spoon pouring",
        "a man in glasses is holding a gun bbing coath spoon marcelo",
        "a man in glasses is holding a gun spoon turner poking licking."
    ],
    "blip_scores": [
        [
            0,
            0,
            0,
            1,
            0
        ],
        [
            0,
            1,
            0,
            0,
            1
        ],
        [
            0,
            0,
            1,
            1,
            1
        ],
        [
            1,
            0,
            0,
            0,
            1
        ],
        [
            0,
            0,
            0,
            0,
            0
        ],
        [
            0,
            0,
            0,
            0,
            0
        ],
        [
            0,
            -1,
            0,
            0,
            0
        ],
        [
            0,
            0,
            0,
            0,
            0
        ],
        [
            0,
            -1,
            -1,
            0,
            0
        ],
        [
            -1,
            -1,
            -1,
            -1,
            -1
        ]
    ]
}