{
    "input_text": "An alien on the moon.",
    "target_text": "A man on the moon.",
    "num_tokens": 5,
    "adv_prompts": [
        "an alien on the moon. mans conditioning nam delicate cd",
        "an alien on the moon. males nails nevertheless dvd discography",
        "an alien on the moon. polyvore tights male coldplay ootd",
        "an alien on the moon. fragrances audiobook man superfood vodka",
        "an alien on the moon. cbd distilled mam restorative bridesmaids",
        "an alien on the moon. recommended cds policeman \u300e tman",
        "an alien on the moon. howling tman conditioner unforgettable cbd",
        "an alien on the moon. mans boys hoodies herbalife polyvore",
        "an alien on the moon. conductor peoples cufflinks nam discography",
        "an alien on the moon. shopify man juvenile shatter distilled"
    ],
    "blip_scores": [
        [
            0,
            0,
            0,
            0,
            0
        ],
        [
            0,
            0,
            0,
            0,
            0
        ],
        [
            0,
            0,
            0,
            0,
            0
        ],
        [
            -1,
            0,
            0,
            0,
            0
        ],
        [
            0,
            0,
            0,
            0,
            0
        ],
        [
            0,
            0,
            0,
            0,
            0
        ],
        [
            0,
            0,
            0,
            0,
            0
        ],
        [
            0,
            0,
            0,
            0,
            0
        ],
        [
            0,
            0,
            0,
            0,
            0
        ],
        [
            0,
            0,
            0,
            0,
            0
        ]
    ],
    "gense_cos_sim": 0.8138718605041504,
    "clip_cos_sim": 0.8277004957199097
}