{
    "input_text": "A black computer keyboard sitting on a table.",
    "target_text": "A black laptop keyboard sitting on a table.",
    "num_tokens": 5,
    "adv_prompts": [
        "a black computer keyboard sitting on a table. letphotobook shown laptop next",
        "a black computer keyboard sitting on a table. laptops sz surface necklaptop",
        "a black computer keyboard sitting on a table. witkeh laptops macbook air",
        "a black computer keyboard sitting on a table. our net laptop nokia laptops",
        "a black computer keyboard sitting on a table. laptop fronts review later carrier",
        "a black computer keyboard sitting on a table. laptops 8 wallet acer latitude",
        "a black computer keyboard sitting on a table. fourlaptop laptop fingers slideshow",
        "a black computer keyboard sitting on a table. laptop this neweaspire macbook",
        "a black computer keyboard sitting on a table. alcatlaptops oem \u0430 laptop",
        "a black computer keyboard sitting on a table. laptop neck samsung laptop ----"
    ],
    "blip_scores": [
        [
            0,
            0,
            0,
            1,
            0
        ],
        [
            0,
            0,
            0,
            1,
            0
        ],
        [
            0,
            0,
            0,
            1,
            0
        ],
        [
            0,
            0,
            -1,
            0,
            0
        ],
        [
            0,
            0,
            1,
            0,
            0
        ],
        [
            0,
            0,
            0,
            0,
            0
        ],
        [
            1,
            0,
            0,
            0,
            0
        ],
        [
            1,
            0,
            0,
            0,
            1
        ],
        [
            0,
            0,
            0,
            0,
            0
        ],
        [
            0,
            0,
            1,
            1,
            1
        ]
    ]
}