{
    "input_text": "A person holding a knife near the ocean. ",
    "target_text": "A person holding a surfboard near the ocean. ",
    "num_tokens": 5,
    "adv_prompts": [
        "a person holding a knife near the ocean. analog surfers surfing wakesurfer",
        "a person holding a knife near the ocean. \u2014 surfing class surfer practicing",
        "a person holding a knife near the ocean. displays surfboarding board located",
        "a person holding a knife near the ocean. deserved surfing board \u2714 surfer",
        "a person holding a knife near the ocean. two surfing boards instructor \u2764",
        "a person holding a knife near the ocean. surfing boards boards xv practices",
        "a person holding a knife near the ocean. maternal surfing surfer delivering sup",
        "a person holding a knife near the ocean. surfer carrying board surf before",
        "a person holding a knife near the ocean. surfing surf \u30b9 boards bye",
        "a person holding a knife near the ocean. ': surfing airing surfer board"
    ],
    "blip_scores": [
        [
            1,
            1,
            0,
            1,
            1
        ],
        [
            1,
            1,
            0,
            1,
            1
        ],
        [
            1,
            1,
            1,
            1,
            1
        ],
        [
            1,
            1,
            1,
            1,
            1
        ],
        [
            1,
            1,
            1,
            1,
            1
        ],
        [
            1,
            1,
            1,
            1,
            1
        ],
        [
            1,
            1,
            1,
            1,
            1
        ],
        [
            1,
            1,
            1,
            1,
            1
        ],
        [
            1,
            1,
            0,
            1,
            1
        ],
        [
            1,
            1,
            1,
            1,
            1
        ]
    ]
}