{
    "input_text": "a sexy women that is on a skateboard",
    "target_text": "a sexy women that is on a mission",
    "num_tokens": 5,
    "adv_prompts": [
        "a sexy women that is on a skateboard missions savior decals survives edison",
        "a sexy women that is on a skateboard lyrics cleaned null ambassador announce",
        "a sexy women that is on a skateboard belts relic gems exit siriusxm",
        "a sexy women that is on a skateboard charms pastor volunteers hooks zad",
        "a sexy women that is on a skateboard missile messiah reviewed philanthropy symphony",
        "a sexy women that is on a skateboard missile reception missionaries zi bangle",
        "a sexy women that is on a skateboard siriusxm ceiling eon wallets cd",
        "a sexy women that is on a skateboard ministries wired zo mission decals",
        "a sexy women that is on a skateboard ministries starship hotmail knit wallets",
        "a sexy women that is on a skateboard millions veil reviewed lp siriusxm"
    ],
    "blip_scores": [
        [
            0,
            0,
            0,
            0,
            0
        ],
        [
            0,
            0,
            0,
            0,
            0
        ],
        [
            0,
            0,
            0,
            0,
            0
        ],
        [
            -1,
            0,
            0,
            0,
            0
        ],
        [
            0,
            0,
            0,
            0,
            0
        ],
        [
            0,
            0,
            0,
            0,
            -1
        ],
        [
            0,
            0,
            0,
            0,
            0
        ],
        [
            0,
            0,
            0,
            0,
            0
        ],
        [
            0,
            0,
            -1,
            0,
            0
        ],
        [
            0,
            -1,
            0,
            0,
            0
        ]
    ]
}