{
    "input_text": "A soccer player jumps to return a ball.",
    "target_text": "A tennis player jumps to return a ball.",
    "num_tokens": 5,
    "adv_prompts": [
        "a soccer player jumps to return a ball. djokovic tennis racket complain stephens",
        "a soccer player jumps to return a ball. tennisdjokovic shutters reborn edmund",
        "a soccer player jumps to return a ball. stormy djokovic transformation resume bouchard",
        "a soccer player jumps to return a ball. etc stormy tennis djokovic devastation",
        "a soccer player jumps to return a ball. nadal bankrupt minton msnbc venus",
        "a soccer player jumps to return a ball. tennis launches clubdjokovic devastation",
        "a soccer player jumps to return a ball. djokovic badminton extraordinaire tennis sheryl",
        "a soccer player jumps to return a ball. download tennisdjokovic bankruptcy orion",
        "a soccer player jumps to return a ball. troubled djokovic venus stuns sienna",
        "a soccer player jumps to return a ball. coin smiley tenniscap djokovic"
    ],
    "blip_scores": [
        [
            1,
            1,
            1,
            1,
            1
        ],
        [
            1,
            1,
            1,
            1,
            0
        ],
        [
            0,
            0,
            1,
            1,
            1
        ],
        [
            1,
            1,
            1,
            1,
            1
        ],
        [
            1,
            1,
            1,
            1,
            1
        ],
        [
            1,
            1,
            1,
            1,
            1
        ],
        [
            1,
            1,
            1,
            1,
            1
        ],
        [
            1,
            1,
            1,
            1,
            1
        ],
        [
            1,
            1,
            1,
            1,
            1
        ],
        [
            1,
            1,
            1,
            1,
            1
        ]
    ]
}