{
    "input_text": "A large salad has bread, cheese and lettuce.",
    "target_text": "A large sandwich has bread, cheese and lettuce.",
    "num_tokens": 5,
    "adv_prompts": [
        "a large salad has bread, cheese and lettuce. personalized shasta taxation panini bug",
        "a large salad has bread, cheese and lettuce. bugs auschwitz sandwiches landmark panini",
        "a large salad has bread, cheese and lettuce. bugs venezuela animated scavenger sandwich",
        "a large salad has bread, cheese and lettuce. tuberculosis acoustic sandwich printers careers",
        "a large salad has bread, cheese and lettuce. com silverstone butterscrubs panini",
        "a large salad has bread, cheese and lettuce. eugene adventyards commemorates sandwich",
        "a large salad has bread, cheese and lettuce. launches biotechnology holocaust smore keychain",
        "a large salad has bread, cheese and lettuce. paycheck fanboy isaac sandwiches nickname",
        "a large salad has bread, cheese and lettuce. templates tg holocaust dragonfly sandwich",
        "a large salad has bread, cheese and lettuce. poo sanctuary mfw \u00ae panini"
    ],
    "blip_scores": [
        [
            1,
            1,
            1,
            1,
            1
        ],
        [
            1,
            0,
            1,
            1,
            1
        ],
        [
            1,
            1,
            1,
            0,
            1
        ],
        [
            1,
            0,
            0,
            1,
            0
        ],
        [
            1,
            1,
            1,
            0,
            1
        ],
        [
            1,
            1,
            0,
            1,
            0
        ],
        [
            0,
            0,
            0,
            1,
            0
        ],
        [
            1,
            1,
            1,
            1,
            1
        ],
        [
            0,
            1,
            0,
            0,
            1
        ],
        [
            0,
            1,
            1,
            1,
            1
        ]
    ]
}