{
    "input_text": "A diesel engine carrying carts down a track.",
    "target_text": "A train engine carrying carts down a track.",
    "num_tokens": 5,
    "adv_prompts": [
        "a diesel engine carrying carts down a track. amtrak npt \u2192 outages accident",
        "a diesel engine carrying carts down a track. train graffiti artifact cumbria greenpeace",
        "a diesel engine carrying carts down a track. mcr amtrak \u00ae hanover helly",
        "a diesel engine carrying carts down a track. amtrak flavours overpass biopic midweek",
        "a diesel engine carrying carts down a track. train plaque erial overlooking greets",
        "a diesel engine carrying carts down a track. addicorthsnowdonia archipelago train",
        "a diesel engine carrying carts down a track. train wales greenpeace posthumbiopic",
        "a diesel engine carrying carts down a track. lancashire bnb genuarchipelago train",
        "a diesel engine carrying carts down a track. rhp gastronzagreb train bridgewater",
        "a diesel engine carrying carts down a track. amtrak uous ago viaduct joyride"
    ],
    "blip_scores": [
        [
            1,
            0,
            0,
            0,
            1
        ],
        [
            0,
            0,
            0,
            0,
            0
        ],
        [
            0,
            0,
            0,
            1,
            0
        ],
        [
            0,
            0,
            1,
            1,
            1
        ],
        [
            0,
            0,
            0,
            0,
            0
        ],
        [
            0,
            1,
            0,
            1,
            1
        ],
        [
            0,
            1,
            0,
            0,
            1
        ],
        [
            0,
            0,
            1,
            0,
            0
        ],
        [
            0,
            0,
            0,
            0,
            0
        ],
        [
            1,
            0,
            1,
            0,
            1
        ]
    ]
}