{
    "input_text": "A bowl of black and white sprinkled doughnuts ",
    "target_text": "A tray of black and white sprinkled doughnuts ",
    "num_tokens": 5,
    "adv_prompts": [
        "a bowl of black and white sprinkled doughnuts these trays coffin shelminis",
        "a bowl of black and white sprinkled doughnuts vette tray trays buildconservatives",
        "a bowl of black and white sprinkled doughnuts tray quad iverpel theme",
        "a bowl of black and white sprinkled doughnuts face evenings jetsfolio tray",
        "a bowl of black and white sprinkled doughnuts crypt trays individually resemble parcels",
        "a bowl of black and white sprinkled doughnuts capping footprints hygifolio tray",
        "a bowl of black and white sprinkled doughnuts tray shoesremind ttp procession",
        "a bowl of black and white sprinkled doughnuts funeral neonkishfoil tray",
        "a bowl of black and white sprinkled doughnuts trays detailed fleetbelvedere tray",
        "a bowl of black and white sprinkled doughnuts topped tray spacemuh parry"
    ],
    "blip_scores": [
        [
            1,
            0,
            0,
            0,
            0
        ],
        [
            1,
            0,
            0,
            1,
            0
        ],
        [
            0,
            0,
            0,
            0,
            0
        ],
        [
            1,
            1,
            1,
            -1,
            1
        ],
        [
            0,
            0,
            0,
            0,
            0
        ],
        [
            1,
            1,
            0,
            1,
            0
        ],
        [
            0,
            0,
            0,
            0,
            0
        ],
        [
            0,
            0,
            0,
            0,
            0
        ],
        [
            0,
            0,
            0,
            0,
            0
        ],
        [
            0,
            1,
            1,
            0,
            0
        ]
    ]
}