{
    "input_text": "A man surfing waves on his surf board",
    "target_text": "A man surfing waves on his surfboard",
    "num_tokens": 5,
    "adv_prompts": [
        "a man surfing waves on his surf board cylinder securing injuries harding fascinating",
        "a man surfing waves on his surf board formation sheeran aes fascinating \u00bb",
        "a man surfing waves on his surf board ets exhibits desperately shenmue fascinating",
        "a man surfing waves on his surf board insulated insulation workspace amarine cfd",
        "a man surfing waves on his surf board kharneateveryday insulated backpack",
        "a man surfing waves on his surf board tearlanyard woodsaxophone allis",
        "a man surfing waves on his surf board maryland diabetic venues insulated using",
        "a man surfing waves on his surf board schauunning saxophone aris fascinating",
        "a man surfing waves on his surf board buffer lanyard [# bradley motorcycles",
        "a man surfing waves on his surf board tearcallum alkaline lanyard saxophone"
    ],
    "blip_scores": [
        [
            0,
            0,
            0,
            0,
            0
        ],
        [
            0,
            0,
            0,
            0,
            0
        ],
        [
            0,
            0,
            0,
            0,
            0
        ],
        [
            0,
            0,
            0,
            0,
            0
        ],
        [
            0,
            0,
            0,
            0,
            0
        ],
        [
            0,
            0,
            0,
            0,
            0
        ],
        [
            0,
            0,
            0,
            0,
            0
        ],
        [
            0,
            0,
            0,
            0,
            0
        ],
        [
            0,
            0,
            0,
            0,
            0
        ],
        [
            0,
            0,
            0,
            0,
            0
        ]
    ]
}