{
    "input_text": "A cyclist riding in a park.",
    "target_text": "A runner jogging in a park.",
    "num_tokens": 5,
    "adv_prompts": [
        "a cyclist riding in a park. nativity jogging jogging run jumpsuit",
        "a cyclist riding in a park. jogging trot enjoys parkrun pod",
        "a cyclist riding in a park. claus tarot jogging jogging wikipedia",
        "a cyclist riding in a park. walkway jogging sneaker nwt yung",
        "a cyclist riding in a park. nutella jogging fairmont scottsdale run",
        "a cyclist riding in a park. jogging oning steamboat jogging caricature",
        "a cyclist riding in a park. jogging duluth porto jogging backpack",
        "a cyclist riding in a park. jogging bourbon jogging simultaneously hyatt",
        "a cyclist riding in a park. softball jogging chaplin sochi tarot",
        "a cyclist riding in a park. bourbon cottage jogging pong makeover"
    ],
    "blip_scores": [
        [
            1,
            -1,
            1,
            -1,
            0
        ],
        [
            -1,
            -1,
            1,
            -1,
            -1
        ],
        [
            1,
            0,
            1,
            -1,
            -1
        ],
        [
            0,
            0,
            0,
            0,
            0
        ],
        [
            -1,
            0,
            -1,
            -1,
            0
        ],
        [
            0,
            0,
            -1,
            -1,
            -1
        ],
        [
            0,
            0,
            -1,
            -1,
            1
        ],
        [
            -1,
            -1,
            -1,
            1,
            1
        ],
        [
            -1,
            0,
            -1,
            -1,
            -1
        ],
        [
            -1,
            1,
            0,
            1,
            0
        ]
    ],
    "gense_cos_sim": 0.5585979223251343,
    "clip_cos_sim": 0.7807605862617493
}