{
    "input_text": "A construction truck is surrounded by a fence.",
    "target_text": "A pickup truck is surrounded by a fence.",
    "num_tokens": 5,
    "adv_prompts": [
        "a construction truck is surrounded by a fence. plymouth pickup ute pages tally",
        "a construction truck is surrounded by a fence. jesuit oldsmobile pickup fasting pickup",
        "a construction truck is surrounded by a fence. pickup plymouth pickup ups specifications",
        "a construction truck is surrounded by a fence. pickup buick arina rangepickup",
        "a construction truck is surrounded by a fence. designs gmc harrogate pickup lid",
        "a construction truck is surrounded by a fence. pickup ute pickups definition artists",
        "a construction truck is surrounded by a fence. opel pickup pickup flashback alog",
        "a construction truck is surrounded by a fence. publix plymouth pickup packages manufacturers",
        "a construction truck is surrounded by a fence. pickup plymouth pickup grades manufacturers",
        "a construction truck is surrounded by a fence. holden phillip brides pickup specifications"
    ],
    "blip_scores": [
        [
            0,
            1,
            0,
            0,
            1
        ],
        [
            0,
            0,
            0,
            0,
            0
        ],
        [
            0,
            0,
            0,
            1,
            0
        ],
        [
            1,
            0,
            0,
            0,
            0
        ],
        [
            0,
            1,
            0,
            1,
            0
        ],
        [
            1,
            0,
            0,
            0,
            1
        ],
        [
            1,
            0,
            0,
            1,
            0
        ],
        [
            1,
            0,
            1,
            0,
            0
        ],
        [
            0,
            0,
            0,
            1,
            0
        ],
        [
            1,
            1,
            1,
            1,
            0
        ]
    ]
}