{
    "input_text": "A towering tree in a forest.",
    "target_text": "A sapling tree in a forest.",
    "num_tokens": 5,
    "adv_prompts": [
        "a towering tree in a forest. starting seedlings pseufig baby",
        "a towering tree in a forest. seedlings \u30c3rajasrhubarb leaf",
        "a towering tree in a forest. seedlings budding chips plantation unveiling",
        "a towering tree in a forest. ): \"/ seedlings spinach budding",
        "a towering tree in a forest. svraspberry chapashish seedlings",
        "a towering tree in a forest. raspberry seedlings chhattisgarh plot starting",
        "a towering tree in a forest. seedlings leaf capitpattercolt",
        "a towering tree in a forest. spinach budding revamp yixing seedlings",
        "a towering tree in a forest. budding seedlings rookie sprouts \u266a",
        "a towering tree in a forest. suspicious seedlings sprouts planting kaplan"
    ],
    "blip_scores": [
        [
            0,
            1,
            0,
            0,
            1
        ],
        [
            0,
            0,
            0,
            0,
            0
        ],
        [
            0,
            0,
            1,
            0,
            1
        ],
        [
            0,
            0,
            0,
            0,
            0
        ],
        [
            1,
            0,
            0,
            0,
            0
        ],
        [
            0,
            0,
            0,
            0,
            0
        ],
        [
            -1,
            -1,
            -1,
            -1,
            0
        ],
        [
            0,
            0,
            0,
            0,
            1
        ],
        [
            0,
            0,
            0,
            0,
            0
        ],
        [
            0,
            0,
            1,
            0,
            0
        ]
    ],
    "gense_cos_sim": 0.8478619456291199,
    "clip_cos_sim": 0.7850145101547241
}