{
    "input_text": "a couple of animals walking around a farm ",
    "target_text": "a couple of animals walking around a bush ",
    "num_tokens": 5,
    "adv_prompts": [
        "a couple of animals walking around a farm bushes superyacht barbarian aol inventions",
        "a couple of animals walking around a farm >> mangrove sely cone condo",
        "a couple of animals walking around a farm bush pyramhtc corden installation",
        "a couple of animals walking around a farm inflatable baylor shrub ncaa rose",
        "a couple of animals walking around a farm bushes beta sniper bush sparty",
        "a couple of animals walking around a farm themed bushes galerie parsley inal",
        "a couple of animals walking around a farm bush bushes containing \" corsair",
        "a couple of animals walking around a farm shrub idlib guess \" mochi",
        "a couple of animals walking around a farm catcher bush beneath casino baylor",
        "a couple of animals walking around a farm malls hoosier >> mangrove fantasia"
    ],
    "blip_scores": [
        [
            0,
            0,
            0,
            0,
            0
        ],
        [
            0,
            0,
            0,
            0,
            0
        ],
        [
            0,
            0,
            0,
            0,
            0
        ],
        [
            0,
            0,
            0,
            0,
            0
        ],
        [
            -1,
            0,
            0,
            0,
            0
        ],
        [
            0,
            0,
            0,
            0,
            0
        ],
        [
            0,
            1,
            0,
            0,
            0
        ],
        [
            0,
            -1,
            -1,
            0,
            0
        ],
        [
            0,
            0,
            1,
            0,
            0
        ],
        [
            0,
            0,
            0,
            0,
            0
        ]
    ]
}