{
    "input_text": "A man riding a bicycle past a car.",
    "target_text": "A man riding a bike past a car.",
    "num_tokens": 5,
    "adv_prompts": [
        "a man riding a bicycle past a car. priced \u300d disney readiness mugs",
        "a man riding a bicycle past a car. presidente \u00ae quilted mugs reviews",
        "a man riding a bicycle past a car. jfk fairway uniform necklaces quiz",
        "a man riding a bicycle past a car. menus order gtav bearing appstore",
        "a man riding a bicycle past a car. gtav cambercookbook mugs descriptions",
        "a man riding a bicycle past a car. bine fonts \u00ae cufflinks curvy",
        "a man riding a bicycle past a car. sparring solitaire necklace reviews superfood",
        "a man riding a bicycle past a car. foursquare wyatt \u00ae necklace reviews",
        "a man riding a bicycle past a car. gearbox co enjoying revenues tenderloin",
        "a man riding a bicycle past a car. foursquare \u2122 rine transcript necklace"
    ],
    "blip_scores": [
        [
            0,
            0,
            0,
            0,
            0
        ],
        [
            0,
            0,
            0,
            0,
            0
        ],
        [
            0,
            0,
            0,
            0,
            0
        ],
        [
            0,
            0,
            0,
            0,
            0
        ],
        [
            0,
            0,
            0,
            0,
            0
        ],
        [
            0,
            0,
            0,
            0,
            0
        ],
        [
            0,
            0,
            0,
            0,
            0
        ],
        [
            0,
            0,
            0,
            -1,
            0
        ],
        [
            0,
            0,
            0,
            0,
            0
        ],
        [
            0,
            0,
            0,
            0,
            0
        ]
    ]
}