{
    "input_text": "A blue plate loaded with broccoli and cauliflower",
    "target_text": "A blue salad loaded with broccoli and cauliflower",
    "num_tokens": 5,
    "adv_prompts": [
        "a blue plate loaded with broccoli and cauliflower detoseminary inspiring chocolate lasagna",
        "a blue plate loaded with broccoli and cauliflower \" sangria coca ooth 'd",
        "a blue plate loaded with broccoli and cauliflower shiraz sses \u2605 \" smartwatch",
        "a blue plate loaded with broccoli and cauliflower motorcycle sala rectangular cufflinks moonshine",
        "a blue plate loaded with broccoli and cauliflower lasagna \u2013 romantic nederland fragrant",
        "a blue plate loaded with broccoli and cauliflower mindfulness hoodie feminnascar granted",
        "a blue plate loaded with broccoli and cauliflower nascar shines shirt tomb cufflinks",
        "a blue plate loaded with broccoli and cauliflower smartphone leggings unfinished - gatorade",
        "a blue plate loaded with broccoli and cauliflower lovely lasagocean snowboard apron",
        "a blue plate loaded with broccoli and cauliflower black lasagna statistical inspiring kfc"
    ],
    "blip_scores": [
        [
            0,
            -1,
            0,
            0,
            0
        ],
        [
            0,
            -1,
            0,
            0,
            0
        ],
        [
            0,
            0,
            0,
            0,
            0
        ],
        [
            0,
            0,
            0,
            0,
            0
        ],
        [
            0,
            0,
            0,
            0,
            0
        ],
        [
            0,
            -1,
            0,
            0,
            -1
        ],
        [
            0,
            0,
            0,
            0,
            0
        ],
        [
            0,
            0,
            0,
            0,
            0
        ],
        [
            0,
            -1,
            0,
            -1,
            -1
        ],
        [
            0,
            -1,
            0,
            0,
            0
        ]
    ]
}