{
    "input_text": "A display of clocks inside a shop window.",
    "target_text": "A stack of clocks inside a shop window.",
    "num_tokens": 5,
    "adv_prompts": [
        "a display of clocks inside a shop window. paperback assemble stack combo loader",
        "a display of clocks inside a shop window. inflatable stack stack stacked cairn",
        "a display of clocks inside a shop window. stack restroom hugging tubeflying",
        "a display of clocks inside a shop window. stacked pencilwreath mailing stack",
        "a display of clocks inside a shop window. stack redneck hymn stack candle",
        "a display of clocks inside a shop window. inflatable stack interchange burgundy sunk",
        "a display of clocks inside a shop window. stacked milestone stack sterewreath",
        "a display of clocks inside a shop window. gameday stack stack stacked casserole",
        "a display of clocks inside a shop window. stacked stack burial candle stack",
        "a display of clocks inside a shop window. inflatable stack stack combo \u00ae"
    ],
    "blip_scores": [
        [
            0,
            0,
            0,
            0,
            0
        ],
        [
            0,
            0,
            0,
            0,
            0
        ],
        [
            0,
            0,
            0,
            0,
            0
        ],
        [
            0,
            0,
            0,
            0,
            0
        ],
        [
            0,
            0,
            0,
            0,
            0
        ],
        [
            0,
            0,
            0,
            -1,
            0
        ],
        [
            0,
            -1,
            0,
            0,
            0
        ],
        [
            0,
            0,
            0,
            0,
            0
        ],
        [
            0,
            0,
            0,
            0,
            0
        ],
        [
            0,
            0,
            0,
            0,
            0
        ]
    ]
}