{
    "input_text": "A person rides belly-down on a surfboard. ",
    "target_text": "A person rides belly-down on a bicycle. ",
    "num_tokens": 5,
    "adv_prompts": [
        "a person rides belly - down on a surfboard. cycling bicycle apk discography sky",
        "a person rides belly - down on a surfboard. bicycle installed serviceasphalt begging",
        "a person rides belly - down on a surfboard. grassy bike cufflinks bicycles sachin",
        "a person rides belly - down on a surfboard. cyclepolicemen mashup sax bicycle",
        "a person rides belly - down on a surfboard. stroller collector under bicycle courier",
        "a person rides belly - down on a surfboard. bicycle chocolate transparent bicycle bangle",
        "a person rides belly - down on a surfboard. bicycle bangle \". spotcovers",
        "a person rides belly - down on a surfboard. etc bicycle stealth bicycles moon",
        "a person rides belly - down on a surfboard. bicycle tote stray asphalt whisky",
        "a person rides belly - down on a surfboard. shirtless bicycle sprabicycle aa"
    ],
    "blip_scores": [
        [
            0,
            0,
            0,
            0,
            0
        ],
        [
            0,
            0,
            0,
            0,
            0
        ],
        [
            0,
            0,
            0,
            0,
            0
        ],
        [
            0,
            0,
            0,
            0,
            0
        ],
        [
            0,
            0,
            0,
            0,
            0
        ],
        [
            0,
            0,
            0,
            0,
            0
        ],
        [
            0,
            0,
            0,
            0,
            0
        ],
        [
            0,
            0,
            0,
            0,
            0
        ],
        [
            0,
            0,
            0,
            0,
            0
        ],
        [
            0,
            0,
            0,
            0,
            0
        ]
    ]
}