{
    "input_text": " red light with street signs that restrict traffic.",
    "target_text": "Street light with street signs that restrict traffic.",
    "num_tokens": 5,
    "adv_prompts": [
        "red light with street signs that restrict traffic. glastonbury lamp austrian hd walters",
        "red light with street signs that restrict traffic. lamp superyacht docked bhutan |",
        "red light with street signs that restrict traffic. bhutan illuminated hookah \". simplicity",
        "red light with street signs that restrict traffic. pompeii illuminated bhutan telescope \u2032",
        "red light with street signs that restrict traffic. camper cola vendor by auschwitz",
        "red light with street signs that restrict traffic. \u2665\u2665\u2665 dubrovnik kiosk chair wonderful",
        "red light with street signs that restrict traffic. sells wainwright superyacht a fascinating",
        "red light with street signs that restrict traffic. bremen treehouse cooled pour spain",
        "red light with street signs that restrict traffic. paycheck campground { cartagena espa\u00f1a",
        "red light with street signs that restrict traffic. somalia campground astrophotography antenna puma"
    ],
    "blip_scores": [
        [
            0,
            0,
            0,
            0,
            0
        ],
        [
            0,
            0,
            0,
            0,
            0
        ],
        [
            0,
            0,
            0,
            0,
            0
        ],
        [
            0,
            0,
            0,
            0,
            0
        ],
        [
            0,
            0,
            0,
            0,
            0
        ],
        [
            0,
            0,
            0,
            0,
            0
        ],
        [
            0,
            0,
            0,
            0,
            0
        ],
        [
            0,
            0,
            0,
            0,
            0
        ],
        [
            0,
            0,
            0,
            0,
            0
        ],
        [
            0,
            0,
            0,
            0,
            0
        ]
    ]
}