{
    "input_text": "A mother sheep with two black baby sheeps.",
    "target_text": "A white sheep with two black baby sheeps.",
    "num_tokens": 5,
    "adv_prompts": [
        "a mother sheep with two black baby sheeps. playstation plaster indians spongebob oldsmobile",
        "a mother sheep with two black baby sheeps. white buick utes alligator ronald",
        "a mother sheep with two black baby sheeps. taj powerpoint ti penguin chairs",
        "a mother sheep with two black baby sheeps. autodesk linus superman snowman marvin",
        "a mother sheep with two black baby sheeps. lego playstation snowman astronaut buick",
        "a mother sheep with two black baby sheeps. nasdaq ceilings pillows waldo mickey",
        "a mother sheep with two black baby sheeps. elmo superman white aztec mohammad",
        "a mother sheep with two black baby sheeps. superman oo sanjay plastic white",
        "a mother sheep with two black baby sheeps. contents snowman stormtrooper spongebob oldsmobile",
        "a mother sheep with two black baby sheeps. asics tennis tubular amie blanco"
    ],
    "blip_scores": [
        [
            0,
            0,
            0,
            0,
            0
        ],
        [
            0,
            0,
            0,
            0,
            0
        ],
        [
            0,
            0,
            0,
            0,
            0
        ],
        [
            0,
            0,
            0,
            0,
            0
        ],
        [
            0,
            0,
            0,
            0,
            0
        ],
        [
            0,
            0,
            0,
            0,
            0
        ],
        [
            0,
            0,
            0,
            0,
            0
        ],
        [
            1,
            0,
            0,
            0,
            0
        ],
        [
            0,
            0,
            0,
            0,
            0
        ],
        [
            0,
            0,
            0,
            0,
            0
        ]
    ]
}