{
    "input_text": "A furry cat sits on a blue chair. ",
    "target_text": "A furry kitten sits on a blue chair. ",
    "num_tokens": 5,
    "adv_prompts": [
        "a furry cat sits on a blue chair. chinook palestine kitten amelia describing",
        "a furry cat sits on a blue chair. tejamal slovenia footed kitten",
        "a furry cat sits on a blue chair. sumatjaw kitten dednicaragua",
        "a furry cat sits on a blue chair. kitten viii dmitry ker glucose",
        "a furry cat sits on a blue chair. bangladesh?' kiesnepali kitten",
        "a furry cat sits on a blue chair. nikita kitten mahon portucardinals",
        "a furry cat sits on a blue chair. guam'cordijerusalem kitten",
        "a furry cat sits on a blue chair. guaybrazilian filly chana kitten",
        "a furry cat sits on a blue chair. botswana juvenkitten kriana",
        "a furry cat sits on a blue chair. sumatmangrove kitten diane \u3010"
    ],
    "blip_scores": [
        [
            0,
            0,
            0,
            0,
            0
        ],
        [
            0,
            0,
            0,
            0,
            0
        ],
        [
            0,
            0,
            0,
            0,
            0
        ],
        [
            0,
            0,
            1,
            1,
            0
        ],
        [
            0,
            -1,
            0,
            0,
            0
        ],
        [
            0,
            0,
            0,
            0,
            0
        ],
        [
            0,
            0,
            0,
            0,
            0
        ],
        [
            0,
            0,
            0,
            0,
            0
        ],
        [
            0,
            0,
            0,
            0,
            0
        ],
        [
            0,
            0,
            0,
            0,
            0
        ]
    ]
}