{
    "input_text": "A backpack in a forest.",
    "target_text": "A cabin in a forest.",
    "num_tokens": 5,
    "adv_prompts": [
        "a backpack in a forest. tvxq cabin container motown conan",
        "a backpack in a forest. vase lyrics snsd garfield minnie",
        "a backpack in a forest. woolf castle wallpapers cabin boats",
        "a backpack in a forest. cabins dock songs aquarium cd",
        "a backpack in a forest. vixx \uc2a4 dubstep powerpoint cottages",
        "a backpack in a forest. cabin disco boats iu curtain",
        "a backpack in a forest. usher tutorials yixing dunkin cabin",
        "a backpack in a forest. dock songs aerosmith middlesbrough cato",
        "a backpack in a forest. lyrics cabin aoa container mickey",
        "a backpack in a forest. floating goldie hut shinee edm"
    ],
    "blip_scores": [
        [
            0,
            0,
            0,
            0,
            0
        ],
        [
            0,
            0,
            0,
            0,
            0
        ],
        [
            1,
            0,
            0,
            0,
            1
        ],
        [
            1,
            0,
            0,
            0,
            0
        ],
        [
            0,
            0,
            0,
            0,
            0
        ],
        [
            0,
            0,
            1,
            0,
            1
        ],
        [
            0,
            0,
            -1,
            0,
            -1
        ],
        [
            0,
            0,
            0,
            0,
            0
        ],
        [
            0,
            0,
            0,
            0,
            0
        ],
        [
            1,
            1,
            1,
            1,
            1
        ]
    ],
    "gense_cos_sim": 0.681054949760437,
    "clip_cos_sim": 0.7128350138664246
}