{
    "input_text": "a black and white photo of a clock",
    "target_text": "a black and white photo of a woman",
    "num_tokens": 5,
    "adv_prompts": [
        "a black and white photo of a clock era milf ordinate melanie",
        "a black and white photo of a clock township milf uk dun irina",
        "a black and white photo of a clock less milf rina wife missy",
        "a black and white photo of a clock comb viper woman beavers hanukkah",
        "a black and white photo of a clock throary aunty irina milf",
        "a black and white photo of a clock mill dam babe,... milf",
        "a black and white photo of a clock rise cashew dam hostess milf",
        "a black and white photo of a clock member wife reen \" milf",
        "a black and white photo of a clock era milf cougar wed carolyn",
        "a black and white photo of a clock less alumna mami wiesvada"
    ],
    "blip_scores": [
        [
            1,
            1,
            1,
            1,
            1
        ],
        [
            1,
            1,
            1,
            1,
            -1
        ],
        [
            1,
            0,
            0,
            0,
            0
        ],
        [
            0,
            1,
            1,
            1,
            1
        ],
        [
            1,
            1,
            1,
            1,
            1
        ],
        [
            1,
            0,
            1,
            0,
            0
        ],
        [
            1,
            1,
            0,
            1,
            1
        ],
        [
            1,
            1,
            1,
            1,
            1
        ],
        [
            1,
            1,
            1,
            1,
            1
        ],
        [
            1,
            1,
            1,
            1,
            1
        ]
    ]
}