{
    "input_text": " fridge with everything on it sitting on counter.  ",
    "target_text": "Pizza with everything on it sitting on counter.  ",
    "num_tokens": 5,
    "adv_prompts": [
        "fridge with everything on it sitting on counter. andhra chipotle welsh chess pizza",
        "fridge with everything on it sitting on counter. roadhouse chichester etched duck pizza",
        "fridge with everything on it sitting on counter. sichuan hbo chicken pizza townsville",
        "fridge with everything on it sitting on counter. colombian nutella pancake pizza oliver",
        "fridge with everything on it sitting on counter. bollywood pork pizza bloomington sichuan",
        "fridge with everything on it sitting on counter. andhra cutout pizza yellowstone tart",
        "fridge with everything on it sitting on counter. \u00b7 chipotle dessert pizza wildcat",
        "fridge with everything on it sitting on counter. \u00ae worcestershire taco tamil pizza",
        "fridge with everything on it sitting on counter. kannada roadhouse bayern pancake pizza",
        "fridge with everything on it sitting on counter. \u00b7 oktoberfest pizza lois pizza"
    ],
    "blip_scores": [
        [
            0,
            1,
            1,
            1,
            1
        ],
        [
            1,
            1,
            0,
            1,
            1
        ],
        [
            0,
            1,
            1,
            1,
            1
        ],
        [
            1,
            1,
            1,
            0,
            1
        ],
        [
            0,
            0,
            1,
            1,
            1
        ],
        [
            1,
            1,
            1,
            1,
            1
        ],
        [
            0,
            1,
            1,
            1,
            1
        ],
        [
            1,
            1,
            1,
            1,
            0
        ],
        [
            1,
            1,
            1,
            1,
            1
        ],
        [
            1,
            1,
            1,
            1,
            1
        ]
    ]
}