{
    "input_text": "A skateboarder preforming tricks on a half pipe. ",
    "target_text": "A magician preforming tricks on a half pipe. ",
    "num_tokens": 5,
    "adv_prompts": [
        "a skateboarder preforming tricks on a half pipe. bertpinttrilosaxophone pong",
        "a skateboarder preforming tricks on a half pipe. supervisor steampunk tedxmagician bundles",
        "a skateboarder preforming tricks on a half pipe. conductor symphonic mickjeopardy realtime",
        "a skateboarder preforming tricks on a half pipe. cabbage pistachio madhubiryani grilling",
        "a skateboarder preforming tricks on a half pipe. magician propane violin cufflinks nab",
        "a skateboarder preforming tricks on a half pipe. unlocked magician embraces jeffersonballoon",
        "a skateboarder preforming tricks on a half pipe. magician budgeting examining spinach wally",
        "a skateboarder preforming tricks on a half pipe. cello musically qr cufflinks upcycled",
        "a skateboarder preforming tricks on a half pipe. magician | psychic conducts masterchef",
        "a skateboarder preforming tricks on a half pipe. egyptian magician meteorologist phic cufflinks"
    ],
    "blip_scores": [
        [
            0,
            0,
            0,
            0,
            0
        ],
        [
            0,
            0,
            -1,
            -1,
            -1
        ],
        [
            0,
            0,
            -1,
            0,
            0
        ],
        [
            0,
            0,
            0,
            0,
            0
        ],
        [
            0,
            0,
            0,
            0,
            0
        ],
        [
            -1,
            -1,
            -1,
            -1,
            -1
        ],
        [
            0,
            0,
            -1,
            -1,
            -1
        ],
        [
            0,
            0,
            0,
            0,
            0
        ],
        [
            0,
            0,
            0,
            -1,
            0
        ],
        [
            0,
            0,
            0,
            0,
            0
        ]
    ]
}