{
    "input_text": "A magician preforming tricks on a half pipe. ",
    "target_text": "A skateboarder preforming tricks on a half pipe. ",
    "num_tokens": 5,
    "adv_prompts": [
        "a magician preforming tricks on a half pipe. commuter ollie ando boarder fs",
        "a magician preforming tricks on a half pipe. boarder gradable skateboard \\' mckee",
        "a magician preforming tricks on a half pipe. skateboarding boarder sotho ollie rika",
        "a magician preforming tricks on a half pipe. skateboarding homies skaters romero boots",
        "a magician preforming tricks on a half pipe. skaters locals skateboarding darcy miho",
        "a magician preforming tricks on a half pipe. eid locals skateboarding ollie gonzales",
        "a magician preforming tricks on a half pipe. mortar edit skateboard ffey gonzales",
        "a magician preforming tricks on a half pipe. bronte gonzalez ollie eved fs",
        "a magician preforming tricks on a half pipe. pms skateboard :( darcy ide",
        "a magician preforming tricks on a half pipe. skateboarding inr hometown boarder reece"
    ],
    "blip_scores": [
        [
            1,
            1,
            1,
            1,
            1
        ],
        [
            1,
            0,
            1,
            1,
            1
        ],
        [
            1,
            1,
            1,
            0,
            1
        ],
        [
            1,
            1,
            1,
            1,
            1
        ],
        [
            1,
            1,
            0,
            1,
            1
        ],
        [
            1,
            1,
            1,
            1,
            1
        ],
        [
            1,
            1,
            0,
            1,
            1
        ],
        [
            1,
            0,
            1,
            1,
            1
        ],
        [
            1,
            1,
            1,
            1,
            1
        ],
        [
            1,
            1,
            1,
            1,
            0
        ]
    ]
}