{
    "input_text": "A long horn cow resting in the grass.",
    "target_text": "A long dead cow resting in the grass.",
    "num_tokens": 5,
    "adv_prompts": [
        "a long horn cow resting in the grass. adverts deaths beer pere kerry",
        "a long horn cow resting in the grass. dubstep cello jolmarkers undertale",
        "a long horn cow resting in the grass. pressing undertale skeleton surfing luigi",
        "a long horn cow resting in the grass. plank luigi spin niall kite",
        "a long horn cow resting in the grass. dead jukebox agar undertale fukushima",
        "a long horn cow resting in the grass. dead fenerbahbadge undertale mince",
        "a long horn cow resting in the grass. robbers martincooldrowned ronaldo",
        "a long horn cow resting in the grass. dead miku dell tearing akira",
        "a long horn cow resting in the grass. drowned lukaku parachute skull luigi",
        "a long horn cow resting in the grass. dead snowman twitter guinness goku"
    ],
    "blip_scores": [
        [
            -1,
            -1,
            -1,
            -1,
            0
        ],
        [
            0,
            0,
            0,
            0,
            0
        ],
        [
            0,
            0,
            0,
            0,
            0
        ],
        [
            0,
            0,
            0,
            0,
            0
        ],
        [
            0,
            0,
            0,
            0,
            0
        ],
        [
            0,
            0,
            0,
            0,
            0
        ],
        [
            0,
            0,
            0,
            0,
            0
        ],
        [
            -1,
            0,
            -1,
            -1,
            0
        ],
        [
            0,
            0,
            0,
            0,
            0
        ],
        [
            0,
            0,
            0,
            0,
            0
        ]
    ]
}