{
    "input_text": "A person riding the waves on a bicycle.",
    "target_text": "A person riding the waves on a surfboard.",
    "num_tokens": 5,
    "adv_prompts": [
        "a person riding the waves on a bicycle. jalape\u00f1o bord shear helmet surfing",
        "a person riding the waves on a bicycle. surfzer ppv platter goggles",
        "a person riding the waves on a bicycle. surrender basque bulletproof boardpads",
        "a person riding the waves on a bicycle. pancreatic surftail board board",
        "a person riding the waves on a bicycle. insist surfing sup bulletproof wedge",
        "a person riding the waves on a bicycle. mandela tail sup yeast helmet",
        "a person riding the waves on a bicycle. surf ply tician boards sup",
        "a person riding the waves on a bicycle. neet wildcard compound sup bat",
        "a person riding the waves on a bicycle. heroine basque this snowboard goggles",
        "a person riding the waves on a bicycle. jalape\u00f1o sup goggles surfers tioning"
    ],
    "blip_scores": [
        [
            1,
            1,
            1,
            1,
            1
        ],
        [
            1,
            1,
            -1,
            1,
            1
        ],
        [
            1,
            1,
            1,
            1,
            1
        ],
        [
            -1,
            0,
            1,
            -1,
            1
        ],
        [
            1,
            1,
            1,
            1,
            1
        ],
        [
            1,
            1,
            1,
            1,
            1
        ],
        [
            1,
            1,
            0,
            -1,
            1
        ],
        [
            1,
            1,
            1,
            1,
            1
        ],
        [
            1,
            0,
            1,
            1,
            1
        ],
        [
            1,
            1,
            1,
            1,
            -1
        ]
    ]
}