{
    "input_text": "A group of people skiing on a glacier ",
    "target_text": "A group of people skiing on a slope ",
    "num_tokens": 5,
    "adv_prompts": [
        "a group of people skiing on a glacier grass slopes residences downhill kelowna",
        "a group of people skiing on a glacier ridge road neighbourhood rampage cvs",
        "a group of people skiing on a glacier grass tail toes fitter fitted",
        "a group of people skiing on a glacier creek valley hill mowing results",
        "a group of people skiing on a glacier dell mcmillan slope strips mortgage",
        "a group of people skiing on a glacier grass sided selby colorway installed",
        "a group of people skiing on a glacier jade colorway craigslist trench \u300a",
        "a group of people skiing on a glacier hill clough dale campus figures",
        "a group of people skiing on a glacier downhill derdale weave adjustable lying",
        "a group of people skiing on a glacier heap hillside manga rine oct"
    ],
    "blip_scores": [
        [
            1,
            1,
            1,
            1,
            1
        ],
        [
            1,
            1,
            1,
            1,
            1
        ],
        [
            0,
            1,
            0,
            0,
            1
        ],
        [
            1,
            1,
            1,
            1,
            1
        ],
        [
            1,
            1,
            1,
            1,
            1
        ],
        [
            1,
            1,
            0,
            1,
            1
        ],
        [
            0,
            0,
            0,
            0,
            0
        ],
        [
            1,
            1,
            1,
            0,
            1
        ],
        [
            0,
            0,
            1,
            1,
            0
        ],
        [
            1,
            1,
            0,
            1,
            0
        ]
    ]
}