{
    "input_text": "a painting on a table behind a painting.",
    "target_text": "a clock on a table behind a painting.",
    "num_tokens": 5,
    "adv_prompts": [
        "a painting on a table behind a painting. bartolglock oliverreplica clock",
        "a painting on a table behind a painting. loganatonclocks clock pictured",
        "a painting on a table behind a painting. mora presentation clock ock plaque",
        "a painting on a table behind a painting. clocks settling \" firefighters discussing",
        "a painting on a table behind a painting. clock with zodiengers decorations",
        "a painting on a table behind a painting. mechanical clock with engineering plaques",
        "a painting on a table behind a painting. clock ronalthermometer \" wallpapers",
        "a painting on a table behind a painting. nativity clockwork wallpaper vector clocks",
        "a painting on a table behind a painting. clock with watches conceived displayed",
        "a painting on a table behind a painting. andrewclassical datepatterned clock"
    ],
    "blip_scores": [
        [
            1,
            1,
            1,
            1,
            1
        ],
        [
            0,
            1,
            0,
            0,
            1
        ],
        [
            1,
            1,
            0,
            1,
            0
        ],
        [
            0,
            0,
            0,
            1,
            0
        ],
        [
            0,
            1,
            0,
            0,
            1
        ],
        [
            0,
            0,
            0,
            0,
            0
        ],
        [
            0,
            1,
            0,
            0,
            0
        ],
        [
            1,
            0,
            1,
            0,
            1
        ],
        [
            0,
            0,
            0,
            1,
            0
        ],
        [
            1,
            0,
            0,
            1,
            0
        ]
    ]
}