{
    "input_text": "A brown bench sitting next to a forest.",
    "target_text": "A brown bear sitting next to a forest.",
    "num_tokens": 5,
    "adv_prompts": [
        "a brown bench sitting next to a forest. grizzly juvenile female \u2013 seated",
        "a brown bench sitting next to a forest. juvenile grizzly eating nourihailey",
        "a brown bench sitting next to a forest. grizzly reconstruction singaporebanded bear",
        "a brown bench sitting next to a forest. brown bear cub juvenile seated",
        "a brown bench sitting next to a forest. juvenile seated grizzly thakalaska",
        "a brown bench sitting next to a forest. grizzly monitoring adult playing injured",
        "a brown bench sitting next to a forest. raul greenpeace grizzly owl mugshot",
        "a brown bench sitting next to a forest. grizzly developing glance juvenile cub",
        "a brown bench sitting next to a forest. grizzly juvenile adult cleaning wildflower",
        "a brown bench sitting next to a forest. younger bear portrait feeding surgical"
    ],
    "blip_scores": [
        [
            0,
            1,
            0,
            0,
            0
        ],
        [
            0,
            0,
            0,
            0,
            0
        ],
        [
            0,
            1,
            0,
            0,
            0
        ],
        [
            0,
            0,
            1,
            0,
            1
        ],
        [
            1,
            0,
            0,
            0,
            0
        ],
        [
            0,
            1,
            0,
            -1,
            0
        ],
        [
            0,
            -1,
            0,
            0,
            0
        ],
        [
            0,
            0,
            0,
            0,
            0
        ],
        [
            0,
            0,
            0,
            0,
            0
        ],
        [
            0,
            0,
            0,
            0,
            0
        ]
    ]
}