{
    "input_text": "An owl in a shopping mall.",
    "target_text": "An owl in a forest.",
    "num_tokens": 5,
    "adv_prompts": [
        "an owl in a shopping mall. roses forests woodland renovated cemetery",
        "an owl in a shopping mall. cemetery forest boise roadway mystical",
        "an owl in a shopping mall. thoroughbred cathedral treehouse bbysunflowers",
        "an owl in a shopping mall. figurative mumford cemetery woods frosted",
        "an owl in a shopping mall. woods blossoms forests towel wilmington",
        "an owl in a shopping mall. illuminated woods cemetery stacy gettysburg",
        "an owl in a shopping mall. howarcemetery forest omaha fog",
        "an owl in a shopping mall. bluebells cemetery woods perspective strawberry",
        "an owl in a shopping mall. synagogue treehouse \u2013 unveiled miner",
        "an owl in a shopping mall. woods trees cardinal hgtv token"
    ],
    "blip_scores": [
        [
            0,
            0,
            0,
            0,
            0
        ],
        [
            0,
            0,
            0,
            0,
            0
        ],
        [
            1,
            1,
            0,
            0,
            0
        ],
        [
            1,
            0,
            0,
            1,
            0
        ],
        [
            0,
            0,
            0,
            -1,
            -1
        ],
        [
            0,
            0,
            0,
            0,
            0
        ],
        [
            0,
            0,
            0,
            0,
            0
        ],
        [
            0,
            0,
            1,
            0,
            1
        ],
        [
            0,
            0,
            0,
            0,
            0
        ],
        [
            0,
            0,
            0,
            0,
            0
        ]
    ],
    "gense_cos_sim": 0.6860411763191223,
    "clip_cos_sim": 0.698508083820343
}