{
    "input_text": "a building with a bell tower and clock",
    "target_text": "a building with a clock tower and clock",
    "num_tokens": 5,
    "adv_prompts": [
        "a building with a bell tower and clock pier bathtub ebo alicia starts",
        "a building with a bell tower and clock blaster shuts dismiss \u00bb debuted",
        "a building with a bell tower and clock tower vmware igor ebooks faq",
        "a building with a bell tower and clock customized exit ebo sunglasses oval",
        "a building with a bell tower and clock mart eyewear bloomington lilac ace",
        "a building with a bell tower and clock creek cpu locker biennale achieves",
        "a building with a bell tower and clock jong bridge resumes tripadvisor entitled",
        "a building with a bell tower and clock meier x anthi unveils \"\"",
        "a building with a bell tower and clock typeface interested checklist elevator doe",
        "a building with a bell tower and clock enterprises keowildflower triple \":"
    ],
    "blip_scores": [
        [
            0,
            0,
            0,
            0,
            0
        ],
        [
            0,
            0,
            0,
            0,
            0
        ],
        [
            0,
            0,
            0,
            0,
            0
        ],
        [
            0,
            1,
            0,
            0,
            1
        ],
        [
            0,
            0,
            1,
            0,
            0
        ],
        [
            0,
            0,
            0,
            0,
            0
        ],
        [
            0,
            0,
            1,
            0,
            0
        ],
        [
            1,
            0,
            0,
            0,
            0
        ],
        [
            0,
            0,
            0,
            0,
            0
        ],
        [
            0,
            1,
            0,
            0,
            0
        ]
    ]
}