{
    "input_text": "a person in a field with a frisbee ",
    "target_text": "a person in a bikini with a frisbee ",
    "num_tokens": 5,
    "adv_prompts": [
        "a person in a field with a frisbee rink porridge underwear \" bikini",
        "a person in a field with a frisbee salary bikini \u2022 \" pant",
        "a person in a field with a frisbee salary formal elections bikini \"",
        "a person in a field with a frisbee brakes joyride swimsuit \" bikini",
        "a person in a field with a frisbee rink exclusives swimsuit \" bikini",
        "a person in a field with a frisbee shorts bikini \" journalist _",
        "a person in a field with a frisbee bikini then esports \u2122 )/",
        "a person in a field with a frisbee shooters teacher pool underwear bikini",
        "a person in a field with a frisbee rink bikini \u2122 mando 9",
        "a person in a field with a frisbee glance \u2122 joke file bikini"
    ],
    "blip_scores": [
        [
            0,
            0,
            0,
            0,
            0
        ],
        [
            0,
            0,
            0,
            0,
            1
        ],
        [
            0,
            0,
            0,
            0,
            0
        ],
        [
            0,
            0,
            0,
            0,
            0
        ],
        [
            0,
            0,
            0,
            0,
            0
        ],
        [
            0,
            0,
            0,
            0,
            0
        ],
        [
            0,
            0,
            0,
            0,
            0
        ],
        [
            0,
            0,
            0,
            0,
            1
        ],
        [
            1,
            0,
            0,
            0,
            0
        ],
        [
            0,
            0,
            0,
            0,
            0
        ]
    ]
}