{
    "input_text": "a plane is flying through some dark clouds",
    "target_text": "a drone is flying through some dark clouds",
    "num_tokens": 5,
    "adv_prompts": [
        "a plane is flying through some dark clouds drone quadcopter accidentally realizing savory",
        "a plane is flying through some dark clouds drone dron into displaying adorable",
        "a plane is flying through some dark clouds propel drone screaming dron delicate",
        "a plane is flying through some dark clouds into this drone drone flashing",
        "a plane is flying through some dark clouds drone confiscausing quadcopter,",
        "a plane is flying through some dark clouds amartering drone drones able",
        "a plane is flying through some dark clouds but dron drone expert drone",
        "a plane is flying through some dark clouds letting drone drone to cute",
        "a plane is flying through some dark clouds but flowing drone calf /",
        "a plane is flying through some dark clouds drone clone by an dron"
    ],
    "blip_scores": [
        [
            0,
            0,
            0,
            0,
            0
        ],
        [
            0,
            0,
            0,
            0,
            0
        ],
        [
            0,
            0,
            0,
            0,
            0
        ],
        [
            0,
            0,
            0,
            0,
            0
        ],
        [
            0,
            0,
            1,
            1,
            0
        ],
        [
            0,
            1,
            0,
            0,
            0
        ],
        [
            0,
            0,
            0,
            1,
            0
        ],
        [
            0,
            0,
            0,
            0,
            0
        ],
        [
            0,
            0,
            0,
            0,
            -1
        ],
        [
            0,
            0,
            0,
            0,
            0
        ]
    ]
}