{
    "input_text": "A large yellow train moving down a track.",
    "target_text": "A large yellow truck moving down a track.",
    "num_tokens": 5,
    "adv_prompts": [
        "a large yellow train moving down a track. providing dana racer truck trunk",
        "a large yellow train moving down a track. smooth trinssc bearer truck",
        "a large yellow train moving down a track. interact conversion truck working brilliantly",
        "a large yellow train moving down a track. formed elegance ute championship lorry",
        "a large yellow train moving down a track. standing alog motorsport truck hooker",
        "a large yellow train moving down a track. fia optimizing ford sharia truck",
        "a large yellow train moving down a track. formed truck exoplanhaute race",
        "a large yellow train moving down a track. renault mesh boxer trucks legit",
        "a large yellow train moving down a track. qi trucks perfectly motorsport superfood",
        "a large yellow train moving down a track. sol sparkmotorsport truck undoubtedly"
    ],
    "blip_scores": [
        [
            -1,
            1,
            1,
            1,
            0
        ],
        [
            0,
            0,
            0,
            -1,
            0
        ],
        [
            0,
            0,
            0,
            -1,
            0
        ],
        [
            0,
            1,
            1,
            0,
            1
        ],
        [
            0,
            0,
            1,
            1,
            0
        ],
        [
            1,
            -1,
            0,
            1,
            1
        ],
        [
            -1,
            -1,
            -1,
            -1,
            -1
        ],
        [
            -1,
            1,
            -1,
            0,
            0
        ],
        [
            -1,
            -1,
            -1,
            1,
            -1
        ],
        [
            1,
            0,
            0,
            1,
            -1
        ]
    ]
}