{
    "input_text": "a spin brush tooth brush on the sink",
    "target_text": "a tooth brush tooth brush on the sink",
    "num_tokens": 5,
    "adv_prompts": [
        "a spin brush tooth brush on the sink lennon penske cashew haircut mack",
        "a spin brush tooth brush on the sink encouraged indycar celery shaming channing",
        "a spin brush tooth brush on the sink honda patchwork romper audiobook shay",
        "a spin brush tooth brush on the sink judaism spaceship abbie.\" celery",
        "a spin brush tooth brush on the sink fenway judaism bhutto poached sunbathing",
        "a spin brush tooth brush on the sink sunbathing intment graduation python pistachio",
        "a spin brush tooth brush on the sink fenway embraces snakes ashamed beatrice",
        "a spin brush tooth brush on the sink ahhh archbishop vaccinated halsey harvick",
        "a spin brush tooth brush on the sink salaries coutinho netanyahu acknowledges huddersfield",
        "a spin brush tooth brush on the sink rescues cayenne netanyahu shh clifford"
    ],
    "blip_scores": [
        [
            0,
            0,
            0,
            0,
            0
        ],
        [
            0,
            0,
            0,
            0,
            0
        ],
        [
            0,
            0,
            0,
            0,
            0
        ],
        [
            0,
            0,
            0,
            0,
            0
        ],
        [
            0,
            0,
            0,
            0,
            0
        ],
        [
            0,
            0,
            0,
            0,
            0
        ],
        [
            0,
            0,
            0,
            0,
            0
        ],
        [
            0,
            0,
            0,
            0,
            0
        ],
        [
            0,
            0,
            0,
            0,
            0
        ],
        [
            0,
            0,
            0,
            0,
            0
        ]
    ]
}