{
    "input_text": "A brown bear sitting next to a forest.",
    "target_text": "A brown bench sitting next to a forest.",
    "num_tokens": 5,
    "adv_prompts": [
        "a brown bear sitting next to a forest. bench arbor inscribed guitar commemorates",
        "a brown bear sitting next to a forest. lizzie mcguire mansion \u2713 bench",
        "a brown bear sitting next to a forest. violin suitcase bangtan codes wts",
        "a brown bear sitting next to a forest. benches eachother atlantis \u10e6 paperback",
        "a brown bear sitting next to a forest. manly harrogate bench rosewood socially",
        "a brown bear sitting next to a forest. armchair ideas mahogany ponte bench",
        "a brown bear sitting next to a forest. benches carrying \u25ba conservatory hoco",
        "a brown bear sitting next to a forest. dfs benches ponte bench clifton",
        "a brown bear sitting next to a forest. benches recalling hoco canelo chairs",
        "a brown bear sitting next to a forest. benches plaque cleaners setlist bangtan"
    ],
    "blip_scores": [
        [
            1,
            1,
            1,
            1,
            1
        ],
        [
            0,
            0,
            0,
            0,
            0
        ],
        [
            0,
            0,
            0,
            0,
            0
        ],
        [
            1,
            0,
            1,
            0,
            -1
        ],
        [
            0,
            0,
            1,
            0,
            1
        ],
        [
            1,
            1,
            0,
            0,
            1
        ],
        [
            1,
            0,
            -1,
            0,
            1
        ],
        [
            0,
            0,
            1,
            0,
            0
        ],
        [
            1,
            1,
            0,
            1,
            1
        ],
        [
            1,
            1,
            0,
            1,
            0
        ]
    ]
}