{
    "input_text": "A collection of paintings against a wall outside.",
    "target_text": "A collection of paintings against a fence outside.",
    "num_tokens": 5,
    "adv_prompts": [
        "a collection of paintings against a wall outside. fence closures ornchedfence",
        "a collection of paintings against a wall outside. fence _ covered fence refurbishment",
        "a collection of paintings against a wall outside. # fence amid prettier fence",
        "a collection of paintings against a wall outside. fenfences cay )) fence",
        "a collection of paintings against a wall outside. fence surrounding prom fence viii",
        "a collection of paintings against a wall outside. fence surrounded fence panel outline",
        "a collection of paintings against a wall outside. fences nucledrenched fence bir",
        "a collection of paintings against a wall outside. fences along fence fence calendar",
        "a collection of paintings against a wall outside. fence amid anterfences fence",
        "a collection of paintings against a wall outside. fences supplying every fence mountaineer"
    ],
    "blip_scores": [
        [
            0,
            0,
            0,
            0,
            0
        ],
        [
            1,
            0,
            0,
            1,
            0
        ],
        [
            1,
            1,
            0,
            1,
            1
        ],
        [
            0,
            0,
            0,
            0,
            0
        ],
        [
            1,
            0,
            0,
            0,
            1
        ],
        [
            0,
            0,
            0,
            0,
            0
        ],
        [
            0,
            0,
            0,
            1,
            0
        ],
        [
            0,
            0,
            0,
            0,
            0
        ],
        [
            0,
            0,
            0,
            0,
            0
        ],
        [
            0,
            0,
            1,
            1,
            0
        ]
    ]
}