{
    "input_text": "A skier is going through bumpy snow hills.",
    "target_text": "A train is going through bumpy snow hills.",
    "num_tokens": 5,
    "adv_prompts": [
        "a skier is going through bumpy snow hills. train projection songs frederdiscography",
        "a skier is going through bumpy snow hills. relegated train \u266c coinwrapping",
        "a skier is going through bumpy snow hills. train starring starship -_- unsung",
        "a skier is going through bumpy snow hills. trains sailing locomotive \u263a ghostbusters",
        "a skier is going through bumpy snow hills. pianolocomotive train reborn quartet",
        "a skier is going through bumpy snow hills. train starring trains \u2764 eurovision",
        "a skier is going through bumpy snow hills. )# railway trains workout glitch",
        "a skier is going through bumpy snow hills. train diner pinball robbed amtrak",
        "a skier is going through bumpy snow hills. train locomotive refurburglary scrabble",
        "a skier is going through bumpy snow hills. trains suspeclocomotive -_- cupcakes"
    ],
    "blip_scores": [
        [
            0,
            0,
            1,
            -1,
            0
        ],
        [
            1,
            0,
            0,
            1,
            1
        ],
        [
            0,
            1,
            0,
            0,
            0
        ],
        [
            0,
            0,
            1,
            0,
            0
        ],
        [
            1,
            0,
            1,
            0,
            0
        ],
        [
            0,
            0,
            1,
            0,
            0
        ],
        [
            0,
            0,
            0,
            0,
            0
        ],
        [
            0,
            0,
            1,
            0,
            0
        ],
        [
            0,
            0,
            1,
            1,
            0
        ],
        [
            1,
            1,
            0,
            0,
            0
        ]
    ]
}