{
    "input_text": "A single horse walking on a rocky trail.",
    "target_text": "A single woman walking on a rocky trail.",
    "num_tokens": 5,
    "adv_prompts": [
        "a single horse walking on a rocky trail. dance kingfisher woman thermal ironman",
        "a single horse walking on a rocky trail. woman raid lawndarts girl",
        "a single horse walking on a rocky trail. ronaldo lpga overview disco discography",
        "a single horse walking on a rocky trail. puma harrier ladies shelves dodgers",
        "a single horse walking on a rocky trail. epaper cricketers combat women trudeau",
        "a single horse walking on a rocky trail. woman complete stargate lumbersquat",
        "a single horse walking on a rocky trail. aluminum woman worker animation cheering",
        "a single horse walking on a rocky trail. women paparazzi figurative triathlon frisco",
        "a single horse walking on a rocky trail. lego slinger woman structural fisher",
        "a single horse walking on a rocky trail. marian crackdown robotic girl cassette"
    ],
    "blip_scores": [
        [
            1,
            1,
            1,
            1,
            1
        ],
        [
            1,
            1,
            1,
            1,
            1
        ],
        [
            0,
            0,
            0,
            0,
            0
        ],
        [
            0,
            0,
            0,
            0,
            0
        ],
        [
            0,
            0,
            0,
            0,
            0
        ],
        [
            0,
            1,
            0,
            0,
            0
        ],
        [
            1,
            0,
            0,
            0,
            0
        ],
        [
            0,
            1,
            1,
            1,
            0
        ],
        [
            1,
            0,
            0,
            -1,
            0
        ],
        [
            0,
            0,
            0,
            0,
            0
        ]
    ]
}