{
    "input_text": "A bridge with several signs and a cityscape.  ",
    "target_text": "A plaza with several signs and a cityscape.  ",
    "num_tokens": 5,
    "adv_prompts": [
        "a bridge with several signs and a cityscape. projected plaza platz spacious obviously",
        "a bridge with several signs and a cityscape. spacious plaza ently shown obviously",
        "a bridge with several signs and a cityscape. neat plaza clearly keted fancy",
        "a bridge with several signs and a cityscape. spacious plaza eagerly tables highlighting",
        "a bridge with several signs and a cityscape. spacious plaza against hugely fountain",
        "a bridge with several signs and a cityscape. plaza relessly retail squared courtyard",
        "a bridge with several signs and a cityscape. countless plaza forming entirely exquisite",
        "a bridge with several signs and a cityscape. nicely eable plaza completely covered",
        "a bridge with several signs and a cityscape. an raunphenomenal pretty plaza",
        "a bridge with several signs and a cityscape. gorgeous plaza massively for meal"
    ],
    "blip_scores": [
        [
            0,
            0,
            0,
            0,
            1
        ],
        [
            0,
            0,
            0,
            -1,
            0
        ],
        [
            -1,
            -1,
            -1,
            -1,
            0
        ],
        [
            0,
            0,
            1,
            0,
            0
        ],
        [
            0,
            0,
            0,
            0,
            0
        ],
        [
            0,
            0,
            0,
            0,
            0
        ],
        [
            0,
            0,
            -1,
            0,
            0
        ],
        [
            -1,
            -1,
            0,
            0,
            -1
        ],
        [
            -1,
            0,
            0,
            0,
            0
        ],
        [
            0,
            0,
            -1,
            -1,
            0
        ]
    ]
}