{
    "input_text": "a plate with chicken and some vegetables together",
    "target_text": "a salad with chicken and some vegetables together",
    "num_tokens": 5,
    "adv_prompts": [
        "a plate with chicken and some vegetables together dana king salad coral infographic",
        "a plate with chicken and some vegetables together chef salad salad pictured lesbians",
        "a plate with chicken and some vegetables together salad salads \" plead salads",
        "a plate with chicken and some vegetables together...: howling salad salad \"",
        "a plate with chicken and some vegetables together confederate...: salad pictured ashland",
        "a plate with chicken and some vegetables together...: salads rockford howling salad",
        "a plate with chicken and some vegetables together reviews sailor salads salad \u2665",
        "a plate with chicken and some vegetables together salad salads captain salad infographics",
        "a plate with chicken and some vegetables together management...: salad captain salad",
        "a plate with chicken and some vegetables together gang salad salad covington infographics"
    ],
    "blip_scores": [
        [
            0,
            0,
            0,
            0,
            0
        ],
        [
            0,
            0,
            0,
            0,
            0
        ],
        [
            0,
            0,
            0,
            0,
            0
        ],
        [
            0,
            0,
            0,
            0,
            0
        ],
        [
            0,
            0,
            0,
            0,
            0
        ],
        [
            0,
            0,
            0,
            0,
            0
        ],
        [
            0,
            0,
            0,
            0,
            0
        ],
        [
            0,
            0,
            0,
            0,
            0
        ],
        [
            0,
            0,
            0,
            0,
            0
        ],
        [
            0,
            0,
            0,
            0,
            0
        ]
    ]
}