{
    "input_text": "a stop sign underneath some telephone wiring ",
    "target_text": "a warning sign underneath some telephone wiring ",
    "num_tokens": 5,
    "adv_prompts": [
        "a stop sign underneath some telephone wiring warnings museum, xian ativity",
        "a stop sign underneath some telephone wiring belize botanical warning mum signs",
        "a stop sign underneath some telephone wiring said )) awkward warnings cuse",
        "a stop sign underneath some telephone wiring chipotle ulously warning snagwarning",
        "a stop sign underneath some telephone wiring warnings doom sichuan maggie households",
        "a stop sign underneath some telephone wiring warnings kickass shanghai museum warning",
        "a stop sign underneath some telephone wiring bombs santiago apartment -> warnings",
        "a stop sign underneath some telephone wiring warnings im shanghai senate museum",
        "a stop sign underneath some telephone wiring shanghai seriously heres warnings notice",
        "a stop sign underneath some telephone wiring museum warnings \ud83d\ude02 warning hk"
    ],
    "blip_scores": [
        [
            0,
            0,
            -1,
            0,
            0
        ],
        [
            0,
            0,
            0,
            0,
            0
        ],
        [
            0,
            -1,
            -1,
            0,
            0
        ],
        [
            0,
            0,
            0,
            0,
            0
        ],
        [
            0,
            0,
            0,
            0,
            0
        ],
        [
            0,
            0,
            0,
            0,
            0
        ],
        [
            0,
            0,
            1,
            0,
            0
        ],
        [
            0,
            1,
            0,
            0,
            0
        ],
        [
            0,
            0,
            0,
            0,
            0
        ],
        [
            0,
            0,
            0,
            0,
            0
        ]
    ]
}