{
    "input_text": "a red carpet is in a living room",
    "target_text": "a red coach is in a living room",
    "num_tokens": 5,
    "adv_prompts": [
        "a red carpet is in a living room levin minton tpp sofa amtrak",
        "a red carpet is in a living room hackney updated locker racer truck",
        "a red carpet is in a living room coach ines coral classy backpack",
        "a red carpet is in a living room banksy bus legos vox \u27a4",
        "a red carpet is in a living room glass bus andrewsalesforce vivo",
        "a red carpet is in a living room coach hannah nagoya replaceable handbag",
        "a red carpet is in a living room cognition tablet backpack salesforce foodtruck",
        "a red carpet is in a living room snsd transparent nepal bus handbag",
        "a red carpet is in a living room coach motorcycle tardis dignitnytimes",
        "a red carpet is in a living room \u306ecoaching dvd bitcoin wagon"
    ],
    "blip_scores": [
        [
            1,
            0,
            1,
            0,
            -1
        ],
        [
            0,
            0,
            0,
            0,
            0
        ],
        [
            0,
            0,
            0,
            0,
            0
        ],
        [
            0,
            0,
            0,
            0,
            0
        ],
        [
            0,
            0,
            0,
            -1,
            0
        ],
        [
            0,
            0,
            0,
            0,
            1
        ],
        [
            0,
            0,
            0,
            0,
            0
        ],
        [
            0,
            0,
            0,
            0,
            0
        ],
        [
            0,
            0,
            0,
            0,
            0
        ],
        [
            0,
            0,
            0,
            0,
            0
        ]
    ]
}