{
    "input_text": "A city sidewalk looking down the street ",
    "target_text": "A city councillor looking down the street ",
    "num_tokens": 5,
    "adv_prompts": [
        "a city sidewalk looking down the street servant ]: survivor councillor mayor",
        "a city sidewalk looking down the street councillor founder carrick >> cheerleader",
        "a city sidewalk looking down the street councillor darts supporter zetxq",
        "a city sidewalk looking down the street councillor with craig scandal sprinter",
        "a city sidewalk looking down the street ]: courtroom's councillor mna",
        "a city sidewalk looking down the street councillor campaigner ronan montepola",
        "a city sidewalk looking down the street councillor supporter \u300f scout -",
        "a city sidewalk looking down the street councillor darts offender patrice rocco",
        "a city sidewalk looking down the street councillor >> canvas cutie employee",
        "a city sidewalk looking down the street councillor supporter xxl councillor ronan"
    ],
    "blip_scores": [
        [
            -1,
            -1,
            -1,
            0,
            0
        ],
        [
            -1,
            0,
            0,
            0,
            0
        ],
        [
            -1,
            -1,
            -1,
            0,
            -1
        ],
        [
            -1,
            -1,
            -1,
            -1,
            -1
        ],
        [
            -1,
            -1,
            -1,
            -1,
            0
        ],
        [
            -1,
            -1,
            -1,
            -1,
            -1
        ],
        [
            -1,
            -1,
            -1,
            -1,
            -1
        ],
        [
            0,
            0,
            -1,
            0,
            0
        ],
        [
            -1,
            -1,
            -1,
            -1,
            0
        ],
        [
            -1,
            -1,
            -1,
            -1,
            -1
        ]
    ]
}