{
    "input_text": "a chef preparing pizza on a wooden table",
    "target_text": "a lady preparing pizza on a wooden table",
    "num_tokens": 5,
    "adv_prompts": [
        "a chef preparing pizza on a wooden table goddess daesh nice cairn keychain",
        "a chef preparing pizza on a wooden table topless trampoline supergirl yardwikipedia",
        "a chef preparing pizza on a wooden table \" saree existed mirren to",
        "a chef preparing pizza on a wooden table brunette jeanne coors trampoline commemorates",
        "a chef preparing pizza on a wooden table women flask landrover awesomeness trampoline",
        "a chef preparing pizza on a wooden table movie deliciously swimsuit ktcorset",
        "a chef preparing pizza on a wooden table fragment companions motherhood oval keychain",
        "a chef preparing pizza on a wooden table ruins lovers paula stroller rectangular",
        "a chef preparing pizza on a wooden table +, daphne eyeshadow jogging lovely",
        "a chef preparing pizza on a wooden table commemorates aaliyah trampoline wikipedia nazi"
    ],
    "blip_scores": [
        [
            0,
            0,
            0,
            0,
            0
        ],
        [
            0,
            0,
            0,
            0,
            0
        ],
        [
            0,
            0,
            0,
            0,
            0
        ],
        [
            0,
            0,
            0,
            0,
            0
        ],
        [
            -1,
            -1,
            0,
            -1,
            0
        ],
        [
            0,
            0,
            0,
            0,
            0
        ],
        [
            0,
            0,
            0,
            -1,
            0
        ],
        [
            0,
            0,
            0,
            0,
            0
        ],
        [
            0,
            0,
            0,
            -1,
            0
        ],
        [
            0,
            -1,
            -1,
            0,
            -1
        ]
    ]
}