{
    "input_text": "a giraffe reaching up to eat some leaves ",
    "target_text": "a woman reaching up to eat some leaves ",
    "num_tokens": 5,
    "adv_prompts": [
        "a giraffe reaching up to eat some leaves women spypillowwreath sub",
        "a giraffe reaching up to eat some leaves topped woman collaborative tray rom",
        "a giraffe reaching up to eat some leaves dumplings streamer women mercy wooden",
        "a giraffe reaching up to eat some leaves women cookbook collaprobability hardcover",
        "a giraffe reaching up to eat some leaves criterion release onstage workouts shawn",
        "a giraffe reaching up to eat some leaves gamescom \u3011 brigitte variants nanny",
        "a giraffe reaching up to eat some leaves steamboat snsd announcement foldable suzy",
        "a giraffe reaching up to eat some leaves symusclestamped milf maya",
        "a giraffe reaching up to eat some leaves lifted cathedral woman oblivion cassette",
        "a giraffe reaching up to eat some leaves women educational toppers hobbyshrub"
    ],
    "blip_scores": [
        [
            0,
            0,
            0,
            0,
            0
        ],
        [
            0,
            0,
            0,
            0,
            0
        ],
        [
            0,
            0,
            0,
            0,
            0
        ],
        [
            0,
            0,
            0,
            0,
            0
        ],
        [
            0,
            0,
            0,
            0,
            0
        ],
        [
            0,
            0,
            0,
            0,
            0
        ],
        [
            0,
            0,
            0,
            0,
            0
        ],
        [
            0,
            0,
            0,
            0,
            0
        ],
        [
            0,
            0,
            0,
            0,
            0
        ],
        [
            0,
            0,
            0,
            0,
            0
        ]
    ]
}