{
    "input_text": "a queen sitting on a throne.",
    "target_text": "a king sitting on a throne.",
    "num_tokens": 5,
    "adv_prompts": [
        "a queen sitting on a throne. sticker paperfoamseated luke",
        "a queen sitting on a throne. agasilluminated king toyseated",
        "a queen sitting on a throne. pastor fanfic kurt interpretdetour",
        "a queen sitting on a throne. decal kevin unpacking calories julien",
        "a queen sitting on a throne. kevin serving modeled fav donny",
        "a queen sitting on a throne. || graded taxiderfrontman him",
        "a queen sitting on a throne. homme gris phies cv pinup",
        "a queen sitting on a throne. thood johncaerunpacking kurt",
        "a queen sitting on a throne. jonny \u2765 certificate nos cking",
        "a queen sitting on a throne. \u2765 revisited dios... luke"
    ],
    "blip_scores": [
        [
            1,
            0,
            1,
            0,
            1
        ],
        [
            0,
            1,
            -1,
            1,
            1
        ],
        [
            1,
            0,
            0,
            0,
            0
        ],
        [
            0,
            0,
            0,
            0,
            0
        ],
        [
            0,
            0,
            0,
            0,
            0
        ],
        [
            1,
            0,
            0,
            0,
            0
        ],
        [
            1,
            0,
            0,
            1,
            0
        ],
        [
            0,
            0,
            0,
            0,
            0
        ],
        [
            0,
            0,
            1,
            0,
            1
        ],
        [
            0,
            1,
            1,
            0,
            0
        ]
    ],
    "success": 2
}