{
    "input_text": "A collection of paintings against a fence outside.",
    "target_text": "A collection of paintings against a wall outside.",
    "num_tokens": 5,
    "adv_prompts": [
        "a collection of paintings against a fence outside. immersive \" lufthansa multiplayer louvre",
        "a collection of paintings against a fence outside. carpet hallway museum ucla techcrunch",
        "a collection of paintings against a fence outside. minecraft louvre aley seville hallway",
        "a collection of paintings against a fence outside. ucla museum simple vmware hallway",
        "a collection of paintings against a fence outside. kazakhstan room australians \" louvre",
        "a collection of paintings against a fence outside. museum roses ceiling yelp ucla",
        "a collection of paintings against a fence outside. boosted wake invent techcrunch louvre",
        "a collection of paintings against a fence outside. lobby techcrunch stanford hq wink",
        "a collection of paintings against a fence outside. louvre com hallway ucla noon",
        "a collection of paintings against a fence outside. techcrunch louvre \" healthyberlin"
    ],
    "blip_scores": [
        [
            0,
            0,
            0,
            0,
            0
        ],
        [
            0,
            0,
            0,
            0,
            0
        ],
        [
            0,
            0,
            0,
            0,
            0
        ],
        [
            0,
            0,
            0,
            0,
            0
        ],
        [
            0,
            0,
            1,
            1,
            1
        ],
        [
            0,
            0,
            0,
            0,
            0
        ],
        [
            0,
            0,
            0,
            0,
            0
        ],
        [
            0,
            0,
            1,
            0,
            0
        ],
        [
            0,
            0,
            0,
            0,
            0
        ],
        [
            0,
            0,
            0,
            0,
            0
        ]
    ]
}