{
    "input_text": "a calico kitty sleeping in an orange chair ",
    "target_text": "a calico kitty sleeping in an orange blanket ",
    "num_tokens": 5,
    "adv_prompts": [
        "a calico kitty sleeping in an orange chair break room shining blanket scarf",
        "a calico kitty sleeping in an orange chair blanket towel looks disgusting vector",
        "a calico kitty sleeping in an orange chair mats weirdest vector blanket nfl",
        "a calico kitty sleeping in an orange chair blanket and barbican gamescom dating",
        "a calico kitty sleeping in an orange chair gets reopen blanket scarf vector",
        "a calico kitty sleeping in an orange chair blanket lawsuits themed uraltrax",
        "a calico kitty sleeping in an orange chair mat na toronto burgring overnight",
        "a calico kitty sleeping in an orange chair blanket causes backpacking vector afp",
        "a calico kitty sleeping in an orange chair blanket \u2013 itytrampoline right",
        "a calico kitty sleeping in an orange chair wrap kilt \u2013 trampoline flag"
    ],
    "blip_scores": [
        [
            -1,
            -1,
            0,
            0,
            0
        ],
        [
            0,
            -1,
            -1,
            0,
            0
        ],
        [
            0,
            0,
            0,
            0,
            -1
        ],
        [
            0,
            0,
            0,
            0,
            0
        ],
        [
            0,
            -1,
            0,
            0,
            0
        ],
        [
            0,
            0,
            0,
            0,
            0
        ],
        [
            0,
            0,
            -1,
            0,
            0
        ],
        [
            0,
            0,
            0,
            -1,
            0
        ],
        [
            0,
            0,
            -1,
            0,
            0
        ],
        [
            0,
            -1,
            0,
            0,
            0
        ]
    ]
}