{
    "input_text": "A parked motorcycle next to a green tent.",
    "target_text": "A parked car next to a green tent.",
    "num_tokens": 5,
    "adv_prompts": [
        "a parked motorcycle next to a green tent. citroen supporters scentgels cane",
        "a parked motorcycle next to a green tent. sunken photos burnley volleyball jeep",
        "a parked motorcycle next to a green tent. banksy volleyball renovation converse cardboard",
        "a parked motorcycle next to a green tent. cufflinks warhol collage volleyball wisconsin",
        "a parked motorcycle next to a green tent. graphene cufflinks fractal buick bunting",
        "a parked motorcycle next to a green tent. subaru cups earrings images rooney",
        "a parked motorcycle next to a green tent. punisher cardinals clarinet agate usb",
        "a parked motorcycle next to a green tent. stickers nailart individually scallops varsity",
        "a parked motorcycle next to a green tent. kcon cincinnati marshmallows piano instructions",
        "a parked motorcycle next to a green tent. llama cufflinks polaroid coil tolkien"
    ],
    "blip_scores": [
        [
            1,
            -1,
            -1,
            0,
            -1
        ],
        [
            1,
            1,
            0,
            0,
            0
        ],
        [
            0,
            0,
            0,
            0,
            0
        ],
        [
            -1,
            0,
            -1,
            -1,
            0
        ],
        [
            -1,
            0,
            0,
            0,
            1
        ],
        [
            1,
            0,
            -1,
            0,
            0
        ],
        [
            0,
            0,
            0,
            0,
            -1
        ],
        [
            -1,
            -1,
            -1,
            0,
            -1
        ],
        [
            0,
            0,
            0,
            -1,
            0
        ],
        [
            0,
            0,
            0,
            0,
            0
        ]
    ]
}