{
    "input_text": "A small bird is perched on a birdfeeder.",
    "target_text": "A small bird is perched on a tree.",
    "num_tokens": 5,
    "adv_prompts": [
        "a small bird is perched on a birdfeeder. temple venue map { supremacy",
        "a small bird is perched on a birdfeeder. bonnaroo springsteen beagle enamel limo",
        "a small bird is perched on a birdfeeder. snsd motorcycles cufflinks depicting xj",
        "a small bird is perched on a birdfeeder. avicii motorcycles daydream imsa tshirt",
        "a small bird is perched on a birdfeeder. faith vineyards weed pinball mural",
        "a small bird is perched on a birdfeeder. snsd motorcycle dealers discography msnbc",
        "a small bird is perched on a birdfeeder. avicii sparty motorcycles inflatable decal",
        "a small bird is perched on a birdfeeder. wolverine revealed superbike reggae pendants",
        "a small bird is perched on a birdfeeder. symphmotorcycles discography monza tree",
        "a small bird is perched on a birdfeeder. tree motocross drunk gin cufflinks"
    ],
    "blip_scores": [
        [
            0,
            0,
            0,
            0,
            -1
        ],
        [
            0,
            0,
            0,
            0,
            0
        ],
        [
            0,
            0,
            0,
            0,
            0
        ],
        [
            0,
            0,
            0,
            0,
            0
        ],
        [
            0,
            0,
            -1,
            0,
            0
        ],
        [
            0,
            0,
            0,
            0,
            0
        ],
        [
            0,
            0,
            0,
            0,
            0
        ],
        [
            0,
            0,
            0,
            0,
            0
        ],
        [
            0,
            0,
            0,
            0,
            0
        ],
        [
            0,
            0,
            0,
            0,
            0
        ]
    ]
}