{
    "input_text": "a picture of a man on an umbrella ",
    "target_text": "a shadow of a man on an umbrella ",
    "num_tokens": 5,
    "adv_prompts": [
        "a picture of a man on an umbrella hole stunt shadows \u27a4 pyeongchang",
        "a picture of a man on an umbrella shadowing stitching mannequin shadows \"",
        "a picture of a man on an umbrella dumpster garage shadow viaduct shadows",
        "a picture of a man on an umbrella shadows prank shadow amidst pore",
        "a picture of a man on an umbrella hole shadow shadows \u3002 (\u00a9",
        "a picture of a man on an umbrella stroller shadow shadows bullpen mugs",
        "a picture of a man on an umbrella shadows stayed past postgame shadows",
        "a picture of a man on an umbrella shadows burst \" prank silhouette",
        "a picture of a man on an umbrella photobomb soyuz anfield shadow shadows",
        "a picture of a man on an umbrella shadow shadows amidst previous (\u00a9"
    ],
    "blip_scores": [
        [
            0,
            0,
            0,
            0,
            0
        ],
        [
            0,
            0,
            0,
            0,
            0
        ],
        [
            0,
            0,
            0,
            0,
            0
        ],
        [
            0,
            0,
            0,
            0,
            0
        ],
        [
            0,
            0,
            0,
            0,
            0
        ],
        [
            0,
            0,
            0,
            0,
            0
        ],
        [
            0,
            0,
            0,
            0,
            0
        ],
        [
            1,
            0,
            0,
            0,
            0
        ],
        [
            0,
            0,
            0,
            0,
            0
        ],
        [
            1,
            0,
            1,
            0,
            0
        ]
    ]
}