{
    "input_text": "A backpack on a mountain.",
    "target_text": "A cabin on a mountain.",
    "num_tokens": 5,
    "adv_prompts": [
        "a backpack on a mountain. underwater cabins beds taiwanese bungalow",
        "a backpack on a mountain. opry cabins garfield kylie naked",
        "a backpack on a mountain. antebellum antarctic cabin renders exhibition",
        "a backpack on a mountain. tigers pictorial catholic tarot drowned",
        "a backpack on a mountain. glossy antarctic cabin cottage \u300a",
        "a backpack on a mountain. cadbury newsroom shipyard lyrics shinee",
        "a backpack on a mountain. dock cadbury economics lyrics shinee",
        "a backpack on a mountain. titanic temples sessions good cd",
        "a backpack on a mountain. titanic beds gdp delft boardgame",
        "a backpack on a mountain. cabin frosted cottages heart mug"
    ],
    "blip_scores": [
        [
            0,
            0,
            0,
            0,
            0
        ],
        [
            1,
            1,
            0,
            1,
            1
        ],
        [
            0,
            0,
            1,
            0,
            1
        ],
        [
            0,
            0,
            0,
            0,
            0
        ],
        [
            1,
            1,
            1,
            1,
            1
        ],
        [
            0,
            0,
            0,
            0,
            0
        ],
        [
            0,
            0,
            0,
            0,
            0
        ],
        [
            0,
            0,
            0,
            0,
            0
        ],
        [
            0,
            0,
            0,
            0,
            0
        ],
        [
            0,
            0,
            0,
            1,
            1
        ]
    ],
    "gense_cos_sim": 0.6369505524635315,
    "clip_cos_sim": 0.7004373073577881
}