{
    "input_text": "A man sitting on top of a hillside.",
    "target_text": "A bench sitting on top of a hillside.",
    "num_tokens": 5,
    "adv_prompts": [
        "a man sitting on top of a hillside. abandoned bench opec benches pianos",
        "a man sitting on top of a hillside. appropriate \u10e6 piano bench auth",
        "a man sitting on top of a hillside. shopify \u00bb briggs malvern bench",
        "a man sitting on top of a hillside. bench commemorating tosh childs anderson",
        "a man sitting on top of a hillside. wonderful supercell benches abandoned benches",
        "a man sitting on top of a hillside. benches honoring dunes abandoned supercell",
        "a man sitting on top of a hillside. monumental benches robbed yolanda park",
        "a man sitting on top of a hillside. piano awesomeness hurricanes transformed bench",
        "a man sitting on top of a hillside. tremendous bench celtic benches agos",
        "a man sitting on top of a hillside. bff hines park flooded benches"
    ],
    "blip_scores": [
        [
            0,
            1,
            0,
            1,
            1
        ],
        [
            0,
            0,
            0,
            0,
            0
        ],
        [
            0,
            0,
            0,
            0,
            0
        ],
        [
            1,
            0,
            0,
            0,
            0
        ],
        [
            0,
            1,
            1,
            1,
            1
        ],
        [
            0,
            1,
            1,
            0,
            0
        ],
        [
            0,
            0,
            0,
            0,
            0
        ],
        [
            0,
            0,
            0,
            0,
            0
        ],
        [
            1,
            1,
            1,
            1,
            0
        ],
        [
            0,
            0,
            0,
            0,
            0
        ]
    ]
}