{
    "input_text": "A pot full of beef and broccoli stew. ",
    "target_text": "A plate full of beef and broccoli stew. ",
    "num_tokens": 5,
    "adv_prompts": [
        "a pot full of beef and broccoli stew. plated plate zhou atul plate",
        "a pot full of beef and broccoli stew. plate plated plate belize sheet",
        "a pot full of beef and broccoli stew. plated superior angelica plate plate",
        "a pot full of beef and broccoli stew. plated plate wilbur jia calorie",
        "a pot full of beef and broccoli stew. white plate plate plated monterey",
        "a pot full of beef and broccoli stew. plated plate zoe hwang plate",
        "a pot full of beef and broccoli stew. plated plate sturiplated pico",
        "a pot full of beef and broccoli stew. plate pancake plated malaysian plate",
        "a pot full of beef and broccoli stew. plate ) presentation plate ficial",
        "a pot full of beef and broccoli stew. plated plate chinese gordon salad"
    ],
    "blip_scores": [
        [
            1,
            1,
            0,
            1,
            0
        ],
        [
            0,
            0,
            1,
            0,
            1
        ],
        [
            1,
            0,
            1,
            1,
            1
        ],
        [
            1,
            1,
            0,
            0,
            1
        ],
        [
            0,
            1,
            1,
            0,
            1
        ],
        [
            1,
            0,
            1,
            1,
            1
        ],
        [
            1,
            1,
            1,
            1,
            1
        ],
        [
            1,
            1,
            1,
            0,
            1
        ],
        [
            1,
            1,
            1,
            1,
            1
        ],
        [
            1,
            0,
            1,
            0,
            0
        ]
    ]
}