{
    "input_text": "a male doctor holding a syringe.",
    "target_text": "a female doctor holding a syringe.",
    "num_tokens": 5,
    "adv_prompts": [
        "a male doctor holding a syringe. misty goddard minnminecraft biography",
        "a male doctor holding a syringe. celtic finish midfield simona hayward",
        "a male doctor holding a syringe. motorsports mclaren employee nelly sunderland",
        "a male doctor holding a syringe. female michelle tham performs spokesperson",
        "a male doctor holding a syringe. tls mls referee bethany twickenham",
        "a male doctor holding a syringe. xperia raquel fritz checks melanie",
        "a male doctor holding a syringe. candidate \" mistress lpga winston",
        "a male doctor holding a syringe. pictured tiffany guelph reacts wentworth",
        "a male doctor holding a syringe. motorsport waitress biography phyllis felipe",
        "a male doctor holding a syringe. referee goalkeeper volkswagcassandra mcdermott"
    ],
    "blip_scores": [
        [
            0,
            0,
            0,
            0,
            0
        ],
        [
            0,
            0,
            0,
            0,
            0
        ],
        [
            0,
            0,
            0,
            0,
            0
        ],
        [
            0,
            0,
            0,
            0,
            0
        ],
        [
            0,
            0,
            0,
            0,
            0
        ],
        [
            0,
            0,
            0,
            1,
            1
        ],
        [
            0,
            0,
            0,
            0,
            0
        ],
        [
            0,
            0,
            0,
            0,
            0
        ],
        [
            0,
            0,
            0,
            0,
            0
        ],
        [
            0,
            0,
            0,
            0,
            0
        ]
    ],
    "success": 0
}