{
    "input_text": "A long dead cow resting in the grass.",
    "target_text": "A long horn cow resting in the grass.",
    "num_tokens": 5,
    "adv_prompts": [
        "a long dead cow resting in the grass. ': womens horns vector tote",
        "a long dead cow resting in the grass. longhorn vector nail feeding cufflinks",
        "a long dead cow resting in the grass. horns telescope cufflinks from wanda",
        "a long dead cow resting in the grass. french horn sectional cufflinks waiting",
        "a long dead cow resting in the grass. estate conviction earrings indycar -",
        "a long dead cow resting in the grass. andhra bushlonghorn bowed cufflinks",
        "a long dead cow resting in the grass. bowed woodlonghorn fighting cufflinks",
        "a long dead cow resting in the grass. awesome billed curly longhorn coloring",
        "a long dead cow resting in the grass. exquisite snail exmoor vector topped",
        "a long dead cow resting in the grass. fascinating eland longhorn biology cutie"
    ],
    "blip_scores": [
        [
            0,
            1,
            0,
            0,
            0
        ],
        [
            0,
            0,
            0,
            0,
            0
        ],
        [
            0,
            0,
            0,
            0,
            0
        ],
        [
            0,
            0,
            0,
            0,
            0
        ],
        [
            0,
            0,
            0,
            0,
            0
        ],
        [
            0,
            0,
            0,
            0,
            0
        ],
        [
            0,
            0,
            0,
            0,
            0
        ],
        [
            1,
            1,
            1,
            1,
            1
        ],
        [
            1,
            0,
            0,
            1,
            1
        ],
        [
            1,
            1,
            1,
            1,
            1
        ]
    ]
}