{
    "input_text": "A birdhouse on a tree branch.",
    "target_text": "A jack o lantern on a tree branch.",
    "num_tokens": 5,
    "adv_prompts": [
        "a birdhouse on a tree branch. sectional grizzly pumpkin micro costume",
        "a birdhouse on a tree branch. pumpkins animated costume \u2122 man",
        "a birdhouse on a tree branch. mechanical pumpkin type cosplayer w",
        "a birdhouse on a tree branch. pumpkin featuring wisconsin \" syfy",
        "a birdhouse on a tree branch. zombie sculpted pumpkin \u00bb newsroom",
        "a birdhouse on a tree branch. zombie chart pumpkins wtf miniature",
        "a birdhouse on a tree branch. pumpkin \" cosplayer performs mickey",
        "a birdhouse on a tree branch. pumpkin zombie timelapse carvings wwf",
        "a birdhouse on a tree branch. pumpkin syed update costume \u2122",
        "a birdhouse on a tree branch. sectional pumpkins afghanistan lite \""
    ],
    "blip_scores": [
        [
            0,
            1,
            0,
            1,
            1
        ],
        [
            1,
            1,
            1,
            0,
            -1
        ],
        [
            -1,
            1,
            0,
            -1,
            0
        ],
        [
            0,
            0,
            1,
            -1,
            0
        ],
        [
            1,
            1,
            1,
            1,
            1
        ],
        [
            1,
            0,
            -1,
            -1,
            0
        ],
        [
            1,
            0,
            1,
            1,
            0
        ],
        [
            1,
            1,
            1,
            1,
            1
        ],
        [
            1,
            1,
            1,
            1,
            0
        ],
        [
            0,
            1,
            0,
            1,
            0
        ]
    ],
    "gense_cos_sim": 0.5612003207206726,
    "clip_cos_sim": 0.731383204460144
}