{
    "input_text": "A man grinding his teeth on a rail.",
    "target_text": "A man grinding his skateboard on a rail.",
    "num_tokens": 5,
    "adv_prompts": [
        "a man grinding his teeth on a rail. liz skateboard tricks \u2013 truck",
        "a man grinding his teeth on a rail. breathtaking skateboard van jumping visual",
        "a man grinding his teeth on a rail. mesmerizing skateboard shots \". pereira",
        "a man grinding his teeth on a rail. kate bryan skateboard tricks com",
        "a man grinding his teeth on a rail. phoebe allison skateboarding fascinating skateboard",
        "a man grinding his teeth on a rail. skateboard arrangement entirely breathtaking pereira",
        "a man grinding his teeth on a rail. breathtaking skateboard competitiveness \u00bb skateboard",
        "a man grinding his teeth on a rail. skateboard outfit solos overlooking awesome",
        "a man grinding his teeth on a rail. skateboard grab deck quality prc",
        "a man grinding his teeth on a rail. rences incredible angle skateboard gett"
    ],
    "blip_scores": [
        [
            1,
            0,
            1,
            0,
            0
        ],
        [
            1,
            0,
            0,
            1,
            0
        ],
        [
            1,
            1,
            1,
            1,
            1
        ],
        [
            0,
            0,
            0,
            1,
            0
        ],
        [
            1,
            1,
            1,
            0,
            1
        ],
        [
            0,
            1,
            1,
            0,
            1
        ],
        [
            1,
            1,
            0,
            1,
            1
        ],
        [
            0,
            1,
            0,
            0,
            0
        ],
        [
            0,
            0,
            0,
            0,
            0
        ],
        [
            0,
            1,
            1,
            1,
            0
        ]
    ]
}