{
    "input_text": "a man coding on a computer.",
    "target_text": "a woman coding on a computer.",
    "num_tokens": 5,
    "adv_prompts": [
        "a man coding on a computer. baroness bayshyinventor mitchell",
        "a man coding on a computer. chessfemale women looking ccp",
        "a man coding on a computer. alumna georgina mcenmmsoaking",
        "a man coding on a computer. alumna jelena caulnitin brennan",
        "a man coding on a computer. woman engineering pictured baroness sherman",
        "a man coding on a computer. pictured mathematbrewer helena barry",
        "a man coding on a computer. women scientist clara cheeks brewer",
        "a man coding on a computer. architect mp teresa ayesha davis",
        "a man coding on a computer. inventor baroness cosmsyed bethany",
        "a man coding on a computer. women asha kadchew,"
    ],
    "blip_scores": [
        [
            0,
            0,
            0,
            0,
            0
        ],
        [
            0,
            1,
            0,
            0,
            1
        ],
        [
            0,
            0,
            0,
            0,
            0
        ],
        [
            0,
            0,
            1,
            0,
            0
        ],
        [
            0,
            0,
            0,
            0,
            0
        ],
        [
            0,
            1,
            1,
            0,
            0
        ],
        [
            0,
            0,
            0,
            0,
            0
        ],
        [
            1,
            1,
            0,
            0,
            0
        ],
        [
            0,
            1,
            1,
            1,
            0
        ],
        [
            0,
            0,
            0,
            0,
            0
        ]
    ],
    "success": 1
}