{
    "input_text": "A quarter of a cake on a plate",
    "target_text": "A picture of a cake on a plate",
    "num_tokens": 5,
    "adv_prompts": [
        "a quarter of a cake on a plate akest convertible lure inflammation tvd",
        "a quarter of a cake on a plate disclose affiliated competitor johannesburg cassie",
        "a quarter of a cake on a plate syndicate competition agreed listed collateral",
        "a quarter of a cake on a plate exceeded neglected conclusions overnight cybercrime",
        "a quarter of a cake on a plate cakes cybersecurity fractures argues cease",
        "a quarter of a cake on a plate cybersecurity cease crowned afcon illegally",
        "a quarter of a cake on a plate icides toyota cade conducted illegally",
        "a quarter of a cake on a plate \u0444\u043e\u0442\u043e forbes researched acquires cease",
        "a quarter of a cake on a plate reforms toyota recommending \u0444\u043e\u0442\u043e cease",
        "a quarter of a cake on a plate syndicate pictures acquires cease eng"
    ],
    "blip_scores": [
        [
            0,
            1,
            1,
            1,
            1
        ],
        [
            1,
            1,
            1,
            1,
            1
        ],
        [
            1,
            1,
            1,
            1,
            1
        ],
        [
            1,
            1,
            1,
            1,
            1
        ],
        [
            1,
            1,
            1,
            1,
            1
        ],
        [
            1,
            1,
            1,
            1,
            0
        ],
        [
            1,
            0,
            1,
            1,
            0
        ],
        [
            1,
            1,
            0,
            0,
            1
        ],
        [
            1,
            1,
            1,
            1,
            1
        ],
        [
            0,
            1,
            1,
            0,
            1
        ]
    ]
}