{
    "input_text": "A cell phone flipped open near a mailbox.",
    "target_text": "A cell phone flipped open near a lamp.",
    "num_tokens": 5,
    "adv_prompts": [
        "a cell phone flipped open near a mailbox. lamps diagram | modernspeakers",
        "a cell phone flipped open near a mailbox. lamps drawing comprehenwiki piping",
        "a cell phone flipped open near a mailbox. amazingly beautiful workspace membrane lamps",
        "a cell phone flipped open near a mailbox. induced stunning lamp conversions ymes",
        "a cell phone flipped open near a mailbox. stitched lamp bedroom examples <<<",
        "a cell phone flipped open near a mailbox. finished lamps pistons atable com",
        "a cell phone flipped open near a mailbox. exceptional lamps charts drawings ensemble",
        "a cell phone flipped open near a mailbox. pvc delectable freebie lamps hgtv",
        "a cell phone flipped open near a mailbox. lamps \u27a4 immerse nokia wikipedia",
        "a cell phone flipped open near a mailbox. lamp examples pokerlearnenglish airways"
    ],
    "blip_scores": [
        [
            0,
            0,
            0,
            1,
            0
        ],
        [
            0,
            0,
            0,
            0,
            0
        ],
        [
            0,
            0,
            0,
            0,
            0
        ],
        [
            0,
            0,
            0,
            0,
            0
        ],
        [
            0,
            0,
            0,
            0,
            0
        ],
        [
            0,
            0,
            0,
            0,
            0
        ],
        [
            0,
            0,
            0,
            0,
            0
        ],
        [
            0,
            0,
            0,
            0,
            0
        ],
        [
            0,
            0,
            0,
            0,
            0
        ],
        [
            0,
            0,
            0,
            0,
            0
        ]
    ]
}