{
    "input_text": "A city street corner from a park view ",
    "target_text": "A busy street corner from a park view ",
    "num_tokens": 5,
    "adv_prompts": [
        "a city street corner from a park view attracted busy underwear delays",
        "a city street corner from a park view cancels ulously busy business packed",
        "a city street corner from a park view spa busy beasley reviewing attendees",
        "a city street corner from a park view delays literally busy relessly eux",
        "a city street corner from a park view busy extending biz sac delays",
        "a city street corner from a park view :- busy panels relessly'm",
        "a city street corner from a park view delays davey contacts attracted busy",
        "a city street corner from a park view busy signs up dfc delays",
        "a city street corner from a park view ): busy busy surrounding fitting",
        "a city street corner from a park view declares busy items nearing ulously"
    ],
    "blip_scores": [
        [
            0,
            0,
            0,
            0,
            0
        ],
        [
            0,
            0,
            0,
            0,
            0
        ],
        [
            0,
            0,
            0,
            0,
            0
        ],
        [
            0,
            0,
            0,
            0,
            0
        ],
        [
            0,
            0,
            0,
            0,
            0
        ],
        [
            0,
            0,
            0,
            0,
            0
        ],
        [
            0,
            0,
            0,
            0,
            0
        ],
        [
            0,
            0,
            0,
            0,
            0
        ],
        [
            0,
            0,
            0,
            0,
            0
        ],
        [
            0,
            0,
            0,
            0,
            0
        ]
    ]
}