{
    "input_text": "a small fish is standing in a sink",
    "target_text": "a small dog is standing in a sink",
    "num_tokens": 5,
    "adv_prompts": [
        "a small fish is standing in a sink alpaca classicrelaxed dog pup",
        "a small fish is standing in a sink alpaca youngest dog chester citing",
        "a small fish is standing in a sink dog spectacterrier isis dressed",
        "a small fish is standing in a sink alpaca dolce orthodox puppy looking",
        "a small fish is standing in a sink alpaca ssg dog chester checking",
        "a small fish is standing in a sink alpaca refurbishment dog puppy caesar",
        "a small fish is standing in a sink puppy aragterrier upgrading doing",
        "a small fish is standing in a sink alpaca puppy switchgrooming chihuahua",
        "a small fish is standing in a sink frontal somali alpaca donor dog",
        "a small fish is standing in a sink monterrey terrier bathing puppy fronts"
    ],
    "blip_scores": [
        [
            1,
            1,
            0,
            1,
            0
        ],
        [
            0,
            0,
            0,
            0,
            0
        ],
        [
            0,
            0,
            0,
            0,
            0
        ],
        [
            0,
            1,
            0,
            0,
            1
        ],
        [
            0,
            0,
            0,
            0,
            0
        ],
        [
            0,
            0,
            0,
            0,
            1
        ],
        [
            1,
            0,
            0,
            1,
            0
        ],
        [
            1,
            0,
            1,
            1,
            1
        ],
        [
            1,
            1,
            1,
            0,
            1
        ],
        [
            1,
            0,
            0,
            1,
            0
        ]
    ]
}