{
    "input_text": "a sofa and a bed in a room",
    "target_text": "a chair and a bed in a room",
    "num_tokens": 5,
    "adv_prompts": [
        "a sofa and a bed in a room chairs similar attar disasters bows",
        "a sofa and a bed in a room stelcellphone cards chair alone",
        "a sofa and a bed in a room streetphotography chairs dues chair guarding",
        "a sofa and a bed in a room signal throughchairs streetphotography 5",
        "a sofa and a bed in a room proportion creeping refining abandoned chair",
        "a sofa and a bed in a room chair winter solitude apostle subjects",
        "a sofa and a bed in a room nagar winter shameless streetphotography chair",
        "a sofa and a bed in a room chair deserted accident solitude behind",
        "a sofa and a bed in a room thru chair snowing percent solitude",
        "a sofa and a bed in a room chair wrecks glycaulfield streetphotography"
    ],
    "blip_scores": [
        [
            0,
            0,
            0,
            0,
            0
        ],
        [
            0,
            0,
            0,
            0,
            0
        ],
        [
            0,
            0,
            0,
            0,
            0
        ],
        [
            0,
            0,
            1,
            0,
            0
        ],
        [
            0,
            0,
            0,
            0,
            0
        ],
        [
            0,
            0,
            0,
            0,
            0
        ],
        [
            0,
            0,
            0,
            0,
            0
        ],
        [
            0,
            0,
            0,
            0,
            0
        ],
        [
            0,
            0,
            0,
            0,
            0
        ],
        [
            0,
            0,
            0,
            0,
            0
        ]
    ]
}