{
    "input_text": "A baseball player is swinging a baseball bat.",
    "target_text": "A baseball bat is swinging a baseball bat.",
    "num_tokens": 5,
    "adv_prompts": [
        "a baseball player is swinging a baseball bat. enlightening sinks organ poke sasha",
        "a baseball player is swinging a baseball bat. pianos lullaby arjun huey bethany",
        "a baseball player is swinging a baseball bat. barn richards dialogues wedge grape",
        "a baseball player is swinging a baseball bat. etc chords rees babysitting enzo",
        "a baseball player is swinging a baseball bat. ships piano promise ellen selena",
        "a baseball player is swinging a baseball bat. fawn || pianos beyonce selena",
        "a baseball player is swinging a baseball bat. lyrics \u30c4 charts strawberry francesca",
        "a baseball player is swinging a baseball bat. pika receipts rica gucci rebecca",
        "a baseball player is swinging a baseball bat. -* beyonce *) chords daphne",
        "a baseball player is swinging a baseball bat. hydrated poetry keyboards lounging lucas"
    ],
    "blip_scores": [
        [
            0,
            -1,
            -1,
            0,
            0
        ],
        [
            0,
            -1,
            0,
            0,
            -1
        ],
        [
            0,
            -1,
            0,
            0,
            -1
        ],
        [
            0,
            0,
            -1,
            0,
            -1
        ],
        [
            0,
            0,
            -1,
            0,
            0
        ],
        [
            0,
            0,
            0,
            -1,
            0
        ],
        [
            -1,
            -1,
            0,
            0,
            -1
        ],
        [
            0,
            0,
            -1,
            -1,
            -1
        ],
        [
            0,
            0,
            0,
            0,
            -1
        ],
        [
            0,
            0,
            0,
            0,
            0
        ]
    ]
}