{
    "input_text": "A doodle of a dragon on a blackboard.",
    "target_text": "A doodle of a light bulb on a blackboard.",
    "num_tokens": 5,
    "adv_prompts": [
        "a doodle of a dragon on a blackboard. power bulb bulb surrounding bulb",
        "a doodle of a dragon on a blackboard. vector electrical bulb bulb without",
        "a doodle of a dragon on a blackboard. bulb eless bulb infographics pendant",
        "a doodle of a dragon on a blackboard. fake bulb bulb bulb isolated",
        "a doodle of a dragon on a blackboard. electricity bulb replica bulb featuring",
        "a doodle of a dragon on a blackboard. globe bulb template resourcefluence",
        "a doodle of a dragon on a blackboard. clipped generic bulb bulb assy",
        "a doodle of a dragon on a blackboard. electricity bulb bulb featuring isolated",
        "a doodle of a dragon on a blackboard. arranged iconic plug bulb bulbs",
        "a doodle of a dragon on a blackboard. vector lighthouse bulb powerpoint bulb"
    ],
    "blip_scores": [
        [
            1,
            1,
            1,
            1,
            1
        ],
        [
            1,
            1,
            1,
            1,
            0
        ],
        [
            1,
            1,
            1,
            1,
            1
        ],
        [
            1,
            1,
            1,
            1,
            1
        ],
        [
            1,
            0,
            1,
            0,
            1
        ],
        [
            -1,
            0,
            0,
            0,
            1
        ],
        [
            1,
            1,
            1,
            0,
            0
        ],
        [
            1,
            1,
            0,
            0,
            1
        ],
        [
            0,
            1,
            0,
            1,
            1
        ],
        [
            1,
            1,
            1,
            1,
            0
        ]
    ],
    "gense_cos_sim": 0.7271957993507385,
    "clip_cos_sim": 0.6965330839157104
}