{
    "input_text": "a big fish sitting on the beach ",
    "target_text": "a big umbrella sitting on the beach ",
    "num_tokens": 5,
    "adv_prompts": [
        "a big fish sitting on the beach giant umbrella imminent umbrella eding",
        "a big fish sitting on the beach stapleton volcano umbrella preservation realtors",
        "a big fish sitting on the beach hotties stunt umbrella umbrella averaging",
        "a big fish sitting on the beach umbrella asda hoco dating umbrella",
        "a big fish sitting on the beach fancy ridiculous umbrella prefercumulus",
        "a big fish sitting on the beach scott cosby dorm umbrella forecast",
        "a big fish sitting on the beach bulletproof rooftop surveying dating umbrella",
        "a big fish sitting on the beach squethian umbrella at utz",
        "a big fish sitting on the beach ceiling umbrella umbrella astrology yat",
        "a big fish sitting on the beach umbrellas apparently : immense umbrella"
    ],
    "blip_scores": [
        [
            1,
            0,
            0,
            0,
            0
        ],
        [
            1,
            0,
            1,
            0,
            1
        ],
        [
            0,
            0,
            0,
            0,
            0
        ],
        [
            0,
            0,
            0,
            0,
            0
        ],
        [
            1,
            0,
            0,
            0,
            0
        ],
        [
            0,
            0,
            0,
            0,
            0
        ],
        [
            0,
            0,
            0,
            1,
            0
        ],
        [
            1,
            0,
            0,
            0,
            0
        ],
        [
            0,
            1,
            0,
            0,
            0
        ],
        [
            0,
            0,
            0,
            0,
            1
        ]
    ]
}