{
    "input_text": "An owl in a forest.",
    "target_text": "An owl in a shopping mall.",
    "num_tokens": 5,
    "adv_prompts": [
        "an owl in a forest. shopping center mall preparation aisle",
        "an owl in a forest. vintage mall cashier mannetups",
        "an owl in a forest. setlist scenter halftime mall olympia",
        "an owl in a forest. mall supermarket front atrium mats",
        "an owl in a forest. mall shop store floor threats",
        "an owl in a forest. shopping scenter mall \u3002 mascot",
        "an owl in a forest. shopping mall mall era tups",
        "an owl in a forest. halftime shopping mall poking tornado",
        "an owl in a forest. malls mall store choreographer impress",
        "an owl in a forest. fashionweek show salvage bookstore hopper"
    ],
    "blip_scores": [
        [
            0,
            1,
            0,
            0,
            0
        ],
        [
            1,
            1,
            0,
            1,
            1
        ],
        [
            1,
            0,
            0,
            1,
            1
        ],
        [
            1,
            1,
            1,
            1,
            0
        ],
        [
            1,
            1,
            1,
            1,
            0
        ],
        [
            1,
            1,
            1,
            1,
            1
        ],
        [
            1,
            1,
            0,
            1,
            0
        ],
        [
            1,
            1,
            1,
            1,
            0
        ],
        [
            1,
            0,
            0,
            1,
            0
        ],
        [
            0,
            0,
            0,
            0,
            0
        ]
    ],
    "gense_cos_sim": 0.6860411167144775,
    "clip_cos_sim": 0.698508083820343
}