{
    "input_text": "a small golden pastry in a plastic bag",
    "target_text": "a small golden egg in a plastic bag",
    "num_tokens": 5,
    "adv_prompts": [
        "a small golden pastry in a plastic bag eggs skar tights tricks averaging",
        "a small golden pastry in a plastic bag wrench egg pdf treadmill crash",
        "a small golden pastry in a plastic bag eggs elf craiggiraffe installation",
        "a small golden pastry in a plastic bag robotic eggs drama shigiraffe",
        "a small golden pastry in a plastic bag gym bambi egg harness shaun",
        "a small golden pastry in a plastic bag safest tshirt mirrors pedagogy eggs",
        "a small golden pastry in a plastic bag pebbles eggmask tricks sharp",
        "a small golden pastry in a plastic bag cash workouts assumptions egg bikini",
        "a small golden pastry in a plastic bag locker eggs rok shallow shirt",
        "a small golden pastry in a plastic bag eggs gnome tweaks powerpoint crash"
    ],
    "blip_scores": [
        [
            0,
            0,
            0,
            0,
            0
        ],
        [
            0,
            0,
            0,
            0,
            0
        ],
        [
            0,
            0,
            0,
            0,
            0
        ],
        [
            0,
            1,
            0,
            0,
            0
        ],
        [
            0,
            1,
            0,
            0,
            0
        ],
        [
            0,
            0,
            1,
            0,
            1
        ],
        [
            0,
            0,
            0,
            0,
            -1
        ],
        [
            -1,
            0,
            0,
            0,
            0
        ],
        [
            0,
            0,
            0,
            0,
            0
        ],
        [
            0,
            0,
            0,
            0,
            0
        ]
    ]
}