{
    "input_text": "A knight and a treasure chest.",
    "target_text": "A dragon and a treasure chest.",
    "num_tokens": 5,
    "adv_prompts": [
        "a knight and a treasure chest. dragons dragon crocs vietnamese hogwarts",
        "a knight and a treasure chest. sunflower manson dragon fenton plate",
        "a knight and a treasure chest. embroidered trendy ty selma dragon",
        "a knight and a treasure chest. stickers shaggy dracula constance dragon",
        "a knight and a treasure chest. featured zombie dragons aldridge quilt",
        "a knight and a treasure chest. dragons wallpapers embroidered duster flowers",
        "a knight and a treasure chest. three dracula dragon page leanne",
        "a knight and a treasure chest. dragon lizard pictures cubs dracula",
        "a knight and a treasure chest. necklaces photo paragon vampire dragon",
        "a knight and a treasure chest. poisonous sunglasses dragons lookbook duffy"
    ],
    "blip_scores": [
        [
            1,
            1,
            1,
            1,
            0
        ],
        [
            0,
            0,
            0,
            0,
            0
        ],
        [
            0,
            0,
            1,
            0,
            1
        ],
        [
            0,
            0,
            0,
            0,
            0
        ],
        [
            0,
            0,
            0,
            0,
            0
        ],
        [
            0,
            0,
            0,
            0,
            1
        ],
        [
            0,
            0,
            0,
            1,
            0
        ],
        [
            1,
            0,
            1,
            1,
            1
        ],
        [
            0,
            0,
            0,
            0,
            0
        ],
        [
            0,
            0,
            0,
            0,
            0
        ]
    ],
    "gense_cos_sim": 0.7752723693847656,
    "clip_cos_sim": 0.8849852085113525
}