{
    "input_text": "A herd of animals in a grassy area.",
    "target_text": "A bunch of animals in a grassy area.",
    "num_tokens": 5,
    "adv_prompts": [
        "a herd of animals in a grassy area. branches lookbook angelica surface brooch",
        "a herd of animals in a grassy area. porter laine sculpting blossom robby",
        "a herd of animals in a grassy area. bouquet asana stained brooch maya",
        "a herd of animals in a grassy area. masterpiece kraken genetics ratchet sangria",
        "a herd of animals in a grassy area. builds introduces announces dulce playwright",
        "a herd of animals in a grassy area. words pole buick wiener tory",
        "a herd of animals in a grassy area. roots tattoos bouquet lebron leafy",
        "a herd of animals in a grassy area. starbucks puff flowers joint lakers",
        "a herd of animals in a grassy area. bouquet laurie initial earrings",
        "a herd of animals in a grassy area. bouquet \u2122 hilary wearable maltese"
    ],
    "blip_scores": [
        [
            0,
            0,
            0,
            0,
            0
        ],
        [
            0,
            0,
            0,
            0,
            0
        ],
        [
            0,
            0,
            0,
            0,
            0
        ],
        [
            0,
            0,
            0,
            0,
            0
        ],
        [
            0,
            0,
            0,
            0,
            0
        ],
        [
            0,
            0,
            0,
            0,
            0
        ],
        [
            0,
            0,
            0,
            0,
            0
        ],
        [
            0,
            0,
            0,
            0,
            0
        ],
        [
            0,
            0,
            0,
            0,
            0
        ],
        [
            0,
            0,
            0,
            0,
            0
        ]
    ]
}