{
    "input_text": "A scientist through a telescope.",
    "target_text": "A scientist looking through a microscope.",
    "num_tokens": 5,
    "adv_prompts": [
        "a scientist through a telescope. clos pcr processing insect latter",
        "a scientist through a telescope. generic plating piercing toward sheets",
        "a scientist through a telescope. hc microbial reuters ponce cahill",
        "a scientist through a telescope. charged petition researching mcdermott awg",
        "a scientist through a telescope. aldridge zer / fcu rov",
        "a scientist through a telescope. researcher examines micro ligament tool",
        "a scientist through a telescope. generic amr ment flbauer",
        "a scientist through a telescope. teal miller wright afp owned",
        "a scientist through a telescope. generic dramatically microscope speputting",
        "a scientist through a telescope. ; generic ledger molina mill"
    ],
    "blip_scores": [
        [
            1,
            1,
            1,
            1,
            1
        ],
        [
            0,
            0,
            0,
            0,
            0
        ],
        [
            0,
            1,
            0,
            0,
            1
        ],
        [
            0,
            0,
            0,
            -1,
            0
        ],
        [
            0,
            1,
            0,
            0,
            0
        ],
        [
            1,
            0,
            1,
            1,
            1
        ],
        [
            0,
            0,
            -1,
            0,
            1
        ],
        [
            0,
            0,
            0,
            -1,
            0
        ],
        [
            1,
            -1,
            1,
            0,
            0
        ],
        [
            0,
            0,
            -1,
            0,
            0
        ]
    ],
    "gense_cos_sim": 0.8489783406257629,
    "clip_cos_sim": 0.7142730951309204
}