{
    "input_text": "A giraffe walking through a tree filled forest.",
    "target_text": "A man walking through a tree filled forest.",
    "num_tokens": 5,
    "adv_prompts": [
        "a giraffe walking through a tree filled forest. sunglasses polyvore catwoman uncharted jfk",
        "a giraffe walking through a tree filled forest. violated glock mage catwoman brigitte",
        "a giraffe walking through a tree filled forest. nhl westworld condensupergirl accordion",
        "a giraffe walking through a tree filled forest. restroom responsive hearthstone priest overview",
        "a giraffe walking through a tree filled forest. wrestlemania licenmusiccaricature niall",
        "a giraffe walking through a tree filled forest. mars windervape crumble bengali",
        "a giraffe walking through a tree filled forest. volt monopoly crates polyvore nmd",
        "a giraffe walking through a tree filled forest. nike presto hyd coldplay julian",
        "a giraffe walking through a tree filled forest. khs sunglasses brunette detached polarized",
        "a giraffe walking through a tree filled forest. jumpsuit polyvore lapel forbes meghan"
    ],
    "blip_scores": [
        [
            0,
            0,
            0,
            0,
            0
        ],
        [
            0,
            0,
            0,
            0,
            0
        ],
        [
            -1,
            0,
            -1,
            0,
            0
        ],
        [
            0,
            0,
            0,
            0,
            -1
        ],
        [
            -1,
            -1,
            0,
            -1,
            -1
        ],
        [
            -1,
            0,
            -1,
            -1,
            0
        ],
        [
            0,
            0,
            -1,
            0,
            0
        ],
        [
            0,
            0,
            0,
            0,
            0
        ],
        [
            -1,
            -1,
            -1,
            -1,
            0
        ],
        [
            0,
            0,
            0,
            0,
            0
        ]
    ]
}