{
    "input_text": "A person riding the waves on a surfboard.",
    "target_text": "A person riding the waves on a bicycle.",
    "num_tokens": 5,
    "adv_prompts": [
        "a person riding the waves on a surfboard. bicycles stopbicycle banner depicting",
        "a person riding the waves on a surfboard. bicycle stellar stroller moc cakes",
        "a person riding the waves on a surfboard. mowing bicycle.( gaystations",
        "a person riding the waves on a surfboard. bicycle - soundtrack whisperer umbrella",
        "a person riding the waves on a surfboard. bicycles controlling bicycle earrings asos",
        "a person riding the waves on a surfboard. navigating bicycle \"[ soundtrack sax",
        "a person riding the waves on a surfboard. replica sas bicycles revitbicycle",
        "a person riding the waves on a surfboard. bicycle earrings discography luckydetailing",
        "a person riding the waves on a surfboard. marching bicycle.( \u043asparks",
        "a person riding the waves on a surfboard. bicycles budweiser steamy bicycle framed"
    ],
    "blip_scores": [
        [
            0,
            0,
            -1,
            1,
            0
        ],
        [
            0,
            0,
            0,
            0,
            0
        ],
        [
            0,
            1,
            0,
            0,
            0
        ],
        [
            0,
            1,
            1,
            1,
            0
        ],
        [
            0,
            0,
            0,
            0,
            0
        ],
        [
            0,
            0,
            0,
            0,
            0
        ],
        [
            0,
            1,
            0,
            0,
            0
        ],
        [
            0,
            0,
            0,
            0,
            0
        ],
        [
            -1,
            1,
            0,
            0,
            0
        ],
        [
            0,
            0,
            0,
            0,
            0
        ]
    ]
}