{
    "input_text": "A man wearing ties and rainbow sun glasses",
    "target_text": "A man wearing ties and rainbow colored glasses",
    "num_tokens": 5,
    "adv_prompts": [
        "a man wearing ties and rainbow sun glasses typewriter scope forgiveness screaming taboo",
        "a man wearing ties and rainbow sun glasses spectrum hostage screenwriting vinaigrette christianity",
        "a man wearing ties and rainbow sun glasses scenarios dubstep hoops him overcoming",
        "a man wearing ties and rainbow sun glasses scope hostage candlelight scared pitt",
        "a man wearing ties and rainbow sun glasses hoop scared forgiveness unforgettable watercolour",
        "a man wearing ties and rainbow sun glasses scrambled yell menopause watercolour prohibition",
        "a man wearing ties and rainbow sun glasses scared ambition timely loops thouse",
        "a man wearing ties and rainbow sun glasses anxiety playhouse scrambled prohibition unforgettable",
        "a man wearing ties and rainbow sun glasses colored speakemature overwhelmed filmmaking",
        "a man wearing ties and rainbow sun glasses librarian despair impossible taboo scared"
    ],
    "blip_scores": [
        [
            0,
            0,
            0,
            0,
            0
        ],
        [
            0,
            0,
            0,
            0,
            -1
        ],
        [
            0,
            1,
            0,
            0,
            0
        ],
        [
            0,
            0,
            0,
            0,
            0
        ],
        [
            0,
            1,
            0,
            0,
            0
        ],
        [
            0,
            1,
            0,
            0,
            0
        ],
        [
            0,
            0,
            0,
            0,
            0
        ],
        [
            0,
            0,
            0,
            0,
            0
        ],
        [
            0,
            0,
            0,
            0,
            0
        ],
        [
            0,
            0,
            0,
            0,
            0
        ]
    ]
}