{
    "input_text": "A passenger jet that is on the runway.",
    "target_text": "A fighter jet that is on the runway.",
    "num_tokens": 5,
    "adv_prompts": [
        "a passenger jet that is on the runway. war rally fighter sives typhoon",
        "a passenger jet that is on the runway. regulated fighter sentencing gundam typhoon",
        "a passenger jet that is on the runway. kuwait rally system fighter typhoon",
        "a passenger jet that is on the runway. fighter tanks anglicwallpapers dagger",
        "a passenger jet that is on the runway. fighter guildhall airshow armored fighter",
        "a passenger jet that is on the runway. assisted fighter armour typhoon knight",
        "a passenger jet that is on the runway. ignition injection regulated fighter tyga",
        "a passenger jet that is on the runway. ladakh fighter demo fighter tidal",
        "a passenger jet that is on the runway. regulated fighter stainkingfisher fighter",
        "a passenger jet that is on the runway. fighter dagger supercar fighter soldier"
    ],
    "blip_scores": [
        [
            1,
            1,
            0,
            1,
            1
        ],
        [
            1,
            1,
            1,
            1,
            1
        ],
        [
            1,
            1,
            1,
            1,
            1
        ],
        [
            0,
            1,
            1,
            1,
            1
        ],
        [
            1,
            0,
            1,
            1,
            1
        ],
        [
            1,
            1,
            1,
            1,
            1
        ],
        [
            1,
            1,
            1,
            1,
            1
        ],
        [
            1,
            1,
            1,
            1,
            1
        ],
        [
            1,
            1,
            1,
            0,
            1
        ],
        [
            1,
            1,
            1,
            1,
            1
        ]
    ]
}