{
    "input_text": "A giraffe standing in front of green brush.",
    "target_text": "A man standing in front of green brush.",
    "num_tokens": 5,
    "adv_prompts": [
        "a giraffe standing in front of green brush. router collections downloads wwe nails",
        "a giraffe standing in front of green brush. garmin cto sunglasses front malik",
        "a giraffe standing in front of green brush. wsop plate handcrafted selfie ronaldo",
        "a giraffe standing in front of green brush. tmnt infographic women wattpad cole",
        "a giraffe standing in front of green brush. calabbeetroot man men mri",
        "a giraffe standing in front of green brush. polyvore selfies cavill michelangelo karl",
        "a giraffe standing in front of green brush. pubg men ootd testimony transcription",
        "a giraffe standing in front of green brush. corsair polyvore unboxing mma brigitte",
        "a giraffe standing in front of green brush. men celebration tali screenshots brigitte",
        "a giraffe standing in front of green brush. supercell router barista operates marie"
    ],
    "blip_scores": [
        [
            0,
            0,
            -1,
            -1,
            -1
        ],
        [
            0,
            0,
            0,
            0,
            0
        ],
        [
            0,
            0,
            0,
            0,
            0
        ],
        [
            0,
            0,
            0,
            0,
            0
        ],
        [
            0,
            -1,
            0,
            0,
            -1
        ],
        [
            0,
            0,
            0,
            0,
            0
        ],
        [
            0,
            0,
            0,
            1,
            0
        ],
        [
            0,
            0,
            0,
            0,
            0
        ],
        [
            -1,
            0,
            0,
            -1,
            0
        ],
        [
            0,
            0,
            0,
            0,
            0
        ]
    ]
}