{
    "input_text": "A turtle swimming in an aquarium.",
    "target_text": "A fish swimming in an aquarium.",
    "num_tokens": 5,
    "adv_prompts": [
        "a turtle swimming in an aquarium. musically recommendations sehun luxembourg jelena",
        "a turtle swimming in an aquarium. polyvore zendaya fariquotation suzy",
        "a turtle swimming in an aquarium. tvd worship polyvore mercedes arturo",
        "a turtle swimming in an aquarium. westworld mak hermione gmc polyvore",
        "a turtle swimming in an aquarium. restricted mad zendaya polyvore miguel",
        "a turtle swimming in an aquarium. lyrics derek bona ian callie",
        "a turtle swimming in an aquarium. itar flamepolyvore somerhalder toni",
        "a turtle swimming in an aquarium. nian mashed polyvore skylar vic",
        "a turtle swimming in an aquarium. opi edmonton cumulative valentina coventry",
        "a turtle swimming in an aquarium. ezra kris moor polyvore suzy"
    ],
    "blip_scores": [
        [
            0,
            0,
            0,
            0,
            0
        ],
        [
            0,
            0,
            0,
            0,
            0
        ],
        [
            0,
            0,
            0,
            -1,
            0
        ],
        [
            -1,
            0,
            0,
            0,
            0
        ],
        [
            0,
            0,
            0,
            0,
            0
        ],
        [
            0,
            0,
            0,
            0,
            0
        ],
        [
            0,
            0,
            -1,
            0,
            0
        ],
        [
            -1,
            -1,
            0,
            0,
            0
        ],
        [
            0,
            0,
            0,
            -1,
            -1
        ],
        [
            0,
            0,
            0,
            0,
            0
        ]
    ],
    "gense_cos_sim": 0.7259718179702759,
    "clip_cos_sim": 0.8965860605239868
}