{
    "input_text": "A small boy sitting on a luggage cart",
    "target_text": "A small boy sitting on a shopping cart",
    "num_tokens": 5,
    "adv_prompts": [
        "a small boy sitting on a luggage cart groceries imac icon aerishopping",
        "a small boy sitting on a luggage cart mario doomsday dumpster ost hath",
        "a small boy sitting on a luggage cart leaks starring shenmue \" >",
        "a small boy sitting on a luggage cart grocery prices bmx roblox map",
        "a small boy sitting on a luggage cart \" \u2014 onnaise editors \u300e",
        "a small boy sitting on a luggage cart sweepstakes results masterchef exoplansalisbury",
        "a small boy sitting on a luggage cart lick bill \u3010 \" \ufe0e",
        "a small boy sitting on a luggage cart past dietary broth \u3010 \"",
        "a small boy sitting on a luggage cart condom superbike roblox medal menu",
        "a small boy sitting on a luggage cart shopping bucket chipotle vpn \u3010"
    ],
    "blip_scores": [
        [
            0,
            0,
            1,
            1,
            1
        ],
        [
            0,
            0,
            0,
            0,
            0
        ],
        [
            0,
            0,
            0,
            0,
            0
        ],
        [
            0,
            0,
            0,
            0,
            0
        ],
        [
            0,
            0,
            0,
            0,
            -1
        ],
        [
            0,
            0,
            0,
            0,
            0
        ],
        [
            0,
            0,
            -1,
            -1,
            0
        ],
        [
            0,
            0,
            0,
            1,
            0
        ],
        [
            0,
            0,
            0,
            0,
            0
        ],
        [
            1,
            1,
            0,
            0,
            0
        ]
    ]
}