{
    "input_text": "A large fish floating out in the water.",
    "target_text": "A large bird floating out in the water.",
    "num_tokens": 5,
    "adv_prompts": [
        "a large fish floating out in the water. ': \" identimarried cranes",
        "a large fish floating out in the water. experimental dove stunned doing \"",
        "a large fish floating out in the water. tit barbara netanyahu \u00ae delectable",
        "a large fish floating out in the water. cirbunting candidates standardirehearsing",
        "a large fish floating out in the water. attractive anglican guillernewbury adee",
        "a large fish floating out in the water. biden grooming heron lovely undp",
        "a large fish floating out in the water. tps sandiego \" unconventional eagle",
        "a large fish floating out in the water. footed spruce kingfisher webcam handbag",
        "a large fish floating out in the water. paparazzi bahrain lava warbler youngsters",
        "a large fish floating out in the water. eagle experiencing birding footage \u2665"
    ],
    "blip_scores": [
        [
            0,
            0,
            0,
            0,
            0
        ],
        [
            0,
            0,
            0,
            0,
            0
        ],
        [
            -1,
            -1,
            -1,
            -1,
            0
        ],
        [
            0,
            0,
            0,
            0,
            0
        ],
        [
            0,
            0,
            0,
            0,
            0
        ],
        [
            0,
            0,
            0,
            0,
            0
        ],
        [
            0,
            1,
            1,
            0,
            0
        ],
        [
            0,
            0,
            0,
            1,
            0
        ],
        [
            0,
            0,
            0,
            0,
            0
        ],
        [
            0,
            0,
            1,
            0,
            0
        ]
    ]
}