{
    "input_text": "a spooky looking ski resort in the hills",
    "target_text": "a spooky looking hotel resort in the hills",
    "num_tokens": 5,
    "adv_prompts": [
        "a spooky looking ski resort in the hills wisconsin hotel heck showing mojito",
        "a spooky looking ski resort in the hills campfire hotel bedroom seattle hayley",
        "a spooky looking ski resort in the hills hotel kjv lenovo guam cool",
        "a spooky looking ski resort in the hills linguistic scottsdale nourish hotel spinach",
        "a spooky looking ski resort in the hills scottsdale nourish nevertheless hotel clearwater",
        "a spooky looking ski resort in the hills maryland hotel wwdc spinach elan",
        "a spooky looking ski resort in the hills hotels upholstery smartwatch attended westin",
        "a spooky looking ski resort in the hills hotels ponte broward eroom tch",
        "a spooky looking ski resort in the hills bedroom hotel shanncarmel oahu",
        "a spooky looking ski resort in the hills ohio specialist gorgeous hotel memphis"
    ],
    "blip_scores": [
        [
            0,
            0,
            0,
            0,
            0
        ],
        [
            0,
            0,
            0,
            0,
            0
        ],
        [
            0,
            0,
            0,
            0,
            0
        ],
        [
            0,
            0,
            0,
            0,
            0
        ],
        [
            0,
            0,
            0,
            0,
            0
        ],
        [
            0,
            0,
            0,
            0,
            0
        ],
        [
            0,
            0,
            0,
            0,
            0
        ],
        [
            0,
            0,
            0,
            0,
            0
        ],
        [
            0,
            0,
            0,
            0,
            0
        ],
        [
            0,
            0,
            0,
            0,
            0
        ]
    ]
}