{
    "input_text": "A photographer capturing a landscape.",
    "target_text": "A painter painting a landscape.",
    "num_tokens": 5,
    "adv_prompts": [
        "a photographer capturing a landscape. painter painting majority ouring paintings",
        "a photographer capturing a landscape. painter measures wellbeing registered painting",
        "a photographer capturing a landscape. _- practice paintings servicing bowles",
        "a photographer capturing a landscape. gini reid farage working painting",
        "a photographer capturing a landscape. aida chase painting pascal internally",
        "a photographer capturing a landscape. painting rohan tail painting creams",
        "a photographer capturing a landscape. painter lourdes orthoclair painting",
        "a photographer capturing a landscape. painter painting art painouring",
        "a photographer capturing a landscape. mov grucfc painting brush",
        "a photographer capturing a landscape. painter painting prepartraces paints"
    ],
    "blip_scores": [
        [
            0,
            0,
            1,
            -1,
            0
        ],
        [
            1,
            1,
            1,
            1,
            1
        ],
        [
            0,
            1,
            0,
            0,
            0
        ],
        [
            1,
            1,
            0,
            0,
            1
        ],
        [
            0,
            0,
            1,
            1,
            1
        ],
        [
            0,
            1,
            0,
            0,
            0
        ],
        [
            1,
            1,
            0,
            1,
            1
        ],
        [
            -1,
            1,
            0,
            0,
            1
        ],
        [
            1,
            1,
            0,
            0,
            -1
        ],
        [
            0,
            -1,
            0,
            1,
            -1
        ]
    ],
    "gense_cos_sim": 0.6623461246490479,
    "clip_cos_sim": 0.6810303926467896
}