{
    "input_text": "A man standing under a several tree branches.",
    "target_text": "A giraffe standing under a several tree branches.",
    "num_tokens": 5,
    "adv_prompts": [
        "a man standing under a several tree branches. giraffe eastern interacting surviving grazing",
        "a man standing under a several tree branches. petite nevada giraffe surviving grazing",
        "a man standing under a several tree branches. giraffe immacintriguing grazing storing",
        "a man standing under a several tree branches. cuteness?' wny giraffe wikipedia",
        "a man standing under a several tree branches. majestic abandoned young giraffe stock",
        "a man standing under a several tree branches. giraffe safeguarding having prey milky",
        "a man standing under a several tree branches. giraffe feeding digestive michaelshaun",
        "a man standing under a several tree branches. jess clays himalayuntitled giraffe",
        "a man standing under a several tree branches. mey giraffe menting interesting grazing",
        "a man standing under a several tree branches. giraffe immacfeeding incredibly snowy"
    ],
    "blip_scores": [
        [
            0,
            1,
            0,
            0,
            1
        ],
        [
            1,
            1,
            1,
            1,
            1
        ],
        [
            1,
            1,
            0,
            1,
            1
        ],
        [
            1,
            1,
            1,
            1,
            1
        ],
        [
            1,
            1,
            1,
            1,
            1
        ],
        [
            1,
            1,
            1,
            0,
            1
        ],
        [
            1,
            1,
            0,
            1,
            1
        ],
        [
            1,
            1,
            1,
            1,
            1
        ],
        [
            1,
            1,
            1,
            0,
            1
        ],
        [
            1,
            1,
            1,
            1,
            1
        ]
    ]
}