{
    "input_text": "A farmer aggressively protects his patch of turf.",
    "target_text": "A bird aggressively protects his patch of turf.",
    "num_tokens": 5,
    "adv_prompts": [
        "a farmer aggressively protects his patch of turf. thrush pine bird speeding hilarious",
        "a farmer aggressively protects his patch of turf. hummingbird attracts marvelous airtime thrush",
        "a farmer aggressively protects his patch of turf. bluebird suffering vertigo egret consuming",
        "a farmer aggressively protects his patch of turf. bluebird ibis stuns feeding cushion",
        "a farmer aggressively protects his patch of turf. struggling bird experiencing star incredibly",
        "a farmer aggressively protects his patch of turf. thrush bird hovering experiencing flirting",
        "a farmer aggressively protects his patch of turf. tree footed cutest smybird",
        "a farmer aggressively protects his patch of turf. birding blackbird warbler skatespruce",
        "a farmer aggressively protects his patch of turf. lakeshore northersidewalk bird surrounded",
        "a farmer aggressively protects his patch of turf. bluebird peregrwebcam drags heron"
    ],
    "blip_scores": [
        [
            0,
            0,
            0,
            0,
            0
        ],
        [
            0,
            0,
            0,
            0,
            0
        ],
        [
            0,
            0,
            0,
            0,
            0
        ],
        [
            0,
            0,
            0,
            0,
            0
        ],
        [
            0,
            0,
            0,
            0,
            0
        ],
        [
            0,
            0,
            0,
            0,
            0
        ],
        [
            0,
            0,
            0,
            0,
            0
        ],
        [
            0,
            0,
            0,
            0,
            0
        ],
        [
            0,
            0,
            0,
            0,
            0
        ],
        [
            0,
            0,
            0,
            0,
            0
        ]
    ]
}