{
    "input_text": "A deer walking with it's trunk held out. ",
    "target_text": "A elephant walking with it's trunk held out. ",
    "num_tokens": 5,
    "adv_prompts": [
        "a deer walking with it's trunk held out. henry manatee stuns recognizable namibia",
        "a deer walking with it's trunk held out. elephants ]. pictured elephant expressive",
        "a deer walking with it's trunk held out. vibrant elephant completes bursts supercharged",
        "a deer walking with it's trunk held out. gloucestershire embellished elephants enters sweepstakes",
        "a deer walking with it's trunk held out. oxelephbugatti wec ht",
        "a deer walking with it's trunk held out. wooden nmd yeezy monk herbal",
        "a deer walking with it's trunk held out. flickr bugatti ty elephant collapses",
        "a deer walking with it's trunk held out. elephants \" adventurous vip elephants",
        "a deer walking with it's trunk held out. elephant shows insane after airdrop",
        "a deer walking with it's trunk held out. wooden manatee brooch antarctic composition"
    ],
    "blip_scores": [
        [
            0,
            0,
            0,
            0,
            0
        ],
        [
            0,
            0,
            1,
            1,
            1
        ],
        [
            1,
            0,
            0,
            0,
            0
        ],
        [
            0,
            0,
            0,
            0,
            0
        ],
        [
            0,
            0,
            0,
            1,
            0
        ],
        [
            0,
            0,
            0,
            0,
            0
        ],
        [
            0,
            0,
            0,
            1,
            0
        ],
        [
            0,
            0,
            0,
            0,
            0
        ],
        [
            0,
            0,
            0,
            0,
            0
        ],
        [
            0,
            0,
            0,
            0,
            0
        ]
    ]
}