{
    "input_text": "A kitchen with plants sitting in the window",
    "target_text": "A tree with plants sitting in the window",
    "num_tokens": 5,
    "adv_prompts": [
        "a kitchen with plants sitting in the window \u00ae tree misunderstood researcher comparing",
        "a kitchen with plants sitting in the window censordetached multicultural tree attached",
        "a kitchen with plants sitting in the window competitiveness festival tree infographic shortages",
        "a kitchen with plants sitting in the window outdoors \u00ae \" insurtech tree",
        "a kitchen with plants sitting in the window photographic competition breach tree ostrich",
        "a kitchen with plants sitting in the window embroidered ladakh misunderstood wwii webinars",
        "a kitchen with plants sitting in the window tree [@ insurtech \u2122 daryl",
        "a kitchen with plants sitting in the window tree \" advertiser capture gauteng",
        "a kitchen with plants sitting in the window sleeve karaoke \" portrait session",
        "a kitchen with plants sitting in the window carsforsale \u2122 isolated tree template"
    ],
    "blip_scores": [
        [
            0,
            1,
            -1,
            -1,
            -1
        ],
        [
            -1,
            0,
            -1,
            1,
            -1
        ],
        [
            1,
            0,
            0,
            0,
            0
        ],
        [
            0,
            0,
            0,
            0,
            0
        ],
        [
            -1,
            0,
            0,
            0,
            1
        ],
        [
            -1,
            0,
            -1,
            -1,
            -1
        ],
        [
            -1,
            -1,
            0,
            -1,
            0
        ],
        [
            -1,
            -1,
            -1,
            0,
            -1
        ],
        [
            -1,
            -1,
            -1,
            -1,
            -1
        ],
        [
            1,
            -1,
            0,
            1,
            0
        ]
    ]
}