{
    "input_text": "A space filled with lots of counter space.",
    "target_text": "A kitchen filled with lots of counter space.",
    "num_tokens": 5,
    "adv_prompts": [
        "a space filled with lots of counter space. charming kitchen majorfeaturing \"",
        "a space filled with lots of counter space. sebring flanders kitchen exquisite brianna",
        "a space filled with lots of counter space. \" rh ecu mariana kitchen",
        "a space filled with lots of counter space. tps kitchen heartwarming internationrustic",
        "a space filled with lots of counter space. cbr fairway mariana nj bathroom",
        "a space filled with lots of counter space. catalina broward alina dade kitchen",
        "a space filled with lots of counter space. karina uci erasmus kitchen alisa",
        "a space filled with lots of counter space. papi degree caesar bathroom enterprises",
        "a space filled with lots of counter space. yukon bedroom aft karen parkway",
        "a space filled with lots of counter space. forrester boulevard abh magnetic earring"
    ],
    "blip_scores": [
        [
            0,
            0,
            1,
            1,
            0
        ],
        [
            0,
            1,
            0,
            0,
            0
        ],
        [
            1,
            0,
            0,
            0,
            0
        ],
        [
            1,
            0,
            0,
            0,
            0
        ],
        [
            0,
            0,
            0,
            -1,
            0
        ],
        [
            1,
            0,
            0,
            0,
            0
        ],
        [
            0,
            0,
            1,
            1,
            0
        ],
        [
            0,
            0,
            0,
            0,
            -1
        ],
        [
            0,
            0,
            1,
            0,
            0
        ],
        [
            0,
            0,
            0,
            0,
            0
        ]
    ]
}