{
    "input_text": "a close up of a plate with food",
    "target_text": "a close up of a restaurant with food",
    "num_tokens": 5,
    "adv_prompts": [
        "a close up of a plate with food shoppe istanbul restaurants panoramic twilight",
        "a close up of a plate with food : montessori restaurant retailers sidewalks",
        "a close up of a plate with food affection restaurant flooring acoustics specifications",
        "a close up of a plate with food cafeteria floor flooding supermarket topless",
        "a close up of a plate with food circulation restaurant cafeteria flooring linen",
        "a close up of a plate with food animator pools restaurant deadpool invitations",
        "a close up of a plate with food stalls...: montessori cartagena scrapbook",
        "a close up of a plate with food cages anatomstreetphotography topless piedmont",
        "a close up of a plate with food cages sidewalk standalone messi topps",
        "a close up of a plate with food visibility pumping sdsu reported boardwalk"
    ],
    "blip_scores": [
        [
            0,
            0,
            0,
            0,
            0
        ],
        [
            1,
            0,
            1,
            0,
            0
        ],
        [
            0,
            0,
            -1,
            0,
            0
        ],
        [
            0,
            0,
            0,
            0,
            0
        ],
        [
            0,
            0,
            1,
            0,
            0
        ],
        [
            0,
            0,
            0,
            0,
            0
        ],
        [
            0,
            0,
            -1,
            0,
            -1
        ],
        [
            0,
            0,
            0,
            0,
            0
        ],
        [
            0,
            0,
            0,
            0,
            0
        ],
        [
            0,
            0,
            0,
            0,
            -1
        ]
    ]
}