{
    "input_text": "A firehydrant sitting in some grass and weeds",
    "target_text": "A firehydrant sitting in some grass and snow",
    "num_tokens": 5,
    "adv_prompts": [
        "a firehydrant sitting in some grass and weeds haryana sunscreen snowball trampoline napkin",
        "a firehydrant sitting in some grass and weeds beanie enation nascar snowman adidas",
        "a firehydrant sitting in some grass and weeds snowy snowfall gogh rectangular magnet",
        "a firehydrant sitting in some grass and weeds adopturntable snowball case umbrella",
        "a firehydrant sitting in some grass and weeds alps nutcracker \u043achoreography swimsuit",
        "a firehydrant sitting in some grass and weeds snow beautifully topless maharashtra anomaly",
        "a firehydrant sitting in some grass and weeds esports antarctica acting trampoline clever",
        "a firehydrant sitting in some grass and weeds astrophotography glove pinball wraps snowy",
        "a firehydrant sitting in some grass and weeds snowy unusual preschool gurgaon view",
        "a firehydrant sitting in some grass and weeds taekwondo lanyard progressive typewriter \u3010"
    ],
    "blip_scores": [
        [
            0,
            0,
            -1,
            0,
            0
        ],
        [
            0,
            0,
            0,
            0,
            0
        ],
        [
            0,
            -1,
            0,
            0,
            0
        ],
        [
            0,
            0,
            0,
            0,
            0
        ],
        [
            0,
            0,
            0,
            0,
            0
        ],
        [
            -1,
            -1,
            -1,
            -1,
            -1
        ],
        [
            0,
            0,
            -1,
            -1,
            0
        ],
        [
            0,
            0,
            1,
            0,
            0
        ],
        [
            -1,
            -1,
            0,
            0,
            -1
        ],
        [
            0,
            0,
            0,
            0,
            0
        ]
    ]
}