{
    "input_text": "A metro train entering into a train station",
    "target_text": "A commuter train entering into a train station",
    "num_tokens": 5,
    "adv_prompts": [
        "a metro train entering into a train station thouse hallmark taiji overnight dsp",
        "a metro train entering into a train station townhouse walcott manitoba moon speeding",
        "a metro train entering into a train station frenzy commuting microphone mins rendered",
        "a metro train entering into a train station homes passing taiji walsall lessly",
        "a metro train entering into a train station nunavut chemotherapy compressor valley :...",
        "a metro train entering into a train station guelph turquoise airport aerial moons",
        "a metro train entering into a train station delay nanosui bbnaija pressure",
        "a metro train entering into a train station drone nunavut entities commuter businessman",
        "a metro train entering into a train station thunderstorm homecoming +, cornwall cay",
        "a metro train entering into a train station harrow campground asics newfoundland onia"
    ],
    "blip_scores": [
        [
            0,
            0,
            0,
            0,
            0
        ],
        [
            1,
            1,
            0,
            0,
            0
        ],
        [
            0,
            0,
            0,
            0,
            0
        ],
        [
            0,
            0,
            0,
            0,
            0
        ],
        [
            0,
            0,
            0,
            0,
            0
        ],
        [
            0,
            0,
            1,
            0,
            0
        ],
        [
            -1,
            0,
            1,
            0,
            0
        ],
        [
            0,
            0,
            0,
            0,
            0
        ],
        [
            0,
            0,
            0,
            0,
            0
        ],
        [
            0,
            0,
            0,
            0,
            0
        ]
    ]
}