{
    "input_text": "A salad has cilantro, carrots, and other vegetables.",
    "target_text": "A sandwich has cilantro, carrots, and other vegetables.",
    "num_tokens": 5,
    "adv_prompts": [
        "a salad has cilantro, carrots, and other vegetables. sandwich panini holds rwanda tube",
        "a salad has cilantro, carrots, and other vegetables. sandwich holding territorial coffee illustrates",
        "a salad has cilantro, carrots, and other vegetables. sandwich wriisn nintendo depicted",
        "a salad has cilantro, carrots, and other vegetables. sandwich wikipedia survived interacting thology",
        "a salad has cilantro, carrots, and other vegetables. sandwich yas depicted brazilian sandwich",
        "a salad has cilantro, carrots, and other vegetables. sandwich scenttarankeystone sandwiches",
        "a salad has cilantro, carrots, and other vegetables. sandwich biting \u2013 themed bridges",
        "a salad has cilantro, carrots, and other vegetables. sensitive squishsandwich panini dragonfly",
        "a salad has cilantro, carrots, and other vegetables. sandwich matching showcasing umbrella crocodile",
        "a salad has cilantro, carrots, and other vegetables. sandwich sandwich astriornament handing"
    ],
    "blip_scores": [
        [
            0,
            1,
            1,
            1,
            1
        ],
        [
            1,
            1,
            1,
            1,
            0
        ],
        [
            1,
            1,
            1,
            1,
            1
        ],
        [
            1,
            0,
            1,
            1,
            1
        ],
        [
            1,
            1,
            1,
            1,
            1
        ],
        [
            1,
            1,
            1,
            1,
            0
        ],
        [
            1,
            1,
            1,
            1,
            1
        ],
        [
            1,
            1,
            1,
            1,
            1
        ],
        [
            1,
            1,
            0,
            1,
            1
        ],
        [
            0,
            1,
            1,
            1,
            1
        ]
    ]
}