{
    "input_text": "A child playing with a toy airplane.",
    "target_text": "A child playing with a toy train.",
    "num_tokens": 5,
    "adv_prompts": [
        "a child playing with a toy airplane. train balcony locomotive \u0629 watches",
        "a child playing with a toy airplane. train track locomotive roblox yixing",
        "a child playing with a toy airplane. trains \u00b7 roblox railsets",
        "a child playing with a toy airplane. burmese locomotive chakra diesel upgrade",
        "a child playing with a toy airplane. train pathy passes crewe gundam",
        "a child playing with a toy airplane. exquisite trains locomotive ahmedabad shay",
        "a child playing with a toy airplane. glastonbury locomotive cv with amethyst",
        "a child playing with a toy airplane. ruby streetcar sapphire roblox locomotive",
        "a child playing with a toy airplane. chevron amethyst locomotive invaded alco",
        "a child playing with a toy airplane. diesel streetcar siding locomotive modelling"
    ],
    "blip_scores": [
        [
            0,
            0,
            1,
            1,
            0
        ],
        [
            0,
            0,
            0,
            0,
            0
        ],
        [
            0,
            0,
            0,
            0,
            0
        ],
        [
            0,
            0,
            0,
            0,
            0
        ],
        [
            0,
            0,
            0,
            0,
            0
        ],
        [
            0,
            1,
            0,
            1,
            1
        ],
        [
            0,
            0,
            0,
            0,
            0
        ],
        [
            0,
            0,
            0,
            0,
            0
        ],
        [
            0,
            0,
            0,
            0,
            1
        ],
        [
            1,
            0,
            0,
            0,
            0
        ]
    ],
    "gense_cos_sim": 0.7928135395050049,
    "clip_cos_sim": 0.8342045545578003
}