{
    "input_text": "A city councillor looking down the street ",
    "target_text": "A city sidewalk looking down the street ",
    "num_tokens": 5,
    "adv_prompts": [
        "a city councillor looking down the street sidewalk filters packaged austria sidewalk",
        "a city councillor looking down the street oahu sidewalk drenched malls aerial",
        "a city councillor looking down the street germany precipitggled picturesque alley",
        "a city councillor looking down the street suspended bookshop infrastructure ripe salzburg",
        "a city councillor looking down the street bestseller yoruba immersive snowboarding novel",
        "a city councillor looking down the street sidewalk kayaking oahu grandchildren surrounding",
        "a city councillor looking down the street prettiest cemetery aerial waygermany",
        "a city councillor looking down the street toilets bookshop milkyway fpv lapland",
        "a city councillor looking down the street passages perspective chihubookshop pretoria",
        "a city councillor looking down the street sidewalk orail salzburg kpmg tombstone"
    ],
    "blip_scores": [
        [
            1,
            1,
            0,
            1,
            1
        ],
        [
            0,
            0,
            0,
            0,
            0
        ],
        [
            0,
            0,
            1,
            1,
            1
        ],
        [
            0,
            0,
            1,
            1,
            1
        ],
        [
            0,
            0,
            0,
            0,
            0
        ],
        [
            0,
            0,
            1,
            0,
            0
        ],
        [
            0,
            0,
            0,
            0,
            0
        ],
        [
            0,
            0,
            0,
            0,
            0
        ],
        [
            0,
            0,
            0,
            0,
            1
        ],
        [
            1,
            0,
            1,
            0,
            0
        ]
    ]
}