{
    "input_text": "a couple of animals walking around a bush ",
    "target_text": "a couple of animals walking around a farm ",
    "num_tokens": 5,
    "adv_prompts": [
        "a couple of animals walking around a bush farm voluntary farm roommate urdu",
        "a couple of animals walking around a bush farm barn producer umer board",
        "a couple of animals walking around a bush farm farm restore could manga",
        "a couple of animals walking around a bush farm auctioned myth retriever theft",
        "a couple of animals walking around a bush stables farm reaper miku biography",
        "a couple of animals walking around a bush farm farm included probabacres",
        "a couple of animals walking around a bush ponies farm earthquake beginners tale",
        "a couple of animals walking around a bush farms farm whore farmers reliable",
        "a couple of animals walking around a bush farm farm reem welcoming broker",
        "a couple of animals walking around a bush farm murder farm hits fications"
    ],
    "blip_scores": [
        [
            1,
            0,
            0,
            0,
            0
        ],
        [
            1,
            0,
            1,
            0,
            0
        ],
        [
            0,
            0,
            0,
            0,
            0
        ],
        [
            0,
            0,
            0,
            0,
            0
        ],
        [
            0,
            0,
            0,
            0,
            0
        ],
        [
            0,
            0,
            0,
            1,
            0
        ],
        [
            0,
            0,
            0,
            0,
            0
        ],
        [
            0,
            0,
            0,
            0,
            0
        ],
        [
            1,
            1,
            0,
            1,
            0
        ],
        [
            1,
            0,
            0,
            1,
            0
        ]
    ]
}