{
    "input_text": "A foreign street sign that's covered in snow.",
    "target_text": "A foreign aid sign that's covered in snow.",
    "num_tokens": 5,
    "adv_prompts": [
        "a foreign street sign that's covered in snow. recover nairobi shirt von ghostly",
        "a foreign street sign that's covered in snow. synthesis airlines delivers detergent unicef",
        "a foreign street sign that's covered in snow. relax discography apron superfood nme",
        "a foreign street sign that's covered in snow. sparkles ipa mothers \u00ae rwanda",
        "a foreign street sign that's covered in snow. inflatable medical introduces aid airways",
        "a foreign street sign that's covered in snow. ruto australian coffee pay laser",
        "a foreign street sign that's covered in snow. nv sympathy ale tshirt unearthed",
        "a foreign street sign that's covered in snow. slots coffee sign examines unicef",
        "a foreign street sign that's covered in snow. one love figurine lager ultrasound",
        "a foreign street sign that's covered in snow. shows donates examines aid unilever"
    ],
    "blip_scores": [
        [
            -1,
            0,
            0,
            0,
            0
        ],
        [
            0,
            0,
            -1,
            -1,
            0
        ],
        [
            0,
            0,
            0,
            0,
            0
        ],
        [
            0,
            0,
            -1,
            0,
            -1
        ],
        [
            -1,
            0,
            -1,
            0,
            0
        ],
        [
            0,
            0,
            0,
            -1,
            -1
        ],
        [
            0,
            0,
            0,
            0,
            0
        ],
        [
            0,
            0,
            0,
            -1,
            0
        ],
        [
            0,
            -1,
            0,
            0,
            0
        ],
        [
            -1,
            0,
            0,
            -1,
            -1
        ]
    ]
}