{
    "input_text": "a dog in a field near a fence ",
    "target_text": "a sheep in a field near a fence ",
    "num_tokens": 5,
    "adv_prompts": [
        "a dog in a field near a fence ': fascist pj sheep earrings",
        "a dog in a field near a fence idiot learnenglish sheep (* caricature",
        "a dog in a field near a fence sheldon sheep electrician cufflinks croatian",
        "a dog in a field near a fence ': detailed cowtained sheep",
        "a dog in a field near a fence flickr : fandom sheep earrings",
        "a dog in a field near a fence wacky sheep skateboard nollywood nr",
        "a dog in a field near a fence classrooms fitness...: sheep watercolour",
        "a dog in a field near a fence ': counterfeit sheep upright sketch",
        "a dog in a field near a fence suffolk sheep occurs.......... folklore",
        "a dog in a field near a fence ': sheep roadside ram posing"
    ],
    "blip_scores": [
        [
            0,
            0,
            0,
            0,
            0
        ],
        [
            1,
            0,
            -1,
            1,
            1
        ],
        [
            0,
            0,
            0,
            0,
            0
        ],
        [
            0,
            1,
            1,
            0,
            1
        ],
        [
            0,
            0,
            0,
            0,
            0
        ],
        [
            1,
            1,
            1,
            1,
            0
        ],
        [
            1,
            1,
            0,
            1,
            1
        ],
        [
            1,
            1,
            0,
            1,
            0
        ],
        [
            0,
            1,
            1,
            1,
            -1
        ],
        [
            0,
            1,
            1,
            0,
            1
        ]
    ]
}