{
    "input_text": "A hot air balloon in the sky at sunset.",
    "target_text": "A plane in the sky at sunset.",
    "num_tokens": 5,
    "adv_prompts": [
        "a hot air balloon in the sky at sunset. personalized coded violin sweepstakes cufflinks",
        "a hot air balloon in the sky at sunset. guitquartet scaleexample learnenglish",
        "a hot air balloon in the sky at sunset. ikon \u306eguitar cover coded",
        "a hot air balloon in the sky at sunset. brass portion guitar trombcomparison",
        "a hot air balloon in the sky at sunset. lufthansa keef incident sharapova infographics",
        "a hot air balloon in the sky at sunset. prank buhari weeping governors infographics",
        "a hot air balloon in the sky at sunset. brass bandai guitar cover kats",
        "a hot air balloon in the sky at sunset. kh librarian guitar parody hong",
        "a hot air balloon in the sky at sunset. namm lesson strum burkautographed",
        "a hot air balloon in the sky at sunset. pianos attackers universitshibuya ukulele"
    ],
    "blip_scores": [
        [
            0,
            0,
            0,
            0,
            -1
        ],
        [
            0,
            -1,
            0,
            0,
            0
        ],
        [
            0,
            0,
            0,
            0,
            0
        ],
        [
            0,
            0,
            -1,
            0,
            0
        ],
        [
            0,
            -1,
            0,
            0,
            -1
        ],
        [
            -1,
            0,
            0,
            -1,
            0
        ],
        [
            0,
            -1,
            0,
            0,
            0
        ],
        [
            0,
            0,
            0,
            -1,
            -1
        ],
        [
            0,
            -1,
            -1,
            0,
            -1
        ],
        [
            0,
            0,
            0,
            0,
            -1
        ]
    ],
    "gense_cos_sim": 0.681888222694397,
    "clip_cos_sim": 0.6596200466156006
}