{
    "input_text": "A boy hitting a baseball on the beach.",
    "target_text": "A boy hitting a volleyball on the beach.",
    "num_tokens": 5,
    "adv_prompts": [
        "a boy hitting a baseball on the beach. volleyball normandy shown nevada volleyball",
        "a boy hitting a baseball on the beach. volleyball shown suki phravolleyball",
        "a boy hitting a baseball on the beach. boxvolleyball saba lays christy",
        "a boy hitting a baseball on the beach. appealing volleyball amiga volleyball 4",
        "a boy hitting a baseball on the beach. phravolleyball passes pvc duchess",
        "a boy hitting a baseball on the beach. hebron glamourvolleyball tackles nikita",
        "a boy hitting a baseball on the beach. suki jump overview telvolleyball",
        "a boy hitting a baseball on the beach. volleyball dunks gettysburg abq volleyball",
        "a boy hitting a baseball on the beach. bourgeovolleyball volleyball dunks tunic",
        "a boy hitting a baseball on the beach. volleyball petersburg popup volleyball dvd"
    ],
    "blip_scores": [
        [
            1,
            1,
            1,
            1,
            1
        ],
        [
            1,
            1,
            1,
            1,
            1
        ],
        [
            1,
            0,
            0,
            0,
            0
        ],
        [
            1,
            0,
            1,
            1,
            1
        ],
        [
            1,
            1,
            0,
            1,
            1
        ],
        [
            1,
            0,
            1,
            0,
            0
        ],
        [
            1,
            0,
            1,
            1,
            1
        ],
        [
            1,
            1,
            1,
            1,
            1
        ],
        [
            1,
            1,
            1,
            1,
            1
        ],
        [
            1,
            0,
            1,
            1,
            1
        ]
    ]
}