{
    "input_text": "A plate full of beef and broccoli stew. ",
    "target_text": "A pot full of beef and broccoli stew. ",
    "num_tokens": 5,
    "adv_prompts": [
        "a plate full of beef and broccoli stew. suitcase tarot prequel nollywood teasing",
        "a plate full of beef and broccoli stew. uniteencouragement royalty activism flask",
        "a plate full of beef and broccoli stew. cantiwildflowers tub doorway suitcase",
        "a plate full of beef and broccoli stew. massive flask planter debunfunko",
        "a plate full of beef and broccoli stew. storage catalywristband urn chandelier",
        "a plate full of beef and broccoli stew. pots concourse planter assembled nutcracker",
        "a plate full of beef and broccoli stew. installation drummers abuja suitcase interacting",
        "a plate full of beef and broccoli stew. lukas pot storage jar xd",
        "a plate full of beef and broccoli stew. drummers \" iphone jar pendant",
        "a plate full of beef and broccoli stew. captive orchestra breakaway flask scarf"
    ],
    "blip_scores": [
        [
            0,
            0,
            0,
            0,
            0
        ],
        [
            0,
            -1,
            0,
            0,
            0
        ],
        [
            0,
            -1,
            0,
            0,
            0
        ],
        [
            0,
            0,
            0,
            -1,
            1
        ],
        [
            0,
            0,
            -1,
            -1,
            -1
        ],
        [
            0,
            0,
            -1,
            -1,
            0
        ],
        [
            0,
            0,
            0,
            0,
            0
        ],
        [
            -1,
            0,
            -1,
            0,
            1
        ],
        [
            0,
            0,
            0,
            0,
            0
        ],
        [
            -1,
            0,
            0,
            0,
            0
        ]
    ]
}