{
    "input_text": "A salad with a sandwich and salad greens.",
    "target_text": "A plate with a sandwich and salad greens.",
    "num_tokens": 5,
    "adv_prompts": [
        "a salad with a sandwich and salad greens. plate offering \u043ffradirk",
        "a salad with a sandwich and salad greens. plate purchased \", asset marketplace",
        "a salad with a sandwich and salad greens. plate v otterdfs collection",
        "a salad with a sandwich and salad greens. picturesque plate \u30c3paid royalty",
        "a salad with a sandwich and salad greens. plate. alove boddrc",
        "a salad with a sandwich and salad greens. auguqf christoph fernandez plate",
        "a salad with a sandwich and salad greens. afs jameterry plate",
        "a salad with a sandwich and salad greens. erich srianie plate alove",
        "a salad with a sandwich and salad greens. plates onplated plato showcasing",
        "a salad with a sandwich and salad greens. imported plate representing plate royalty"
    ],
    "blip_scores": [
        [
            1,
            1,
            1,
            0,
            1
        ],
        [
            0,
            1,
            0,
            1,
            1
        ],
        [
            0,
            0,
            1,
            0,
            0
        ],
        [
            0,
            0,
            1,
            0,
            1
        ],
        [
            0,
            0,
            0,
            0,
            0
        ],
        [
            0,
            0,
            0,
            0,
            0
        ],
        [
            0,
            0,
            0,
            1,
            0
        ],
        [
            1,
            0,
            1,
            0,
            0
        ],
        [
            0,
            0,
            1,
            1,
            0
        ],
        [
            1,
            0,
            1,
            1,
            1
        ]
    ]
}