{
    "input_text": "a black and white photo of a woman",
    "target_text": "a black and white photo of a clock",
    "num_tokens": 5,
    "adv_prompts": [
        "a black and white photo of a woman kids hiddenanthropoising clock",
        "a black and white photo of a woman :( romantic clock swithse",
        "a black and white photo of a woman reunited passionate clock honoring missing",
        "a black and white photo of a woman clock falling populated clock after",
        "a black and white photo of a woman couple fingdestined clock situated",
        "a black and white photo of a woman courthouse poabbofrazier clock",
        "a black and white photo of a woman proposed clocks pic illustrates 4",
        "a black and white photo of a woman cliffe illegal clock seized attended",
        "a black and white photo of a woman unfortunate clock engulgladiators clock",
        "a black and white photo of a woman noticed clock thats imagine (:"
    ],
    "blip_scores": [
        [
            1,
            1,
            0,
            1,
            1
        ],
        [
            0,
            1,
            1,
            1,
            1
        ],
        [
            1,
            1,
            1,
            1,
            1
        ],
        [
            1,
            1,
            1,
            1,
            1
        ],
        [
            -1,
            0,
            0,
            1,
            1
        ],
        [
            1,
            1,
            1,
            1,
            1
        ],
        [
            1,
            1,
            -1,
            -1,
            1
        ],
        [
            1,
            1,
            1,
            1,
            1
        ],
        [
            0,
            1,
            1,
            1,
            1
        ],
        [
            0,
            1,
            1,
            1,
            0
        ]
    ]
}