{
    "input_text": "A beautiful young woman buckling her seat belt.",
    "target_text": "A beautiful young woman buckling her wedding belt.",
    "num_tokens": 5,
    "adv_prompts": [
        "a beautiful young woman buckling her seat belt. wedding jeans brochure <<< camels",
        "a beautiful young woman buckling her seat belt. fashionhobo bride conducting couture",
        "a beautiful young woman buckling her seat belt. horseback wedding distinguished rhinestone belt",
        "a beautiful young woman buckling her seat belt. wedding necklace transformsergei cookbook",
        "a beautiful young woman buckling her seat belt. couture illustrating martha arranging bride",
        "a beautiful young woman buckling her seat belt. embellished coconut bridesmaid pants orb",
        "a beautiful young woman buckling her seat belt. pants onstage wedding trampoline adwords",
        "a beautiful young woman buckling her seat belt. wedding trousers?. balsamic belt",
        "a beautiful young woman buckling her seat belt. rump wedding paintings surrounding fridges",
        "a beautiful young woman buckling her seat belt. arized abdominal brazilian wedding onstage"
    ],
    "blip_scores": [
        [
            -1,
            0,
            0,
            0,
            0
        ],
        [
            0,
            0,
            0,
            0,
            0
        ],
        [
            0,
            0,
            0,
            0,
            0
        ],
        [
            0,
            0,
            0,
            0,
            0
        ],
        [
            1,
            1,
            0,
            0,
            0
        ],
        [
            0,
            0,
            0,
            0,
            0
        ],
        [
            0,
            0,
            0,
            0,
            0
        ],
        [
            0,
            0,
            0,
            0,
            0
        ],
        [
            0,
            0,
            0,
            0,
            0
        ],
        [
            0,
            1,
            0,
            0,
            0
        ]
    ]
}