{
    "input_text": "A large residential tower and traffic moving near.",
    "target_text": "A large clock tower and traffic moving near.",
    "num_tokens": 5,
    "adv_prompts": [
        "a large residential tower and traffic moving near. foyer gaines vienna barrel clock",
        "a large residential tower and traffic moving near. pictured shrine clock clock sees",
        "a large residential tower and traffic moving near. kilimanjaro clock belonged pair gundam",
        "a large residential tower and traffic moving near. rome sakura seater gate clock",
        "a large residential tower and traffic moving near. ceremony room clock of jin",
        "a large residential tower and traffic moving near. foyer gilt chariot clocks featuring",
        "a large residential tower and traffic moving near. vienna clock cufflinks pink zinc",
        "a large residential tower and traffic moving near. cd seater clock chamber sakura",
        "a large residential tower and traffic moving near. vienna clock tunic gilt clock",
        "a large residential tower and traffic moving near. rental shrine clock clock dvd"
    ],
    "blip_scores": [
        [
            0,
            0,
            0,
            0,
            0
        ],
        [
            1,
            1,
            0,
            0,
            0
        ],
        [
            1,
            0,
            1,
            0,
            0
        ],
        [
            0,
            1,
            0,
            -1,
            0
        ],
        [
            0,
            -1,
            0,
            0,
            0
        ],
        [
            0,
            0,
            1,
            1,
            0
        ],
        [
            0,
            0,
            0,
            0,
            0
        ],
        [
            1,
            0,
            0,
            0,
            0
        ],
        [
            0,
            0,
            0,
            0,
            0
        ],
        [
            0,
            0,
            1,
            0,
            1
        ]
    ]
}