{
    "input_text": "a mess of various clothing on a chair ",
    "target_text": "a mess of various shapes on a chair ",
    "num_tokens": 5,
    "adv_prompts": [
        "a mess of various clothing on a chair teacher roots reviews shape bullet",
        "a mess of various clothing on a chair swings clapton govt snapback shape",
        "a mess of various clothing on a chair dubs ceos sham shapes kit",
        "a mess of various clothing on a chair circles robots sleeve \u2026\" collab",
        "a mess of various clothing on a chair keef bills shapes tee mocha",
        "a mess of various clothing on a chair rail planes valuation hoop socks",
        "a mess of various clothing on a chair dictator keef swivel printed burgundy",
        "a mess of various clothing on a chair sides shapes skeptical bangle enge",
        "a mess of various clothing on a chair edge oval ranks snapback db",
        "a mess of various clothing on a chair tags %) shape tee \u20b9"
    ],
    "blip_scores": [
        [
            0,
            0,
            0,
            0,
            0
        ],
        [
            0,
            0,
            0,
            0,
            0
        ],
        [
            0,
            0,
            0,
            0,
            0
        ],
        [
            0,
            0,
            0,
            0,
            0
        ],
        [
            0,
            0,
            0,
            0,
            0
        ],
        [
            0,
            0,
            0,
            0,
            0
        ],
        [
            0,
            0,
            0,
            0,
            0
        ],
        [
            0,
            0,
            0,
            0,
            0
        ],
        [
            0,
            0,
            0,
            0,
            0
        ],
        [
            0,
            0,
            0,
            0,
            0
        ]
    ]
}