{
    "input_text": "A large bus on a open city street.",
    "target_text": "A large mural on a open city street.",
    "num_tokens": 5,
    "adv_prompts": [
        "a large bus on a open city street. generous breaches fresh mural asting",
        "a large bus on a open city street. mural using gibbs drummond benin",
        "a large bus on a open city street. mural featuring deeds chal insist",
        "a large bus on a open city street. captivating mural featuring analysis graf",
        "a large bus on a open city street. prettier lightweight mural entitled mural",
        "a large bus on a open city street. cesar harlow gsp murals mural",
        "a large bus on a open city street. enchanting lightweight mural starring \u00edn",
        "a large bus on a open city street. mural griezmann boiler completed mural",
        "a large bus on a open city street. ager murals mons \u25cf mural",
        "a large bus on a open city street. murals liberia wall aimdepp"
    ],
    "blip_scores": [
        [
            0,
            1,
            0,
            0,
            1
        ],
        [
            0,
            1,
            0,
            0,
            0
        ],
        [
            0,
            1,
            0,
            0,
            0
        ],
        [
            1,
            0,
            0,
            0,
            0
        ],
        [
            -1,
            1,
            1,
            0,
            0
        ],
        [
            0,
            1,
            1,
            0,
            0
        ],
        [
            1,
            1,
            0,
            0,
            1
        ],
        [
            0,
            0,
            0,
            1,
            1
        ],
        [
            0,
            0,
            0,
            0,
            0
        ],
        [
            0,
            0,
            0,
            0,
            -1
        ]
    ]
}