{
    "input_text": "A motorized cart fills a train with luggage",
    "target_text": "A motorized train fills a train with luggage",
    "num_tokens": 5,
    "adv_prompts": [
        "a motorized cart fills a train with luggage previews board speaker alco churchill",
        "a motorized cart fills a train with luggage vhs clusters gundam centennial overhead",
        "a motorized cart fills a train with luggage opec ups backdrop heirloom alco",
        "a motorized cart fills a train with luggage siding bluray shed diesel inducted",
        "a motorized cart fills a train with luggage siding gamecube diesel masterclass unveils",
        "a motorized cart fills a train with luggage falls unbeaten huckabee locomotive thomas",
        "a motorized cart fills a train with luggage accents jazz cultured alco locomotive",
        "a motorized cart fills a train with luggage ghibli speakers locomotive vern alco",
        "a motorized cart fills a train with luggage alpine loco layout intment clarence",
        "a motorized cart fills a train with luggage wsop marquee locomotive moc thomas"
    ],
    "blip_scores": [
        [
            0,
            0,
            0,
            0,
            0
        ],
        [
            0,
            0,
            0,
            0,
            0
        ],
        [
            0,
            0,
            0,
            0,
            0
        ],
        [
            0,
            0,
            0,
            0,
            0
        ],
        [
            0,
            0,
            0,
            0,
            0
        ],
        [
            0,
            0,
            0,
            0,
            0
        ],
        [
            0,
            0,
            0,
            0,
            0
        ],
        [
            0,
            0,
            0,
            0,
            0
        ],
        [
            0,
            0,
            0,
            0,
            0
        ],
        [
            0,
            0,
            0,
            0,
            0
        ]
    ]
}