{
    "input_text": "A field full of green plants and fruit.",
    "target_text": "A garden full of green plants and fruit.",
    "num_tokens": 5,
    "adv_prompts": [
        "a field full of green plants and fruit. golfer blaster patio hotel rpg",
        "a field full of green plants and fruit. garden transplant rpg \". free",
        "a field full of green plants and fruit. gas garden garden snooker \u3010",
        "a field full of green plants and fruit. snooker garden inn gameplay *****",
        "a field full of green plants and fruit. caring sleeves garden galapagos designer",
        "a field full of green plants and fruit. garden sensor garden educational \u3010",
        "a field full of green plants and fruit. garden bbq necklace mtg stone",
        "a field full of green plants and fruit. io garden aging snooker dlc",
        "a field full of green plants and fruit. garden sinners barre hotel live",
        "a field full of green plants and fruit. \u30b8brics garden trampoline \u3010"
    ],
    "blip_scores": [
        [
            0,
            0,
            0,
            0,
            0
        ],
        [
            1,
            0,
            1,
            0,
            1
        ],
        [
            0,
            0,
            0,
            1,
            0
        ],
        [
            0,
            0,
            0,
            0,
            0
        ],
        [
            1,
            0,
            0,
            1,
            0
        ],
        [
            0,
            0,
            0,
            0,
            1
        ],
        [
            0,
            0,
            0,
            0,
            0
        ],
        [
            0,
            0,
            0,
            1,
            1
        ],
        [
            0,
            0,
            1,
            0,
            1
        ],
        [
            0,
            1,
            0,
            0,
            0
        ]
    ]
}