{
    "input_text": "A group of mopeds passing on a street.",
    "target_text": "A group of mopeds passing on a pasture.",
    "num_tokens": 5,
    "adv_prompts": [
        "a group of mopeds passing on a street. pasture meadow perfection \u0441motogp",
        "a group of mopeds passing on a street. pasture flexibility meadow \u2665\u2665 tti",
        "a group of mopeds passing on a street. pasture sunken lawnsatisfaction muhammad",
        "a group of mopeds passing on a street. pasture meadow exquisite towing pony",
        "a group of mopeds passing on a street. pasture meadow parked nikita managerial",
        "a group of mopeds passing on a street. pasture rass lawn swarovski fencing",
        "a group of mopeds passing on a street. pasture dominate thick meadow layla",
        "a group of mopeds passing on a street. meadow pasture mandala wilshere shadowhunters",
        "a group of mopeds passing on a street. pasture meadow satisfying grazing theo",
        "a group of mopeds passing on a street. grassy nutella defenabandoned pasture"
    ],
    "blip_scores": [
        [
            0,
            0,
            1,
            0,
            0
        ],
        [
            -1,
            0,
            0,
            -1,
            -1
        ],
        [
            0,
            0,
            0,
            0,
            0
        ],
        [
            0,
            0,
            0,
            0,
            1
        ],
        [
            0,
            0,
            0,
            0,
            0
        ],
        [
            0,
            0,
            0,
            0,
            1
        ],
        [
            0,
            0,
            -1,
            0,
            0
        ],
        [
            0,
            0,
            0,
            0,
            0
        ],
        [
            0,
            0,
            0,
            0,
            0
        ],
        [
            0,
            0,
            0,
            -1,
            0
        ]
    ]
}