{
    "input_text": "A large crowd with people gathered in front.",
    "target_text": "A large building with people gathered in front.",
    "num_tokens": 5,
    "adv_prompts": [
        "a large crowd with people gathered in front. beautifully suggestifloating faceted building",
        "a large crowd with people gathered in front. silky faceted building underneath building",
        "a large crowd with people gathered in front. scrolling geeky towering wooden palazzo",
        "a large crowd with people gathered in front. irling cathedrflattering european building",
        "a large crowd with people gathered in front. suggestibreathtaking architectural house motif",
        "a large crowd with people gathered in front. lego quantitative palazzo blending cathedral",
        "a large crowd with people gathered in front. faceted europebered building :",
        "a large crowd with people gathered in front. faceted courtypatterned building columns",
        "a large crowd with people gathered in front. scrolling towering behavianimated buildings",
        "a large crowd with people gathered in front. fancy building cathedral representing tasks"
    ],
    "blip_scores": [
        [
            -1,
            -1,
            0,
            -1,
            0
        ],
        [
            0,
            0,
            -1,
            0,
            0
        ],
        [
            -1,
            0,
            0,
            0,
            0
        ],
        [
            0,
            -1,
            -1,
            0,
            0
        ],
        [
            0,
            0,
            0,
            0,
            0
        ],
        [
            0,
            0,
            0,
            1,
            0
        ],
        [
            0,
            0,
            0,
            0,
            -1
        ],
        [
            0,
            0,
            0,
            0,
            0
        ],
        [
            -1,
            -1,
            -1,
            -1,
            -1
        ],
        [
            0,
            -1,
            0,
            -1,
            0
        ]
    ]
}