{
    "input_text": "A scientist looking through a microscope.",
    "target_text": "A scientist through a telescope.",
    "num_tokens": 5,
    "adv_prompts": [
        "a scientist looking through a microscope. norwegian tennis postcard cufflinks ryanair",
        "a scientist looking through a microscope. gingerbread telescope announced bangtan cufflinks",
        "a scientist looking through a microscope. telescope earrings chardonnay ambassadors sienna",
        "a scientist looking through a microscope. cucumber telescope dutchkaraoke earrings",
        "a scientist looking through a microscope. chardonnay outbound portuguese \"\"\" earrings",
        "a scientist looking through a microscope. subtitles gardeners stencil ryanair cufflinks",
        "a scientist looking through a microscope. cartagena softball postcard fleece leggings",
        "a scientist looking through a microscope. caterautographed telescope wallkeychain",
        "a scientist looking through a microscope. freshmen telescope ipa earrings garmin",
        "a scientist looking through a microscope. beatport astronauts,\u2026 celebs disc"
    ],
    "blip_scores": [
        [
            0,
            0,
            0,
            0,
            0
        ],
        [
            0,
            0,
            0,
            0,
            0
        ],
        [
            -1,
            0,
            0,
            0,
            0
        ],
        [
            0,
            0,
            0,
            0,
            0
        ],
        [
            0,
            0,
            0,
            0,
            0
        ],
        [
            0,
            0,
            0,
            0,
            0
        ],
        [
            0,
            0,
            0,
            0,
            0
        ],
        [
            0,
            0,
            0,
            0,
            0
        ],
        [
            -1,
            0,
            0,
            0,
            0
        ],
        [
            0,
            0,
            0,
            0,
            0
        ]
    ],
    "gense_cos_sim": 0.8489784002304077,
    "clip_cos_sim": 0.7142730951309204
}