{
    "input_text": "A multicolor passenger train waiting at a platform.",
    "target_text": "A multicolor passenger train waiting at a station.",
    "num_tokens": 5,
    "adv_prompts": [
        "a multicolor passenger train waiting at a platform. evocsize room shell jumpsuit",
        "a multicolor passenger train waiting at a platform. bonsai shirt?) mosque cong",
        "a multicolor passenger train waiting at a platform. jeans campsite room stanbul clock",
        "a multicolor passenger train waiting at a platform. revoluinduction tunnels kite hoodie",
        "a multicolor passenger train waiting at a platform. givenchy \" withdrawal blouse \u2764",
        "a multicolor passenger train waiting at a platform. kellie sly sectional cover meade",
        "a multicolor passenger train waiting at a platform. lahore cemetery [] room necklace",
        "a multicolor passenger train waiting at a platform. parisibeliever \u043acolor jumpsuit",
        "a multicolor passenger train waiting at a platform. barr firefighters.' shine earrings",
        "a multicolor passenger train waiting at a platform. candice earrings encapsulhired resort"
    ],
    "blip_scores": [
        [
            0,
            0,
            0,
            0,
            0
        ],
        [
            0,
            0,
            0,
            0,
            0
        ],
        [
            -1,
            0,
            0,
            0,
            0
        ],
        [
            0,
            0,
            0,
            0,
            0
        ],
        [
            0,
            0,
            0,
            0,
            0
        ],
        [
            0,
            0,
            0,
            0,
            0
        ],
        [
            0,
            0,
            0,
            0,
            0
        ],
        [
            0,
            0,
            0,
            0,
            0
        ],
        [
            0,
            0,
            -1,
            0,
            0
        ],
        [
            0,
            0,
            0,
            0,
            0
        ]
    ]
}