{
    "input_text": "a person in a kitchen area preparing food",
    "target_text": "a person in a kitchen table preparing food",
    "num_tokens": 5,
    "adv_prompts": [
        "a person in a kitchen area preparing food mixing address tables abilities pleasures",
        "a person in a kitchen area preparing food unanimous subscription table tasha aho",
        "a person in a kitchen area preparing food roommates table twists robins simmons",
        "a person in a kitchen area preparing food musings fitbit table phyllis to",
        "a person in a kitchen area preparing food fractured roommates decisions table enjoys",
        "a person in a kitchen area preparing food sement bedroom table katherine blocker",
        "a person in a kitchen area preparing food cards flank roommates table dl",
        "a person in a kitchen area preparing food dishes desk friendships table discussion",
        "a person in a kitchen area preparing food roommates hotties autographs currie ipod",
        "a person in a kitchen area preparing food table tabletop clutter chanel hudson"
    ],
    "blip_scores": [
        [
            0,
            0,
            -1,
            0,
            0
        ],
        [
            0,
            0,
            0,
            0,
            0
        ],
        [
            0,
            -1,
            0,
            -1,
            0
        ],
        [
            0,
            0,
            0,
            0,
            0
        ],
        [
            0,
            0,
            0,
            0,
            0
        ],
        [
            0,
            0,
            0,
            0,
            0
        ],
        [
            0,
            0,
            0,
            0,
            0
        ],
        [
            0,
            0,
            0,
            0,
            0
        ],
        [
            0,
            0,
            0,
            -1,
            0
        ],
        [
            0,
            0,
            0,
            0,
            0
        ]
    ]
}