{
    "input_text": "A man holding a baby in a wheelchair.",
    "target_text": "A man holding a baby in a chair.",
    "num_tokens": 5,
    "adv_prompts": [
        "a man holding a baby in a wheelchair. piano shawnee titanic puffin table",
        "a man holding a baby in a wheelchair. dolcewentworth chair matterpolly",
        "a man holding a baby in a wheelchair. opec baroque chairs seamhairstyles",
        "a man holding a baby in a wheelchair. claremont blackmail chair wilde 1",
        "a man holding a baby in a wheelchair. eisenhower claremont stool rachelbowls",
        "a man holding a baby in a wheelchair. anthology nails historic martini shattered",
        "a man holding a baby in a wheelchair. cadbury chairs altered enigsherlock",
        "a man holding a baby in a wheelchair. busted playhouse laine muppets glock",
        "a man holding a baby in a wheelchair. coronation hula armchair bare stamford",
        "a man holding a baby in a wheelchair. unearthnails nile battersea chair"
    ],
    "blip_scores": [
        [
            0,
            0,
            0,
            0,
            0
        ],
        [
            0,
            1,
            0,
            0,
            0
        ],
        [
            0,
            0,
            0,
            0,
            0
        ],
        [
            0,
            0,
            0,
            0,
            0
        ],
        [
            0,
            1,
            0,
            0,
            1
        ],
        [
            0,
            0,
            -1,
            0,
            0
        ],
        [
            0,
            0,
            0,
            0,
            0
        ],
        [
            0,
            0,
            -1,
            0,
            0
        ],
        [
            0,
            0,
            0,
            -1,
            0
        ],
        [
            0,
            0,
            0,
            0,
            0
        ]
    ]
}