{
    "input_text": "A neatly made rectangle with a red sheet. ",
    "target_text": "A neatly made bed with a red sheet. ",
    "num_tokens": 5,
    "adv_prompts": [
        "a neatly made rectangle with a red sheet. patterned bed featured lucille pictures",
        "a neatly made rectangle with a red sheet. dyed patterned bed moby neil",
        "a neatly made rectangle with a red sheet. lingerie wrestling lords bed ultimate",
        "a neatly made rectangle with a red sheet. presidential bed integrated luther pictures",
        "a neatly made rectangle with a red sheet. cot pillows )\" cleopatra bed",
        "a neatly made rectangle with a red sheet. red happily bed sheet pillows",
        "a neatly made rectangle with a red sheet. bed by ethereal notre bed",
        "a neatly made rectangle with a red sheet. bed by impy picture irving",
        "a neatly made rectangle with a red sheet. rented bed ilosurfing luther",
        "a neatly made rectangle with a red sheet. bed wii justice lutherbed"
    ],
    "blip_scores": [
        [
            1,
            1,
            1,
            1,
            1
        ],
        [
            1,
            1,
            1,
            1,
            1
        ],
        [
            0,
            0,
            0,
            0,
            0
        ],
        [
            1,
            0,
            1,
            1,
            1
        ],
        [
            1,
            1,
            1,
            1,
            1
        ],
        [
            1,
            1,
            1,
            1,
            1
        ],
        [
            1,
            1,
            1,
            1,
            1
        ],
        [
            0,
            1,
            0,
            0,
            1
        ],
        [
            0,
            1,
            1,
            1,
            1
        ],
        [
            1,
            1,
            1,
            1,
            1
        ]
    ]
}