{
    "input_text": "A man on a motorcycle flying a kite",
    "target_text": "A man on a beach flying a kite",
    "num_tokens": 5,
    "adv_prompts": [
        "a man on a motorcycle flying a kite beach afp \" backdrop bhubaneswar",
        "a man on a motorcycle flying a kite beach beach colorized amel abuja",
        "a man on a motorcycle flying a kite beach puzzles odisha shutterwrestlemania",
        "a man on a motorcycle flying a kite beach background odisha onthewwf",
        "a man on a motorcycle flying a kite debate ddling beach etching barnard",
        "a man on a motorcycle flying a kite beach walks,... heartbreaking odisha",
        "a man on a motorcycle flying a kite beach bandra smells ftw bootcamp",
        "a man on a motorcycle flying a kite menswear fpv odisha hackathon beach",
        "a man on a motorcycle flying a kite boat wrestling polluted beach postcard",
        "a man on a motorcycle flying a kite beach odisha eerbackground \u2728"
    ],
    "blip_scores": [
        [
            1,
            0,
            0,
            1,
            1
        ],
        [
            1,
            1,
            -1,
            0,
            1
        ],
        [
            0,
            0,
            0,
            1,
            0
        ],
        [
            0,
            0,
            0,
            0,
            0
        ],
        [
            0,
            1,
            0,
            0,
            0
        ],
        [
            0,
            0,
            0,
            1,
            1
        ],
        [
            0,
            0,
            1,
            1,
            1
        ],
        [
            1,
            1,
            0,
            1,
            0
        ],
        [
            0,
            1,
            0,
            0,
            1
        ],
        [
            0,
            1,
            0,
            1,
            0
        ]
    ]
}