{
    "input_text": "a waitress holding a tray of food.",
    "target_text": "a waiter holding a tray of food.",
    "num_tokens": 5,
    "adv_prompts": [
        "a waitress holding a tray of food. catering his prosciutto shaped pieter",
        "a waitress holding a tray of food. cufflinks pieter pere flirting jumpman",
        "a waitress holding a tray of food. cucumber webcam models feeding emilio",
        "a waitress holding a tray of food. amsterdam prefecture cantoncalendar cufflinks",
        "a waitress holding a tray of food. couples cufflinks hanuman smiling jetblue",
        "a waitress holding a tray of food. hectic hanuman cinderella npr cufflinks",
        "a waitress holding a tray of food. cristiano shorts marcelo kisses efcc",
        "a waitress holding a tray of food. ibis keychain jumping pieter \"",
        "a waitress holding a tray of food. volunteer swimsuit bafta bbnaija matteo",
        "a waitress holding a tray of food. meteorologist cufflinks baroque illustrated yelling"
    ],
    "blip_scores": [
        [
            1,
            0,
            1,
            1,
            0
        ],
        [
            0,
            0,
            0,
            0,
            0
        ],
        [
            0,
            0,
            1,
            0,
            0
        ],
        [
            0,
            0,
            0,
            0,
            0
        ],
        [
            0,
            0,
            0,
            0,
            0
        ],
        [
            0,
            0,
            0,
            0,
            0
        ],
        [
            0,
            0,
            0,
            0,
            0
        ],
        [
            0,
            0,
            0,
            0,
            -1
        ],
        [
            1,
            0,
            0,
            0,
            1
        ],
        [
            0,
            0,
            0,
            0,
            0
        ]
    ],
    "success": 1
}