{
    "input_text": "A man helps his friend with his suit.",
    "target_text": "A man helps his son with his suit.",
    "num_tokens": 5,
    "adv_prompts": [
        "a man helps his friend with his suit. zack seated sono holds grandson",
        "a man helps his friend with his suit. son morgansigning holding grandson",
        "a man helps his friend with his suit. infographic pano jug pregnant picturesque",
        "a man helps his friend with his suit. son interpretseated deciding hobby",
        "a man helps his friend with his suit. and son portrait alex practicing",
        "a man helps his friend with his suit. son seated figuring modurevisiting",
        "a man helps his friend with his suit. son grandson millerseeing jpg",
        "a man helps his friend with his suit. \"/ holds grandson miles practicing",
        "a man helps his friend with his suit. families lakregistering marrakech canvas",
        "a man helps his friend with his suit. morgantoddler sons daughter pedro"
    ],
    "blip_scores": [
        [
            0,
            1,
            0,
            0,
            0
        ],
        [
            1,
            1,
            1,
            0,
            0
        ],
        [
            0,
            -1,
            0,
            0,
            0
        ],
        [
            0,
            1,
            -1,
            0,
            0
        ],
        [
            1,
            0,
            0,
            0,
            0
        ],
        [
            0,
            0,
            0,
            0,
            0
        ],
        [
            0,
            0,
            0,
            0,
            0
        ],
        [
            1,
            0,
            1,
            0,
            0
        ],
        [
            0,
            0,
            0,
            0,
            0
        ],
        [
            0,
            0,
            1,
            0,
            0
        ]
    ]
}