{
    "input_text": "A man and woman with their small dog.",
    "target_text": "A man and woman with their small children.",
    "num_tokens": 5,
    "adv_prompts": [
        "a man and woman with their small dog. quintet fighting trunks postersangria",
        "a man and woman with their small dog. surrounded nieces offer larvae discovering",
        "a man and woman with their small dog. grandchildren surrounding attacking tradingwhales",
        "a man and woman with their small dog. surrounding triplets children combatwhales",
        "a man and woman with their small dog. grandchildren gang billboard soapdisplayed",
        "a man and woman with their small dog. surrounding children engraving damaged managerial",
        "a man and woman with their small dog. & grandchildren wakemicroscope makeshift",
        "a man and woman with their small dog. surrounding meadbooted youngsters kingfisher",
        "a man and woman with their small dog. grandchildren rers mosquito whiteboard attacking",
        "a man and woman with their small dog. grandchildren surrounding hackdamage apron"
    ],
    "blip_scores": [
        [
            0,
            0,
            0,
            0,
            0
        ],
        [
            1,
            0,
            1,
            0,
            1
        ],
        [
            0,
            0,
            0,
            0,
            0
        ],
        [
            0,
            0,
            0,
            0,
            0
        ],
        [
            0,
            0,
            0,
            0,
            0
        ],
        [
            0,
            1,
            0,
            1,
            1
        ],
        [
            0,
            1,
            0,
            1,
            0
        ],
        [
            0,
            0,
            0,
            0,
            0
        ],
        [
            0,
            0,
            0,
            0,
            1
        ],
        [
            0,
            0,
            0,
            0,
            0
        ]
    ]
}