{
    "input_text": "A gross dirty toilet in a unmaintained bathroom. ",
    "target_text": "A gross dirty mess in a unmaintained bathroom. ",
    "num_tokens": 5,
    "adv_prompts": [
        "a gross dirty toilet in a unmaintained bathroom. sheets arrested graduated photoshoot setlist",
        "a gross dirty toilet in a unmaintained bathroom. crowded confetti casablancjewellery dumplings",
        "a gross dirty toilet in a unmaintained bathroom. \u2764\ufe0f backstage scrapbook buckle session",
        "a gross dirty toilet in a unmaintained bathroom. reporter alexandra sorting toys backgrounds",
        "a gross dirty toilet in a unmaintained bathroom. boyfriend shredding political toys trophies",
        "a gross dirty toilet in a unmaintained bathroom. mas galerie kittens yearbook pile",
        "a gross dirty toilet in a unmaintained bathroom. fitbit mus toppers scrapbook photoshoot",
        "a gross dirty toilet in a unmaintained bathroom. setlist...... shredded mess exhibitions",
        "a gross dirty toilet in a unmaintained bathroom. purse pile meals photos classmates",
        "a gross dirty toilet in a unmaintained bathroom. lunch hour gf toys photoshoot"
    ],
    "blip_scores": [
        [
            0,
            0,
            0,
            0,
            0
        ],
        [
            0,
            0,
            0,
            0,
            0
        ],
        [
            0,
            0,
            0,
            0,
            0
        ],
        [
            0,
            0,
            0,
            0,
            0
        ],
        [
            1,
            0,
            0,
            0,
            0
        ],
        [
            0,
            1,
            0,
            0,
            0
        ],
        [
            0,
            0,
            0,
            0,
            0
        ],
        [
            0,
            0,
            0,
            0,
            0
        ],
        [
            0,
            0,
            0,
            0,
            1
        ],
        [
            0,
            0,
            0,
            0,
            0
        ]
    ]
}