{
    "input_text": "A man carving down a snowy mountain side",
    "target_text": "A skier carving down a snowy mountain side",
    "num_tokens": 5,
    "adv_prompts": [
        "a man carving down a snowy mountain side skier ski skyenthusiasts quickly",
        "a man carving down a snowy mountain side skier helly sky skier skiing",
        "a man carving down a snowy mountain side skier skier lily mcclskiing",
        "a man carving down a snowy mountain side skier skier kelsey mccafnica",
        "a man carving down a snowy mountain side skier mackenzie advpendskiing",
        "a man carving down a snowy mountain side avoidance skier skiing skier ying",
        "a man carving down a snowy mountain side personalskier skier monihorton",
        "a man carving down a snowy mountain side skier. skier callie carpenter",
        "a man carving down a snowy mountain side skier ruby mcclblenskiing",
        "a man carving down a snowy mountain side skier fiona fatherskiing skiing"
    ],
    "blip_scores": [
        [
            0,
            0,
            0,
            0,
            0
        ],
        [
            0,
            0,
            0,
            0,
            0
        ],
        [
            1,
            0,
            1,
            0,
            0
        ],
        [
            0,
            1,
            0,
            0,
            0
        ],
        [
            0,
            0,
            0,
            0,
            0
        ],
        [
            0,
            0,
            0,
            0,
            0
        ],
        [
            0,
            0,
            0,
            0,
            0
        ],
        [
            0,
            0,
            0,
            0,
            0
        ],
        [
            0,
            0,
            0,
            0,
            0
        ],
        [
            0,
            1,
            1,
            1,
            1
        ]
    ]
}