{
    "input_text": "a room showing a sink and some drawers",
    "target_text": "a photo showing a sink and some drawers",
    "num_tokens": 5,
    "adv_prompts": [
        "a room showing a sink and some drawers crested plans gloves reviews rbc",
        "a room showing a sink and some drawers cranberry brackets targets homerlewood",
        "a room showing a sink and some drawers topper photobook rosewood fz ys",
        "a room showing a sink and some drawers yearbook charts abuja aniston stainless",
        "a room showing a sink and some drawers prompts fairmont rc bestselling hollow",
        "a room showing a sink and some drawers scholarships fairmont hd gloss leaning",
        "a room showing a sink and some drawers ahouse contractor photos tempered obese",
        "a room showing a sink and some drawers abuja supplied simpsons polished dized",
        "a room showing a sink and some drawers photobooklet sarkodie decreased arthritis",
        "a room showing a sink and some drawers hollywood polyvore mousse wallpapers rc"
    ],
    "blip_scores": [
        [
            0,
            0,
            0,
            -1,
            0
        ],
        [
            -1,
            -1,
            -1,
            0,
            0
        ],
        [
            0,
            0,
            0,
            0,
            0
        ],
        [
            0,
            -1,
            0,
            0,
            0
        ],
        [
            0,
            -1,
            0,
            -1,
            -1
        ],
        [
            -1,
            -1,
            0,
            0,
            -1
        ],
        [
            -1,
            0,
            -1,
            -1,
            -1
        ],
        [
            0,
            0,
            0,
            0,
            0
        ],
        [
            0,
            0,
            0,
            0,
            0
        ],
        [
            0,
            0,
            0,
            0,
            -1
        ]
    ]
}