{
    "input_text": "a close up of a vandalized stop sign ",
    "target_text": "a mock up of a vandalized stop sign ",
    "num_tokens": 5,
    "adv_prompts": [
        "a close up of a vandalized stop sign prod generated critical mock customization",
        "a close up of a vandalized stop sign interpreted catchy mock polyvore prototype",
        "a close up of a vandalized stop sign prank renderconversion graphconfiguration",
        "a close up of a vandalized stop sign render submission caregimichaels configuration",
        "a close up of a vandalized stop sign customization prank mirostration molten",
        "a close up of a vandalized stop sign redesign submission criticism grier mock",
        "a close up of a vandalized stop sign polyvore sissy mack rss conversation",
        "a close up of a vandalized stop sign mock polyvore compsubmissions conversion",
        "a close up of a vandalized stop sign mockgenerated connie mcqueen submission",
        "a close up of a vandalized stop sign ditions atetaxidercirculating modified"
    ],
    "blip_scores": [
        [
            -1,
            0,
            0,
            -1,
            -1
        ],
        [
            0,
            0,
            -1,
            0,
            -1
        ],
        [
            0,
            0,
            0,
            0,
            0
        ],
        [
            0,
            0,
            -1,
            -1,
            -1
        ],
        [
            0,
            -1,
            -1,
            0,
            -1
        ],
        [
            0,
            0,
            -1,
            0,
            -1
        ],
        [
            0,
            -1,
            -1,
            -1,
            -1
        ],
        [
            0,
            -1,
            0,
            0,
            0
        ],
        [
            -1,
            0,
            -1,
            -1,
            -1
        ],
        [
            -1,
            -1,
            -1,
            -1,
            -1
        ]
    ]
}