{
    "input_text": "A little boy that is playing with stuff.",
    "target_text": "A little kid that is playing with stuff.",
    "num_tokens": 5,
    "adv_prompts": [
        "a little boy that is playing with stuff. thighrose valkyrie karate manage",
        "a little boy that is playing with stuff. airdrop decal bullish marsha fate",
        "a little boy that is playing with stuff. caricature rarity infographic shilcheshire",
        "a little boy that is playing with stuff. emilia tile koi gundam caring",
        "a little boy that is playing with stuff. persona mercy kicker vocals brie",
        "a little boy that is playing with stuff. kkr starcraft ylde proposes sque",
        "a little boy that is playing with stuff. journalists oku rwby manage emilia",
        "a little boy that is playing with stuff. employees philharmontransformers dictionary katniss",
        "a little boy that is playing with stuff. jailbreak granddaughter xbox amenities manage",
        "a little boy that is playing with stuff. heroine forward decal katniss gilded"
    ],
    "blip_scores": [
        [
            0,
            0,
            0,
            0,
            0
        ],
        [
            0,
            0,
            0,
            0,
            0
        ],
        [
            0,
            0,
            0,
            0,
            0
        ],
        [
            0,
            0,
            0,
            0,
            0
        ],
        [
            0,
            0,
            0,
            0,
            0
        ],
        [
            0,
            0,
            0,
            0,
            0
        ],
        [
            0,
            0,
            0,
            0,
            0
        ],
        [
            0,
            0,
            0,
            0,
            0
        ],
        [
            0,
            0,
            0,
            0,
            0
        ],
        [
            0,
            0,
            0,
            0,
            0
        ]
    ]
}