{
    "input_text": "A live lobster truck parked on a beach.",
    "target_text": "A live guard truck parked on a beach.",
    "num_tokens": 5,
    "adv_prompts": [
        "a live lobster truck parked on a beach. lms guards guards torquay scrabble",
        "a live lobster truck parked on a beach. motogp sideline damages groomalonso",
        "a live lobster truck parked on a beach. skateboard grind irgc stairs command",
        "a live lobster truck parked on a beach. guard fused clearing exercises utv",
        "a live lobster truck parked on a beach. guard motogp overlay stewards sochi",
        "a live lobster truck parked on a beach. guard attacker rehearsal trainingprotector",
        "a live lobster truck parked on a beach. targeted defend guards beanie bordeaux",
        "a live lobster truck parked on a beach. worx guesafety firefighter magnetic",
        "a live lobster truck parked on a beach. strut protection documenting courts suv",
        "a live lobster truck parked on a beach. guard guard protections workout excel"
    ],
    "blip_scores": [
        [
            0,
            0,
            0,
            0,
            0
        ],
        [
            0,
            0,
            0,
            0,
            0
        ],
        [
            0,
            0,
            0,
            0,
            0
        ],
        [
            1,
            0,
            1,
            0,
            0
        ],
        [
            0,
            0,
            0,
            0,
            0
        ],
        [
            0,
            -1,
            1,
            0,
            0
        ],
        [
            -1,
            -1,
            0,
            0,
            -1
        ],
        [
            -1,
            1,
            0,
            0,
            0
        ],
        [
            0,
            0,
            1,
            0,
            0
        ],
        [
            0,
            0,
            0,
            1,
            1
        ]
    ]
}