{
    "input_text": "a brown chocolate bar in a large kitchen",
    "target_text": "a brown breakfast bar in a large kitchen",
    "num_tokens": 5,
    "adv_prompts": [
        "a brown chocolate bar in a large kitchen breakfast crusader filly youngsters recently",
        "a brown chocolate bar in a large kitchen frederic cato protocol woodworking consoles",
        "a brown chocolate bar in a large kitchen courthouse airport snes hellboy cassie",
        "a brown chocolate bar in a large kitchen range cabinets portfolio entertainer hellboy",
        "a brown chocolate bar in a large kitchen nominees cme shawl redesign aran",
        "a brown chocolate bar in a large kitchen infiniti featherweight reception flooring midland",
        "a brown chocolate bar in a large kitchen thetic correctional brunch hooded skirts",
        "a brown chocolate bar in a large kitchen curved sari island portfolio flooring",
        "a brown chocolate bar in a large kitchen booties nwt \ud83d\udc9c convertible monroe",
        "a brown chocolate bar in a large kitchen barrels webcomic crystal pony commission"
    ],
    "blip_scores": [
        [
            0,
            0,
            0,
            0,
            0
        ],
        [
            1,
            0,
            0,
            0,
            0
        ],
        [
            0,
            0,
            0,
            0,
            0
        ],
        [
            1,
            1,
            0,
            0,
            1
        ],
        [
            0,
            0,
            0,
            0,
            0
        ],
        [
            0,
            0,
            0,
            0,
            0
        ],
        [
            0,
            0,
            0,
            0,
            0
        ],
        [
            1,
            0,
            0,
            0,
            0
        ],
        [
            0,
            0,
            0,
            0,
            0
        ],
        [
            0,
            0,
            0,
            0,
            0
        ]
    ]
}