{
    "input_text": "A motor cycle procession down a wet street.",
    "target_text": "A light cycle procession down a wet street.",
    "num_tokens": 5,
    "adv_prompts": [
        "a motor cycle procession down a wet street. wisconsin hermann illuminated kayak alien",
        "a motor cycle procession down a wet street. playbook cyclezeus candlelight aurora",
        "a motor cycle procession down a wet street. lighted halo prunreplica shimano",
        "a motor cycle procession down a wet street. sagan manly candlelight zetlasers",
        "a motor cycle procession down a wet street. glow bloomington illuminated trx boba",
        "a motor cycle procession down a wet street. dfw illuminated lawnspacex facade",
        "a motor cycle procession down a wet street. glowing strava boba candlelight trx",
        "a motor cycle procession down a wet street. minneapolis illuminated kayak hydro droid",
        "a motor cycle procession down a wet street. # lasers initials candlelight swan",
        "a motor cycle procession down a wet street. bianchi halo candlelight pedalindicators"
    ],
    "blip_scores": [
        [
            -1,
            0,
            -1,
            0,
            0
        ],
        [
            0,
            0,
            0,
            0,
            0
        ],
        [
            0,
            0,
            0,
            1,
            0
        ],
        [
            -1,
            0,
            0,
            0,
            0
        ],
        [
            0,
            0,
            -1,
            0,
            0
        ],
        [
            0,
            0,
            0,
            0,
            0
        ],
        [
            0,
            0,
            -1,
            0,
            0
        ],
        [
            1,
            0,
            0,
            0,
            0
        ],
        [
            0,
            0,
            0,
            0,
            0
        ],
        [
            0,
            0,
            0,
            0,
            0
        ]
    ]
}