{
    "input_text": "A blue kite is flying in the sky",
    "target_text": "A blue butterfly is flying in the sky",
    "num_tokens": 5,
    "adv_prompts": [
        "a blue kite is flying in the sky lace flosibertollywood butterfly",
        "a blue kite is flying in the sky butterfly baccover remixes complete",
        "a blue kite is flying in the sky knuckle cover >> butterfly exactly",
        "a blue kite is flying in the sky uncovered these exactly fascinating butterfly",
        "a blue kite is flying in the sky nos utterly very fascinating butterfly",
        "a blue kite is flying in the sky severely stunning butterfly nigerian thriving",
        "a blue kite is flying in the sky butterfly logo nus basejersey",
        "a blue kite is flying in the sky authentic butterfly nigerian graceful nb",
        "a blue kite is flying in the sky ornamental conservindefinuganda butterfly",
        "a blue kite is flying in the sky butterfly 3 nice brassbutterfly"
    ],
    "blip_scores": [
        [
            0,
            0,
            0,
            0,
            0
        ],
        [
            0,
            0,
            0,
            0,
            0
        ],
        [
            0,
            0,
            0,
            0,
            0
        ],
        [
            0,
            1,
            0,
            1,
            0
        ],
        [
            0,
            0,
            0,
            0,
            0
        ],
        [
            1,
            0,
            0,
            0,
            0
        ],
        [
            0,
            0,
            0,
            0,
            0
        ],
        [
            0,
            0,
            1,
            0,
            0
        ],
        [
            0,
            0,
            0,
            0,
            1
        ],
        [
            0,
            0,
            1,
            0,
            0
        ]
    ]
}