{
    "input_text": "A cat snuggling with a teddy bear's foot. ",
    "target_text": "A kitten snuggling with a teddy bear's foot. ",
    "num_tokens": 5,
    "adv_prompts": [
        "a cat snuggling with a teddy bear's foot. keye filly thai keenan kittens",
        "a cat snuggling with a teddy bear's foot. eland colt kitten burritos needs",
        "a cat snuggling with a teddy bear's foot. het xxvampires filly puppies",
        "a cat snuggling with a teddy bear's foot. keye colton kitten seedlings",
        "a cat snuggling with a teddy bear's foot. crocker oak orphaned kitten gger",
        "a cat snuggling with a teddy bear's foot. neve e degrajessie kitten",
        "a cat snuggling with a teddy bear's foot. xp predatridley kitten seedlings",
        "a cat snuggling with a teddy bear's foot. latest mackenzie kitten filly dd",
        "a cat snuggling with a teddy bear's foot. sting keye baby reborn kitten",
        "a cat snuggling with a teddy bear's foot. acadia the bundecoyote kitten"
    ],
    "blip_scores": [
        [
            0,
            0,
            0,
            0,
            0
        ],
        [
            0,
            0,
            0,
            0,
            0
        ],
        [
            0,
            0,
            0,
            0,
            0
        ],
        [
            0,
            0,
            0,
            0,
            0
        ],
        [
            0,
            0,
            0,
            0,
            0
        ],
        [
            0,
            0,
            0,
            0,
            0
        ],
        [
            0,
            0,
            0,
            0,
            0
        ],
        [
            0,
            0,
            0,
            0,
            0
        ],
        [
            0,
            0,
            0,
            0,
            0
        ],
        [
            0,
            0,
            1,
            0,
            0
        ]
    ]
}