{
    "input_text": "a spooky looking hotel resort in the hills",
    "target_text": "a spooky looking ski resort in the hills",
    "num_tokens": 5,
    "adv_prompts": [
        "a spooky looking hotel resort in the hills ski barrels?. dixie snowboard",
        "a spooky looking hotel resort in the hills skiing glance mural ski jam",
        "a spooky looking hotel resort in the hills inmates snowboard presented orthopedic sky",
        "a spooky looking hotel resort in the hills?. snowboarding depicted gully boro",
        "a spooky looking hotel resort in the hills ski schools courtroom likensnowboard",
        "a spooky looking hotel resort in the hills organise ski murals skier tariq",
        "a spooky looking hotel resort in the hills snowboard fair skis fused mugabe",
        "a spooky looking hotel resort in the hills mural skiing \"( boardroom slalom",
        "a spooky looking hotel resort in the hills ski session mural born skis",
        "a spooky looking hotel resort in the hills ski deadlines skier vault mural"
    ],
    "blip_scores": [
        [
            0,
            0,
            0,
            0,
            0
        ],
        [
            0,
            0,
            0,
            0,
            0
        ],
        [
            0,
            0,
            0,
            0,
            0
        ],
        [
            0,
            0,
            0,
            0,
            0
        ],
        [
            0,
            0,
            0,
            0,
            0
        ],
        [
            0,
            0,
            0,
            0,
            0
        ],
        [
            0,
            0,
            0,
            0,
            0
        ],
        [
            0,
            0,
            0,
            0,
            0
        ],
        [
            0,
            0,
            0,
            0,
            0
        ],
        [
            0,
            0,
            0,
            0,
            0
        ]
    ]
}