{
    "input_text": "A gaming console plugged into an electric source.",
    "target_text": "A gaming system plugged into an electric source.",
    "num_tokens": 5,
    "adv_prompts": [
        "a gaming console plugged into an electric source. cain marta generate bradley plates",
        "a gaming console plugged into an electric source. system arroyo system stevens caesar",
        "a gaming console plugged into an electric source. cain system lf dozens bradley",
        "a gaming console plugged into an electric source. system lines bradley nl caesar",
        "a gaming console plugged into an electric source. sena arroyo system prescott niall",
        "a gaming console plugged into an electric source. \u00b7 ezekiel dodd bonnie system",
        "a gaming console plugged into an electric source. primavera stuart defends systems bradley",
        "a gaming console plugged into an electric source. vanderbilt forms sasha sym system",
        "a gaming console plugged into an electric source. system system cesar ; vanderbilt",
        "a gaming console plugged into an electric source. ew bradley cesar system esteban"
    ],
    "blip_scores": [
        [
            0,
            0,
            0,
            0,
            1
        ],
        [
            0,
            0,
            0,
            0,
            0
        ],
        [
            0,
            0,
            0,
            0,
            0
        ],
        [
            0,
            1,
            0,
            0,
            0
        ],
        [
            0,
            0,
            1,
            1,
            0
        ],
        [
            0,
            1,
            1,
            0,
            1
        ],
        [
            0,
            0,
            0,
            0,
            0
        ],
        [
            0,
            1,
            0,
            1,
            0
        ],
        [
            0,
            0,
            1,
            0,
            0
        ],
        [
            0,
            0,
            0,
            0,
            1
        ]
    ]
}