{
    "input_text": "A woman reading a book in a library.",
    "target_text": "A man reading a book in a library.",
    "num_tokens": 5,
    "adv_prompts": [
        "a woman reading a book in a library. queensland menswear mansfield asad eggplant",
        "a woman reading a book in a library. marck apostles stare detached cufflinks",
        "a woman reading a book in a library. men chiropracmasked dhoni grandpa",
        "a woman reading a book in a library. upcycled main \u2765 cufflinks elvis",
        "a woman reading a book in a library. gingerbread fathers rcmp boyhug",
        "a woman reading a book in a library. xiii kauai rangers electrician cufflinks",
        "a woman reading a book in a library. drowned dhoni townsville mayor ronald",
        "a woman reading a book in a library. craig black sleeping holds ronald",
        "a woman reading a book in a library. ballyfree hollyoaks mens earrings",
        "a woman reading a book in a library. knitted menswear men paramedic gras"
    ],
    "blip_scores": [
        [
            1,
            -1,
            0,
            0,
            -1
        ],
        [
            0,
            0,
            0,
            0,
            0
        ],
        [
            0,
            1,
            0,
            1,
            0
        ],
        [
            0,
            0,
            0,
            0,
            0
        ],
        [
            1,
            0,
            0,
            0,
            0
        ],
        [
            1,
            0,
            0,
            0,
            0
        ],
        [
            -1,
            -1,
            0,
            -1,
            -1
        ],
        [
            0,
            0,
            0,
            1,
            1
        ],
        [
            0,
            1,
            0,
            0,
            0
        ],
        [
            1,
            1,
            1,
            1,
            1
        ]
    ],
    "gense_cos_sim": 0.7372798323631287,
    "clip_cos_sim": 0.916831374168396
}