{
    "input_text": "a busy street with a green stoplight arrow.",
    "target_text": "a busy intersection with a green stoplight arrow.",
    "num_tokens": 5,
    "adv_prompts": [
        "a busy street with a green stoplight arrow. innocence intersection crossings sectional planter",
        "a busy street with a green stoplight arrow. necklace ssus intersection preschool von",
        "a busy street with a green stoplight arrow. intersection interchange crosses apk slot",
        "a busy street with a green stoplight arrow. inflatable roundabout ': interchange crossings",
        "a busy street with a green stoplight arrow. montreal intersection tangle posterscarf",
        "a busy street with a green stoplight arrow. interchange trampoline intersection ---> reusable",
        "a busy street with a green stoplight arrow. interchange \u2013 intersection tangle inflatable",
        "a busy street with a green stoplight arrow. interchange steamboat intersection virtually wallart",
        "a busy street with a green stoplight arrow. intersection brooch crossings roundabout --",
        "a busy street with a green stoplight arrow. ': sized intersection intersection pendant"
    ],
    "blip_scores": [
        [
            0,
            0,
            0,
            0,
            0
        ],
        [
            0,
            0,
            0,
            0,
            0
        ],
        [
            0,
            0,
            0,
            0,
            0
        ],
        [
            0,
            0,
            0,
            0,
            0
        ],
        [
            0,
            0,
            0,
            0,
            0
        ],
        [
            0,
            0,
            0,
            0,
            0
        ],
        [
            0,
            0,
            0,
            0,
            0
        ],
        [
            0,
            0,
            1,
            0,
            0
        ],
        [
            0,
            0,
            0,
            1,
            1
        ],
        [
            0,
            0,
            0,
            0,
            1
        ]
    ]
}