{
    "input_text": "A large long tunnel on a steel track.",
    "target_text": "A large long train on a steel track.",
    "num_tokens": 5,
    "adv_prompts": [
        "a large long tunnel on a steel track. reebok tain ventilcassie rsvp",
        "a large long tunnel on a steel track. trainmasterpieces unboxing hereford thunderbird",
        "a large long tunnel on a steel track. highness train reebok tain nmd",
        "a large long tunnel on a steel track. converse presto trailblazer react question",
        "a large long tunnel on a steel track. ulysses roger lloyd janine censored",
        "a large long tunnel on a steel track. reebok freddie tical question mayors",
        "a large long tunnel on a steel track. putter teners gundam testimonial transcript",
        "a large long tunnel on a steel track. gion harrier parade shoes zlatan",
        "a large long tunnel on a steel track. reebok train tain creeper rsvp",
        "a large long tunnel on a steel track. cupcake locomotive plush amtrak bird"
    ],
    "blip_scores": [
        [
            0,
            0,
            0,
            0,
            0
        ],
        [
            1,
            0,
            0,
            1,
            1
        ],
        [
            0,
            0,
            0,
            0,
            0
        ],
        [
            0,
            0,
            0,
            0,
            0
        ],
        [
            0,
            0,
            0,
            0,
            0
        ],
        [
            0,
            0,
            0,
            0,
            0
        ],
        [
            0,
            0,
            0,
            0,
            0
        ],
        [
            0,
            0,
            0,
            0,
            0
        ],
        [
            0,
            0,
            0,
            0,
            0
        ],
        [
            0,
            1,
            1,
            1,
            1
        ]
    ]
}