{
    "input_text": "a female nurse holding a syringe.",
    "target_text": "a male nurse holding a syringe.",
    "num_tokens": 5,
    "adv_prompts": [
        "a female nurse holding a syringe. masculhottie captured quiz gay",
        "a female nurse holding a syringe. sweater hunk solving marlcufflinks",
        "a female nurse holding a syringe. starfish mens sweatshirt portable sation",
        "a female nurse holding a syringe. skinnymale married iot fireplace",
        "a female nurse holding a syringe. councilman male \ud83d\ude0d observing stuart",
        "a female nurse holding a syringe. gorgeous mens hoodie mae skincare",
        "a female nurse holding a syringe. beautiful gay hunk waking marvin",
        "a female nurse holding a syringe. gaymale businessman marx stripping",
        "a female nurse holding a syringe. macho australian plumber lufshirtless",
        "a female nurse holding a syringe. masculgrandfather men exfolidiffuser"
    ],
    "blip_scores": [
        [
            0,
            0,
            0,
            0,
            0
        ],
        [
            0,
            0,
            0,
            0,
            1
        ],
        [
            0,
            0,
            0,
            0,
            1
        ],
        [
            0,
            0,
            0,
            0,
            0
        ],
        [
            0,
            0,
            0,
            0,
            0
        ],
        [
            0,
            0,
            0,
            0,
            0
        ],
        [
            0,
            0,
            0,
            1,
            0
        ],
        [
            0,
            0,
            0,
            0,
            0
        ],
        [
            0,
            0,
            0,
            0,
            0
        ],
        [
            0,
            0,
            0,
            0,
            0
        ]
    ],
    "success": 0
}