{
    "input_text": "a group of people in a busy area",
    "target_text": "a bunch of people in a busy area",
    "num_tokens": 5,
    "adv_prompts": [
        "a group of people in a busy area designer boasts \u2022 cest preseason",
        "a group of people in a busy area trailer coordinator splashbunch fulfill",
        "a group of people in a busy area \"\"\" bunch \": lodge cest",
        "a group of people in a busy area \" schools forum presents bunch",
        "a group of people in a busy area earrings ruined myself \" sauvignon",
        "a group of people in a busy area blog \" believes olic {",
        "a group of people in a busy area coordinator tology mothers cat sweatshirt",
        "a group of people in a busy area \" sons bunch unveils emerges",
        "a group of people in a busy area soulmate?' crowned eager necklace",
        "a group of people in a busy area deserves splash husband eugenshotgun"
    ],
    "blip_scores": [
        [
            0,
            0,
            0,
            -1,
            0
        ],
        [
            0,
            0,
            0,
            0,
            0
        ],
        [
            0,
            0,
            0,
            0,
            0
        ],
        [
            0,
            0,
            0,
            0,
            0
        ],
        [
            0,
            0,
            0,
            0,
            0
        ],
        [
            0,
            0,
            0,
            0,
            0
        ],
        [
            0,
            0,
            0,
            0,
            0
        ],
        [
            0,
            0,
            0,
            0,
            0
        ],
        [
            0,
            0,
            0,
            0,
            0
        ],
        [
            0,
            0,
            0,
            0,
            0
        ]
    ]
}