{
    "input_text": "A man in a hat riding a horse.",
    "target_text": "A man in a wheelchair riding a horse.",
    "num_tokens": 5,
    "adv_prompts": [
        "a man in a hat riding a horse. isiting wheelchair him \u2032",
        "a man in a hat riding a horse. selecting mwc wheelchair bench sized",
        "a man in a hat riding a horse. -- robust wheelchair chairs plating",
        "a man in a hat riding a horse. laying wheelchair user going usability",
        "a man in a hat riding a horse. nered wheelchair getting usability \u2033",
        "a man in a hat riding a horse. wheelchair \" wheelchair pathy user",
        "a man in a hat riding a horse. '\" wheelchair secures toilet invalid",
        "a man in a hat riding a horse. wheelchair ssin chairs van enabling",
        "a man in a hat riding a horse. leg securing wheelchair users \u2032",
        "a man in a hat riding a horse. intl robe feeder fusion wheelchair"
    ],
    "blip_scores": [
        [
            0,
            0,
            -1,
            -1,
            0
        ],
        [
            0,
            0,
            0,
            -1,
            0
        ],
        [
            0,
            0,
            0,
            0,
            0
        ],
        [
            0,
            0,
            0,
            0,
            0
        ],
        [
            0,
            0,
            0,
            1,
            0
        ],
        [
            0,
            0,
            0,
            0,
            0
        ],
        [
            0,
            0,
            0,
            -1,
            0
        ],
        [
            0,
            0,
            0,
            0,
            0
        ],
        [
            0,
            0,
            0,
            0,
            0
        ],
        [
            0,
            0,
            0,
            0,
            0
        ]
    ]
}