{
    "input_text": "An fearsome dragon inside a cave.",
    "target_text": "An baby dragon inside a cave.",
    "num_tokens": 5,
    "adv_prompts": [
        "an fearsome dragon inside a cave. babies amazingly newborn lifesaving webcam",
        "an fearsome dragon inside a cave. parenting resursichuan babies adorable",
        "an fearsome dragon inside a cave. campground anarchhamster newborn arities",
        "an fearsome dragon inside a cave. stanbul burmese newborn kittens bff",
        "an fearsome dragon inside a cave. newborn lifesaving foal unbelievably adorable",
        "an fearsome dragon inside a cave. unbelievable sycamore kitten newborn modeling",
        "an fearsome dragon inside a cave. pregnant webcam girlfriend sex truly",
        "an fearsome dragon inside a cave. newborn baby sudbury rspb }",
        "an fearsome dragon inside a cave. babies ;-) unbelievably incredibly newborn",
        "an fearsome dragon inside a cave. amazingly adorable seaworld puppy newborn"
    ],
    "blip_scores": [
        [
            0,
            0,
            1,
            0,
            1
        ],
        [
            0,
            0,
            0,
            0,
            0
        ],
        [
            0,
            0,
            0,
            1,
            0
        ],
        [
            0,
            0,
            0,
            0,
            0
        ],
        [
            0,
            0,
            0,
            0,
            0
        ],
        [
            0,
            0,
            0,
            0,
            0
        ],
        [
            0,
            0,
            0,
            0,
            0
        ],
        [
            0,
            1,
            1,
            1,
            0
        ],
        [
            0,
            0,
            1,
            0,
            0
        ],
        [
            0,
            0,
            0,
            0,
            0
        ]
    ],
    "gense_cos_sim": 0.8683326244354248,
    "clip_cos_sim": 0.7876764535903931
}