{
    "input_text": "A dog resting on the beach at dusk.",
    "target_text": "A dolphin resting on the beach at dusk.",
    "num_tokens": 5,
    "adv_prompts": [
        "a dog resting on the beach at dusk. magnificent dolphins showing fascinated \u27a4",
        "a dog resting on the beach at dusk. dolphin mated dolphins beautifully modelling",
        "a dog resting on the beach at dusk. dolphin,, magnificent spotted dolphin",
        "a dog resting on the beach at dusk. barred dolphins.. graceful watercolor",
        "a dog resting on the beach at dusk. dolphin immacspp ii colorful",
        "a dog resting on the beach at dusk. dolphin whales flirting lovingly \"",
        "a dog resting on the beach at dusk. dolphins botswana mustang,... awesome",
        "a dog resting on the beach at dusk. striped dolphin hd watercolor dolphins",
        "a dog resting on the beach at dusk. recognizable martyn ): seeded dolphin",
        "a dog resting on the beach at dusk. magnificent marmalade dolphins wwe entary"
    ],
    "blip_scores": [
        [
            1,
            0,
            0,
            0,
            0
        ],
        [
            0,
            0,
            1,
            1,
            0
        ],
        [
            1,
            0,
            0,
            1,
            0
        ],
        [
            0,
            1,
            0,
            1,
            0
        ],
        [
            1,
            0,
            1,
            1,
            0
        ],
        [
            0,
            0,
            0,
            1,
            1
        ],
        [
            1,
            1,
            1,
            0,
            1
        ],
        [
            0,
            1,
            0,
            0,
            0
        ],
        [
            1,
            1,
            1,
            1,
            1
        ],
        [
            0,
            1,
            1,
            0,
            1
        ]
    ]
}