{
    "input_text": "A small hotel room with a king bed.",
    "target_text": "A small dining room with a king bed.",
    "num_tokens": 5,
    "adv_prompts": [
        "a small hotel room with a king bed. blouse infographics payer dracula lamont",
        "a small hotel room with a king bed. toys orphanage movember dining lucent",
        "a small hotel room with a king bed. silhouette dine ving doctorate lucas",
        "a small hotel room with a king bed. lunch graphy infographics luncheon migos",
        "a small hotel room with a king bed. gown driveway dracula coltrane myers",
        "a small hotel room with a king bed. silhouette infographics dining install mallory",
        "a small hotel room with a king bed. veil rehearsal kitchen chilean ballerina",
        "a small hotel room with a king bed. dining luncheon african martyrs ballet",
        "a small hotel room with a king bed. dining session grimm infographics cooking",
        "a small hotel room with a king bed. dining lair rehearsal wolfgang cot"
    ],
    "blip_scores": [
        [
            0,
            0,
            0,
            0,
            0
        ],
        [
            0,
            0,
            0,
            0,
            0
        ],
        [
            0,
            0,
            0,
            0,
            0
        ],
        [
            0,
            0,
            0,
            0,
            0
        ],
        [
            0,
            0,
            0,
            0,
            0
        ],
        [
            0,
            0,
            0,
            0,
            0
        ],
        [
            0,
            0,
            0,
            0,
            0
        ],
        [
            0,
            0,
            0,
            0,
            0
        ],
        [
            0,
            0,
            0,
            0,
            0
        ],
        [
            0,
            0,
            -1,
            0,
            0
        ]
    ]
}