{
    "input_text": " piles of various oranges and bananas in pile.",
    "target_text": "Closeup of various oranges and bananas in pile.",
    "num_tokens": 5,
    "adv_prompts": [
        "piles of various oranges and bananas in pile. closeup detail showing from skinny",
        "piles of various oranges and bananas in pile. fascinating closeup condengenuine assam",
        "piles of various oranges and bananas in pile. detail closeup excerpt demonstrating photo",
        "piles of various oranges and bananas in pile. closeup detailing photograph including blended",
        "piles of various oranges and bananas in pile. closeup exposing peppermaharashtra fascinating",
        "piles of various oranges and bananas in pile. closeup detailing about rusbihar",
        "piles of various oranges and bananas in pile. rms collapcloseup detail foto",
        "piles of various oranges and bananas in pile. abba \". fascinating closeup detail",
        "piles of various oranges and bananas in pile. brillschautakeaways detail closeup",
        "piles of various oranges and bananas in pile. closeup of exposing kalipalawan"
    ],
    "blip_scores": [
        [
            0,
            0,
            0,
            0,
            0
        ],
        [
            0,
            0,
            0,
            0,
            0
        ],
        [
            0,
            1,
            0,
            0,
            0
        ],
        [
            0,
            1,
            0,
            0,
            1
        ],
        [
            0,
            0,
            0,
            0,
            0
        ],
        [
            0,
            0,
            0,
            0,
            0
        ],
        [
            0,
            0,
            0,
            0,
            0
        ],
        [
            1,
            0,
            1,
            0,
            0
        ],
        [
            0,
            0,
            0,
            1,
            0
        ],
        [
            0,
            0,
            0,
            0,
            0
        ]
    ]
}