{
    "input_text": "A cat is sitting inside a large bathtub.",
    "target_text": "A toddler is sitting inside a large bathtub.",
    "num_tokens": 5,
    "adv_prompts": [
        "a cat is sitting inside a large bathtub. with melwilalina toddler",
        "a cat is sitting inside a large bathtub. youthful toddler explanmichaela toddler",
        "a cat is sitting inside a large bathtub. toddler with ana discovering toddler",
        "a cat is sitting inside a large bathtub. cheerful toddler learners with michaela",
        "a cat is sitting inside a large bathtub. inas kuala toddler holds review",
        "a cat is sitting inside a large bathtub. silvia holds faux toddler toddlers",
        "a cat is sitting inside a large bathtub. bray toddler telling through inas",
        "a cat is sitting inside a large bathtub. toddler exploring clays flanagan experiencing",
        "a cat is sitting inside a large bathtub. toddler toddler telling at hannah",
        "a cat is sitting inside a large bathtub. mple mtc toddler exploring holds"
    ],
    "blip_scores": [
        [
            0,
            1,
            1,
            1,
            1
        ],
        [
            1,
            1,
            1,
            1,
            1
        ],
        [
            1,
            0,
            1,
            0,
            0
        ],
        [
            1,
            1,
            1,
            1,
            1
        ],
        [
            1,
            1,
            1,
            1,
            1
        ],
        [
            1,
            1,
            1,
            1,
            0
        ],
        [
            1,
            1,
            1,
            1,
            -1
        ],
        [
            1,
            1,
            -1,
            1,
            0
        ],
        [
            -1,
            1,
            1,
            0,
            1
        ],
        [
            1,
            1,
            0,
            -1,
            1
        ]
    ]
}