{
    "input_text": "A red fire truck driving down a  street.",
    "target_text": "A red pickup truck driving down a  street.",
    "num_tokens": 5,
    "adv_prompts": [
        "a red fire truck driving down a street. chevrolet avalanche pickup cavity trunk",
        "a red fire truck driving down a street. gto flaws spider audi hoodie",
        "a red fire truck driving down a street. oldsmobile apore pickup exercises nos",
        "a red fire truck driving down a street. hsv blazer gti \u00bb mesmerizing",
        "a red fire truck driving down a street. camouflahooded oldsmobile plugins tote",
        "a red fire truck driving down a street. telescope tops ukulele mah pianos",
        "a red fire truck driving down a street. holden pickup automobile fascinating fronts",
        "a red fire truck driving down a street. antibody plated necklace tate nasa",
        "a red fire truck driving down a street. buick pulse pickup sts \"",
        "a red fire truck driving down a street. nsa ridgpickup convertible avatar"
    ],
    "blip_scores": [
        [
            1,
            0,
            -1,
            1,
            0
        ],
        [
            1,
            0,
            0,
            0,
            0
        ],
        [
            1,
            0,
            0,
            -1,
            1
        ],
        [
            1,
            0,
            1,
            1,
            0
        ],
        [
            0,
            0,
            1,
            0,
            -1
        ],
        [
            0,
            0,
            0,
            0,
            -1
        ],
        [
            0,
            1,
            0,
            1,
            1
        ],
        [
            0,
            0,
            0,
            -1,
            0
        ],
        [
            0,
            1,
            0,
            1,
            1
        ],
        [
            0,
            1,
            1,
            0,
            0
        ]
    ]
}