{
    "input_text": "A small bird is perched on a tree.",
    "target_text": "A small bird is perched on a birdfeeder.",
    "num_tokens": 5,
    "adv_prompts": [
        "a small bird is perched on a tree. look bird feeder behind feeder",
        "a small bird is perched on a tree. inspecting feeder feeders draangular",
        "a small bird is perched on a tree. bleeding \u30fc feeder swipe unless",
        "a small bird is perched on a tree. drinks feeder considerable shredchment",
        "a small bird is perched on a tree. \u2010 amongst chicken feeder feeder",
        "a small bird is perched on a tree. com displaying chicken feeder total",
        "a small bird is perched on a tree. portarterfeeder feeder doing",
        "a small bird is perched on a tree. on feeder mess feeder upwards",
        "a small bird is perched on a tree. amongst birdbath feeder right",
        "a small bird is perched on a tree. \u00b4 alternate chicken feeder fulfilling"
    ],
    "blip_scores": [
        [
            1,
            1,
            1,
            1,
            1
        ],
        [
            1,
            0,
            1,
            1,
            1
        ],
        [
            1,
            1,
            1,
            1,
            1
        ],
        [
            1,
            1,
            1,
            1,
            -1
        ],
        [
            1,
            1,
            1,
            1,
            1
        ],
        [
            1,
            0,
            1,
            1,
            1
        ],
        [
            1,
            1,
            1,
            1,
            1
        ],
        [
            0,
            1,
            1,
            1,
            1
        ],
        [
            1,
            1,
            1,
            1,
            1
        ],
        [
            1,
            0,
            1,
            1,
            1
        ]
    ]
}