{
    "input_text": "A man standing next to a fridge freezer ",
    "target_text": "A stove standing next to a fridge freezer ",
    "num_tokens": 5,
    "adv_prompts": [
        "a man standing next to a fridge freezer robbed westfield stove applewikipedia",
        "a man standing next to a fridge freezer stove steals gloucestershire rival weaver",
        "a man standing next to a fridge freezer stumbled chimney jailed saffron stolen",
        "a man standing next to a fridge freezer stabbed tollywood plumbing mercedes stine",
        "a man standing next to a fridge freezer disappeared lakshmi volcano surya stine",
        "a man standing next to a fridge freezer stove stole wigan volcanic potato",
        "a man standing next to a fridge freezer stove robbed chimney late pinot",
        "a man standing next to a fridge freezer >> yachts stove stolen wembley",
        "a man standing next to a fridge freezer wiped stove theft arrests dire",
        "a man standing next to a fridge freezer stove theft surfaces hume jalan"
    ],
    "blip_scores": [
        [
            0,
            0,
            1,
            0,
            0
        ],
        [
            0,
            0,
            -1,
            0,
            0
        ],
        [
            0,
            0,
            0,
            0,
            -1
        ],
        [
            0,
            0,
            0,
            -1,
            0
        ],
        [
            0,
            0,
            0,
            0,
            0
        ],
        [
            0,
            0,
            0,
            0,
            0
        ],
        [
            0,
            0,
            0,
            0,
            0
        ],
        [
            0,
            0,
            0,
            0,
            0
        ],
        [
            0,
            0,
            0,
            0,
            1
        ],
        [
            0,
            0,
            0,
            0,
            0
        ]
    ]
}