{
    "input_text": "A group of men standing around a table.",
    "target_text": "A group of men standing around a room.",
    "num_tokens": 5,
    "adv_prompts": [
        "a group of men standing around a table. bedrooms karaoke rooms diffuser tera",
        "a group of men standing around a table. imi room diffuser grassorchid",
        "a group of men standing around a table. coordinate rooms \u2764 thierry door",
        "a group of men standing around a table. room slideshow hallway'm buzzer",
        "a group of men standing around a table. tropicalbedrooms powerpoint oliviia",
        "a group of men standing around a table. bedrooms lolsectional anastasia dolphin",
        "a group of men standing around a table. bedrooms detecting room ticalentrance",
        "a group of men standing around a table. room detector powerpoint cricket itted",
        "a group of men standing around a table. bedroom explaining matebathroom ac",
        "a group of men standing around a table. roomjim shedbedroom logo"
    ],
    "blip_scores": [
        [
            0,
            1,
            0,
            0,
            0
        ],
        [
            0,
            0,
            0,
            0,
            0
        ],
        [
            0,
            -1,
            -1,
            0,
            0
        ],
        [
            1,
            1,
            0,
            1,
            1
        ],
        [
            0,
            0,
            0,
            1,
            0
        ],
        [
            0,
            0,
            0,
            0,
            0
        ],
        [
            1,
            0,
            -1,
            1,
            1
        ],
        [
            0,
            1,
            0,
            -1,
            0
        ],
        [
            0,
            0,
            1,
            1,
            0
        ],
        [
            -1,
            1,
            0,
            -1,
            -1
        ]
    ]
}