{
    "input_text": "A elephant that is standing in the dirt.",
    "target_text": "A tree that is standing in the dirt.",
    "num_tokens": 5,
    "adv_prompts": [
        "a elephant that is standing in the dirt. tree ': marcelo flooded comedians",
        "a elephant that is standing in the dirt. vogue flinders jalape\u00f1o collector tree",
        "a elephant that is standing in the dirt. springsteen subs discography tree lahore",
        "a elephant that is standing in the dirt. trump tree colombian ngc ufc",
        "a elephant that is standing in the dirt. tower tree pairing underrated rousey",
        "a elephant that is standing in the dirt. medieval brides tree incl rowing",
        "a elephant that is standing in the dirt. tree baum printable cairn organised",
        "a elephant that is standing in the dirt. cheeseburger tree portobello fries \u2765",
        "a elephant that is standing in the dirt. wrestlemania tree \u2705 steamboat bunk",
        "a elephant that is standing in the dirt. pokertelevision tree setlist featuring"
    ],
    "blip_scores": [
        [
            0,
            -1,
            -1,
            0,
            -1
        ],
        [
            1,
            0,
            1,
            0,
            0
        ],
        [
            0,
            0,
            0,
            -1,
            0
        ],
        [
            -1,
            -1,
            -1,
            -1,
            0
        ],
        [
            0,
            0,
            0,
            0,
            0
        ],
        [
            0,
            1,
            0,
            0,
            0
        ],
        [
            1,
            0,
            1,
            0,
            1
        ],
        [
            0,
            0,
            0,
            0,
            0
        ],
        [
            0,
            0,
            -1,
            0,
            0
        ],
        [
            1,
            1,
            0,
            0,
            1
        ]
    ]
}