{
    "input_text": "A hotel room with two separate twin beds.",
    "target_text": "A single room with two separate twin beds.",
    "num_tokens": 5,
    "adv_prompts": [
        "a hotel room with two separate twin beds. participate single kavanaugh renting edmonds",
        "a hotel room with two separate twin beds. immediate compatibility castle unavailable redmond",
        "a hotel room with two separate twin beds. dismissal availability highschool single quincy",
        "a hotel room with two separate twin beds. mitting institutional avail sudden monica",
        "a hotel room with two separate twin beds. communal courtroom universities compounds redmond",
        "a hotel room with two separate twin beds. mitting rinse montrose monoxide sarasota",
        "a hotel room with two separate twin beds. avail nih single curriculum michelle",
        "a hotel room with two separate twin beds. institutional church avail jarrett erasmus",
        "a hotel room with two separate twin beds. collects rent coronation wash redmond",
        "a hotel room with two separate twin beds. avail single thouse institutional julian"
    ],
    "blip_scores": [
        [
            0,
            0,
            0,
            0,
            0
        ],
        [
            0,
            0,
            0,
            0,
            0
        ],
        [
            0,
            0,
            0,
            0,
            0
        ],
        [
            0,
            0,
            0,
            0,
            0
        ],
        [
            0,
            0,
            0,
            0,
            0
        ],
        [
            0,
            0,
            0,
            0,
            0
        ],
        [
            0,
            0,
            0,
            0,
            0
        ],
        [
            0,
            0,
            0,
            0,
            0
        ],
        [
            0,
            0,
            0,
            0,
            0
        ],
        [
            0,
            0,
            0,
            0,
            0
        ]
    ]
}