{
    "input_text": "A burger with a sandwich and a pickle",
    "target_text": "A plate with a sandwich and a pickle",
    "num_tokens": 5,
    "adv_prompts": [
        "a burger with a sandwich and a pickle salary paste plates hawkeye adr",
        "a burger with a sandwich and a pickle mechanisms bookshop plate plates china",
        "a burger with a sandwich and a pickle livestream asda plate iko mandate",
        "a burger with a sandwich and a pickle pottery plate astrology launcher plex",
        "a burger with a sandwich and a pickle ries depicted plate salary plates",
        "a burger with a sandwich and a pickle rien lyricist merchants mashed plate",
        "a burger with a sandwich and a pickle plating plate beneath hrc saucer",
        "a burger with a sandwich and a pickle airport plate paradox plates brackets",
        "a burger with a sandwich and a pickle china patreon ining plate boiled",
        "a burger with a sandwich and a pickle fertilizer acquired plate plates prisoners"
    ],
    "blip_scores": [
        [
            0,
            0,
            -1,
            0,
            0
        ],
        [
            -1,
            0,
            0,
            0,
            0
        ],
        [
            0,
            0,
            0,
            1,
            0
        ],
        [
            0,
            -1,
            0,
            0,
            0
        ],
        [
            0,
            0,
            0,
            0,
            0
        ],
        [
            0,
            0,
            0,
            0,
            0
        ],
        [
            0,
            0,
            0,
            0,
            0
        ],
        [
            0,
            0,
            0,
            1,
            0
        ],
        [
            0,
            1,
            0,
            0,
            1
        ],
        [
            0,
            1,
            0,
            0,
            0
        ]
    ]
}