{
    "input_text": "A boy hitting a volleyball on the beach.",
    "target_text": "A boy hitting a baseball on the beach.",
    "num_tokens": 5,
    "adv_prompts": [
        "a boy hitting a volleyball on the beach. norris catchers baseball ballpark yesterday",
        "a boy hitting a volleyball on the beach. lhp msnbc ballpark excavation michelangelo",
        "a boy hitting a volleyball on the beach. baseball arrowhead salted cufflinks fedex",
        "a boy hitting a volleyball on the beach. mowing baseball operator fascinated brewer",
        "a boy hitting a volleyball on the beach. ebay baseball pendant collectors snowflake",
        "a boy hitting a volleyball on the beach. shotgun saxophone tenders baseball msnbc",
        "a boy hitting a volleyball on the beach. romano gibraltar baseball ballpark excavation",
        "a boy hitting a volleyball on the beach. umpire tedxbaseball instrument nice",
        "a boy hitting a volleyball on the beach. mlb mcg baseball sled saxophone",
        "a boy hitting a volleyball on the beach. baseball cricketers snowflake excavation cufflinks"
    ],
    "blip_scores": [
        [
            0,
            0,
            0,
            0,
            0
        ],
        [
            0,
            0,
            0,
            0,
            0
        ],
        [
            0,
            0,
            0,
            0,
            0
        ],
        [
            0,
            0,
            0,
            0,
            1
        ],
        [
            0,
            0,
            0,
            0,
            0
        ],
        [
            0,
            0,
            0,
            1,
            1
        ],
        [
            0,
            -1,
            0,
            0,
            1
        ],
        [
            0,
            0,
            0,
            1,
            0
        ],
        [
            0,
            0,
            0,
            0,
            0
        ],
        [
            0,
            0,
            0,
            0,
            1
        ]
    ]
}