{
    "input_text": "A cat holding a toothbrush in its mouth. ",
    "target_text": "A squirrel holding a toothbrush in its mouth. ",
    "num_tokens": 5,
    "adv_prompts": [
        "a cat holding a toothbrush in its mouth. squirrel portosquirrels nutcracker crosses",
        "a cat holding a toothbrush in its mouth. burgundy squirrels crashes exactly foal",
        "a cat holding a toothbrush in its mouth. squirrel fixes experiencing latest brad",
        "a cat holding a toothbrush in its mouth. roosevelcalifornifilled cacao squirrels",
        "a cat holding a toothbrush in its mouth. squirrel survives badass pinot mothers",
        "a cat holding a toothbrush in its mouth. squirrel survives realtime mariinaugural",
        "a cat holding a toothbrush in its mouth. botswana ulously refrigerhue squirrel",
        "a cat holding a toothbrush in its mouth. squirrel survives federstriped puerto",
        "a cat holding a toothbrush in its mouth. oak squirrels juvenkamen paying",
        "a cat holding a toothbrush in its mouth. billed squirrel answering phenomenal juvenile"
    ],
    "blip_scores": [
        [
            0,
            0,
            0,
            0,
            0
        ],
        [
            0,
            0,
            0,
            0,
            0
        ],
        [
            0,
            0,
            0,
            0,
            0
        ],
        [
            0,
            0,
            0,
            0,
            0
        ],
        [
            0,
            0,
            0,
            0,
            0
        ],
        [
            0,
            0,
            0,
            0,
            0
        ],
        [
            0,
            0,
            0,
            0,
            0
        ],
        [
            0,
            -1,
            1,
            0,
            0
        ],
        [
            0,
            0,
            0,
            0,
            0
        ],
        [
            0,
            0,
            0,
            0,
            0
        ]
    ]
}