{
    "input_text": "A person with a backpack and a suitcase.",
    "target_text": "A person with a hat and a suitcase.",
    "num_tokens": 5,
    "adv_prompts": [
        "a person with a backpack and a suitcase. hats \" phs mcgrath concerts",
        "a person with a backpack and a suitcase. * centugubernatorial theme hat",
        "a person with a backpack and a suitcase. instfergie fez always cufflinks",
        "a person with a backpack and a suitcase. interesting shinee big hat cufflinks",
        "a person with a backpack and a suitcase. css \" sheryl beanie ottoman",
        "a person with a backpack and a suitcase. hillary somerhalder fedora forming cufflinks",
        "a person with a backpack and a suitcase. hats headshot renovation ringer mug",
        "a person with a backpack and a suitcase. \" assassination wang hats runway",
        "a person with a backpack and a suitcase. pork \u2661 hat daniel sander",
        "a person with a backpack and a suitcase. presidential hat \" runway mashup"
    ],
    "blip_scores": [
        [
            1,
            1,
            0,
            0,
            1
        ],
        [
            1,
            1,
            0,
            0,
            0
        ],
        [
            0,
            1,
            0,
            0,
            0
        ],
        [
            0,
            0,
            0,
            1,
            0
        ],
        [
            0,
            0,
            0,
            0,
            0
        ],
        [
            0,
            0,
            0,
            1,
            0
        ],
        [
            1,
            0,
            0,
            0,
            0
        ],
        [
            0,
            0,
            1,
            0,
            0
        ],
        [
            1,
            1,
            1,
            1,
            1
        ],
        [
            1,
            1,
            0,
            1,
            0
        ]
    ]
}