{
    "input_text": "A square pizza on a wooden cutting board.",
    "target_text": "A homemade pizza on a wooden cutting board.",
    "num_tokens": 5,
    "adv_prompts": [
        "a square pizza on a wooden cutting board. playstation papers pokemon phil lingerie",
        "a square pizza on a wooden cutting board. pita homemade title fredernigeria",
        "a square pizza on a wooden cutting board. ornate homemade brochure pelvic gamestop",
        "a square pizza on a wooden cutting board. homemade benediccardboard brochure pita",
        "a square pizza on a wooden cutting board. extinct gamestop psp homemade flyer",
        "a square pizza on a wooden cutting board. pita benedicminecraft infographics steaks",
        "a square pizza on a wooden cutting board. papers controller pbs steamed undertale",
        "a square pizza on a wooden cutting board. shenanigans flyer infographics philliminecraft",
        "a square pizza on a wooden cutting board. cocaine murals strathnintendo homemade",
        "a square pizza on a wooden cutting board. homemade nintendo infrastructure prices infographics"
    ],
    "blip_scores": [
        [
            0,
            0,
            0,
            1,
            1
        ],
        [
            0,
            0,
            1,
            0,
            0
        ],
        [
            0,
            0,
            0,
            0,
            0
        ],
        [
            0,
            0,
            0,
            0,
            0
        ],
        [
            0,
            0,
            0,
            0,
            -1
        ],
        [
            -1,
            0,
            0,
            0,
            1
        ],
        [
            1,
            0,
            1,
            0,
            1
        ],
        [
            0,
            0,
            0,
            1,
            0
        ],
        [
            0,
            0,
            0,
            0,
            0
        ],
        [
            0,
            0,
            0,
            -1,
            0
        ]
    ]
}