{
    "input_text": "A person with a knife on a street.",
    "target_text": "A person with a suitcase on a street.",
    "num_tokens": 5,
    "adv_prompts": [
        "a person with a knife on a street. spying carriage coloured suitcase luggage",
        "a person with a knife on a street. tx luggage suitcase trees projector",
        "a person with a knife on a street. suitcase saxophonluggage photompainted",
        "a person with a knife on a street. suitcase dled amplifier luggage trolley",
        "a person with a knife on a street. accordion large saxophonpro suitcase",
        "a person with a knife on a street. luggage carriage sycamore suitcase acer",
        "a person with a knife on a street. luggage piping suitcase dj outfit",
        "a person with a knife on a street. carriage projector marching suitcase suit",
        "a person with a knife on a street. parrish suitcase saxophone carriage print",
        "a person with a knife on a street. dandy colored suitcase luggage saxophone"
    ],
    "blip_scores": [
        [
            0,
            1,
            0,
            1,
            1
        ],
        [
            1,
            0,
            1,
            0,
            0
        ],
        [
            1,
            1,
            0,
            0,
            0
        ],
        [
            1,
            1,
            1,
            0,
            1
        ],
        [
            1,
            0,
            0,
            1,
            1
        ],
        [
            1,
            1,
            0,
            1,
            1
        ],
        [
            1,
            0,
            1,
            1,
            1
        ],
        [
            1,
            1,
            1,
            1,
            1
        ],
        [
            1,
            1,
            1,
            1,
            1
        ],
        [
            1,
            1,
            1,
            1,
            1
        ]
    ]
}