{
    "input_text": "a king sitting on a throne.",
    "target_text": "a queen sitting on a throne.",
    "num_tokens": 5,
    "adv_prompts": [
        "a king sitting on a throne. coldplay homebrew slovenia sriracha dresses",
        "a king sitting on a throne. showbiz personalities apc queen buhari",
        "a king sitting on a throne. lauren climbing supercars utilizing redbull",
        "a king sitting on a throne. splendid totes indycar raquel booties",
        "a king sitting on a throne. seychelles theresa symposium tao booties",
        "a king sitting on a throne. \" rezsasha chic malia",
        "a king sitting on a throne. fergie purse \" bess camila",
        "a king sitting on a throne. cnbc georgina hadid cherries scarf",
        "a king sitting on a throne. cappuccino avon member olga showcasing",
        "a king sitting on a throne. vern zendaya presentations handbag burberry"
    ],
    "blip_scores": [
        [
            0,
            0,
            0,
            0,
            0
        ],
        [
            0,
            0,
            1,
            1,
            1
        ],
        [
            0,
            0,
            0,
            0,
            0
        ],
        [
            0,
            0,
            0,
            0,
            0
        ],
        [
            0,
            0,
            0,
            0,
            0
        ],
        [
            0,
            0,
            0,
            0,
            0
        ],
        [
            0,
            0,
            0,
            0,
            0
        ],
        [
            0,
            0,
            0,
            0,
            0
        ],
        [
            1,
            0,
            0,
            1,
            1
        ],
        [
            0,
            0,
            0,
            0,
            0
        ]
    ],
    "success": 2
}