{
    "input_text": "A doodle of a light bulb on a notebook.",
    "target_text": "A doodle of a dragon on a notebook.",
    "num_tokens": 5,
    "adv_prompts": [
        "a doodle of a light bulb on a notebook. sachin surfers blaster pullover banjo",
        "a doodle of a light bulb on a notebook. cartagena carpenter softball shirt obviously",
        "a doodle of a light bulb on a notebook. taekwondo pesticides )/ pakistani topless",
        "a doodle of a light bulb on a notebook. snsd snapshot bosnia \u2015 oficial",
        "a doodle of a light bulb on a notebook. bernie composing apk synthesizer ::",
        "a doodle of a light bulb on a notebook. batgirl dragon skateboard landslide infographic",
        "a doodle of a light bulb on a notebook. himalayan maternity ponies kisses skier",
        "a doodle of a light bulb on a notebook. uncut dragon usaid antibiotic pesticides",
        "a doodle of a light bulb on a notebook. pyrenees cauterrier coroner customizable",
        "a doodle of a light bulb on a notebook. campground moldova ': fascinating lizard"
    ],
    "blip_scores": [
        [
            0,
            0,
            0,
            -1,
            0
        ],
        [
            -1,
            -1,
            0,
            0,
            0
        ],
        [
            0,
            0,
            -1,
            -1,
            0
        ],
        [
            0,
            0,
            0,
            0,
            0
        ],
        [
            0,
            0,
            0,
            0,
            0
        ],
        [
            1,
            0,
            1,
            0,
            0
        ],
        [
            0,
            0,
            0,
            0,
            0
        ],
        [
            0,
            0,
            -1,
            0,
            1
        ],
        [
            0,
            0,
            0,
            0,
            0
        ],
        [
            0,
            1,
            0,
            0,
            -1
        ]
    ],
    "gense_cos_sim": 0.6997354030609131,
    "clip_cos_sim": 0.6318956613540649
}