{
    "input_text": "A guy does a trick on a skateboard.",
    "target_text": "A squirrel does a trick on a skateboard.",
    "num_tokens": 5,
    "adv_prompts": [
        "a guy does a trick on a skateboard. har so exempliangle squirrels",
        "a guy does a trick on a skateboard. squirrels veer staring onists steamy",
        "a guy does a trick on a skateboard. ye hear sister remy squirrels",
        "a guy does a trick on a skateboard. sooo.) squirrels soaking twelve",
        "a guy does a trick on a skateboard. this squirrel enjoys icing solos",
        "a guy does a trick on a skateboard. these \u00f3 nutritious squirrel hard",
        "a guy does a trick on a skateboard. ah squirrels perfectly stare evacuated",
        "a guy does a trick on a skateboard. squirrels ridiculously propose calming zzie",
        "a guy does a trick on a skateboard. oh.) squirrels always gloomy",
        "a guy does a trick on a skateboard. sadly surprising morrissey pilot squirrels"
    ],
    "blip_scores": [
        [
            0,
            1,
            1,
            1,
            1
        ],
        [
            0,
            1,
            0,
            1,
            1
        ],
        [
            0,
            1,
            1,
            1,
            1
        ],
        [
            0,
            0,
            1,
            1,
            1
        ],
        [
            1,
            0,
            1,
            0,
            0
        ],
        [
            1,
            1,
            1,
            0,
            1
        ],
        [
            0,
            0,
            0,
            1,
            0
        ],
        [
            0,
            1,
            0,
            0,
            0
        ],
        [
            0,
            1,
            0,
            1,
            1
        ],
        [
            1,
            0,
            0,
            1,
            0
        ]
    ]
}