{
    "input_text": "A large double cheeseburger with lettuce and tomato.",
    "target_text": "A large double dish with lettuce and tomato.",
    "num_tokens": 5,
    "adv_prompts": [
        "a large double cheeseburger with lettuce and tomato. gotv photobook rupaul celtic screenshots",
        "a large double cheeseburger with lettuce and tomato. medusa logan salary colbert hamlet",
        "a large double cheeseburger with lettuce and tomato. nonfiction catwoman mesh harp archie",
        "a large double cheeseburger with lettuce and tomato. calculated gotv pele rupaul hairstyles",
        "a large double cheeseburger with lettuce and tomato. slovakbookshop astrology wig collie",
        "a large double cheeseburger with lettuce and tomato. saxophone harp bathtub grinch garfield",
        "a large double cheeseburger with lettuce and tomato. gotv opi highness voyager camry",
        "a large double cheeseburger with lettuce and tomato. bowl choreography polish choreographer traffic",
        "a large double cheeseburger with lettuce and tomato. choreography skirt gotv \u3010 rabbits",
        "a large double cheeseburger with lettuce and tomato. arresting adoptable cit thistle sloth"
    ],
    "blip_scores": [
        [
            0,
            0,
            -1,
            0,
            0
        ],
        [
            0,
            0,
            0,
            0,
            -1
        ],
        [
            0,
            0,
            0,
            -1,
            0
        ],
        [
            0,
            0,
            0,
            0,
            0
        ],
        [
            -1,
            -1,
            0,
            -1,
            -1
        ],
        [
            0,
            0,
            0,
            0,
            0
        ],
        [
            0,
            0,
            0,
            -1,
            0
        ],
        [
            0,
            0,
            0,
            0,
            0
        ],
        [
            0,
            0,
            0,
            0,
            0
        ],
        [
            0,
            0,
            0,
            0,
            0
        ]
    ]
}