{
    "input_text": "a male nurse holding a syringe.",
    "target_text": "a female nurse holding a syringe.",
    "num_tokens": 5,
    "adv_prompts": [
        "a male nurse holding a syringe. radical ukrainian woman hooligans droid",
        "a male nurse holding a syringe. alleges lpga memories burgring actress",
        "a male nurse holding a syringe. verizon platoon monica lincoln holds",
        "a male nurse holding a syringe. casted commander chelsea mendez morgan",
        "a male nurse holding a syringe. cnbc heroine melinda qualcomm opel",
        "a male nurse holding a syringe. starring norma blanchard riggs simona",
        "a male nurse holding a syringe. ukrainian peshpartisan nazi female",
        "a male nurse holding a syringe. women battalion candidate wartime tara",
        "a male nurse holding a syringe. cora fresno diamond reacts natasha",
        "a male nurse holding a syringe. british partisan samantha percefleeing"
    ],
    "blip_scores": [
        [
            0,
            1,
            0,
            0,
            1
        ],
        [
            0,
            0,
            0,
            0,
            0
        ],
        [
            0,
            0,
            0,
            0,
            0
        ],
        [
            0,
            0,
            1,
            0,
            0
        ],
        [
            0,
            0,
            0,
            0,
            0
        ],
        [
            0,
            0,
            1,
            1,
            1
        ],
        [
            0,
            0,
            0,
            0,
            0
        ],
        [
            0,
            1,
            1,
            0,
            0
        ],
        [
            0,
            1,
            1,
            0,
            1
        ],
        [
            0,
            0,
            0,
            0,
            0
        ]
    ],
    "success": 2
}