{
    "input_text": "A parking voucher machine on a snow-covered sidewalk.",
    "target_text": "A vending voucher machine on a snow-covered sidewalk.",
    "num_tokens": 5,
    "adv_prompts": [
        "a parking voucher machine on a snow - covered sidewalk. breckadwords marquee vending budweiser",
        "a parking voucher machine on a snow - covered sidewalk. kiosk featuring bottling canadians marbles",
        "a parking voucher machine on a snow - covered sidewalk. inflatable vending pods \u300f pepsi",
        "a parking voucher machine on a snow - covered sidewalk. >: pepsi acoustic boeing vending",
        "a parking voucher machine on a snow - covered sidewalk. peter vogue skateboarding inspecting vending",
        "a parking voucher machine on a snow - covered sidewalk. fridges budweiser beside barack trout",
        "a parking voucher machine on a snow - covered sidewalk. nintendo vending ], budweiser fossils",
        "a parking voucher machine on a snow - covered sidewalk. sprinkles edition vending trailer bowser",
        "a parking voucher machine on a snow - covered sidewalk. garrison depicting addictive bodega vending",
        "a parking voucher machine on a snow - covered sidewalk. minecraft vending plush \u300d pottery"
    ],
    "blip_scores": [
        [
            1,
            0,
            -1,
            1,
            0
        ],
        [
            1,
            1,
            0,
            1,
            1
        ],
        [
            1,
            0,
            0,
            0,
            0
        ],
        [
            1,
            1,
            0,
            0,
            1
        ],
        [
            1,
            0,
            1,
            0,
            0
        ],
        [
            1,
            0,
            1,
            0,
            -1
        ],
        [
            0,
            1,
            1,
            0,
            0
        ],
        [
            1,
            1,
            0,
            0,
            0
        ],
        [
            1,
            1,
            0,
            1,
            0
        ],
        [
            0,
            0,
            1,
            1,
            0
        ]
    ]
}