{
    "input_text": "A duck and baby ducks in the foreground.",
    "target_text": "A duck and baby ducks in the water.",
    "num_tokens": 5,
    "adv_prompts": [
        "a duck and baby ducks in the foreground. redbubble waterways radiohead pisces blockchain",
        "a duck and baby ducks in the foreground. waterfalls whitewater greenpeace flappy ibooks",
        "a duck and baby ducks in the foreground. ethereum ibooks river cheetah watering",
        "a duck and baby ducks in the foreground. ornate drum blockchain fitbit cherished",
        "a duck and baby ducks in the foreground. water swimming radiohead juventus blockchain",
        "a duck and baby ducks in the foreground. water rhythms characteristics flappy beatport",
        "a duck and baby ducks in the foreground. patreon waterways ethereum argentine chronograph",
        "a duck and baby ducks in the foreground. waterfall freckles facade drums tiles",
        "a duck and baby ducks in the foreground. gibraltar ibooks wwf aquaculture sink",
        "a duck and baby ducks in the foreground. waterfall medal drums warcraft spanish"
    ],
    "blip_scores": [
        [
            0,
            0,
            0,
            0,
            0
        ],
        [
            0,
            0,
            0,
            -1,
            0
        ],
        [
            0,
            0,
            0,
            0,
            0
        ],
        [
            0,
            0,
            0,
            0,
            -1
        ],
        [
            0,
            1,
            0,
            0,
            1
        ],
        [
            0,
            0,
            0,
            1,
            0
        ],
        [
            0,
            0,
            0,
            0,
            0
        ],
        [
            0,
            0,
            0,
            0,
            0
        ],
        [
            0,
            1,
            0,
            0,
            1
        ],
        [
            0,
            0,
            -1,
            0,
            0
        ]
    ]
}