{
    "input_text": "A man walking through a tree filled forest.",
    "target_text": "A giraffe walking through a tree filled forest.",
    "num_tokens": 5,
    "adv_prompts": [
        "a man walking through a tree filled forest. cutest newly tightly located giraffe",
        "a man walking through a tree filled forest. \"\"\" ticulquot giraffe touching",
        "a man walking through a tree filled forest. these tender fascinated photogenic giraffe",
        "a man walking through a tree filled forest. smoothly considerably nice this giraffe",
        "a man walking through a tree filled forest. sweetest sight today ^^ giraffe",
        "a man walking through a tree filled forest. lovely cadeined giraffe strolling",
        "a man walking through a tree filled forest. focused deliciented giraffe awesomeness",
        "a man walking through a tree filled forest. ticuloriiva giraffe touching",
        "a man walking through a tree filled forest. sap grazing fascinated vibrant giraffe",
        "a man walking through a tree filled forest. sharply ably nice straits giraffe"
    ],
    "blip_scores": [
        [
            0,
            1,
            1,
            1,
            1
        ],
        [
            1,
            1,
            1,
            1,
            1
        ],
        [
            1,
            1,
            1,
            1,
            1
        ],
        [
            1,
            1,
            1,
            1,
            1
        ],
        [
            1,
            1,
            1,
            1,
            1
        ],
        [
            1,
            1,
            1,
            1,
            1
        ],
        [
            1,
            1,
            1,
            1,
            0
        ],
        [
            1,
            0,
            1,
            1,
            1
        ],
        [
            1,
            1,
            1,
            1,
            1
        ],
        [
            1,
            1,
            1,
            1,
            1
        ]
    ]
}