{
    "input_text": "A busy street corner from a park view ",
    "target_text": "A city street corner from a park view ",
    "num_tokens": 5,
    "adv_prompts": [
        "a busy street corner from a park view drone folds underwater duel townsville",
        "a busy street corner from a park view upright \"\"\" affinity biker survived",
        "a busy street corner from a park view origami cityscape christchurch bonded mario",
        "a busy street corner from a park view gopro symmetry infinity manila darth",
        "a busy street corner from a park view inmate falcons manila adopts symphony",
        "a busy street corner from a park view infinity copenhagen marbles mars borderlands",
        "a busy street corner from a park view gopro motogp dab christchurch infinity",
        "a busy street corner from a park view ception supermoon clifton infinity spaceship",
        "a busy street corner from a park view caricature seascape townsville motocross mariah",
        "a busy street corner from a park view graffiti motogp origami bakersfield skyline"
    ],
    "blip_scores": [
        [
            0,
            0,
            0,
            0,
            0
        ],
        [
            0,
            0,
            0,
            0,
            0
        ],
        [
            0,
            0,
            0,
            0,
            0
        ],
        [
            0,
            0,
            0,
            0,
            0
        ],
        [
            0,
            0,
            0,
            0,
            0
        ],
        [
            0,
            0,
            0,
            0,
            0
        ],
        [
            0,
            0,
            0,
            0,
            0
        ],
        [
            0,
            0,
            0,
            0,
            0
        ],
        [
            0,
            0,
            0,
            0,
            0
        ],
        [
            0,
            0,
            0,
            0,
            0
        ]
    ]
}