{
    "input_text": "A laptop and keyboard sit on a desk.  ",
    "target_text": "A mouse and keyboard sit on a desk.  ",
    "num_tokens": 5,
    "adv_prompts": [
        "a laptop and keyboard sit on a desk. columbcrested mouse [ images",
        "a laptop and keyboard sit on a desk. rare mouse reenenjoys possum",
        "a laptop and keyboard sit on a desk. clintsilverstone mouse reimagined eating",
        "a laptop and keyboard sit on a desk. mouse oatdusting sculpture \u2122",
        "a laptop and keyboard sit on a desk. mouse henrirussremoving juvenile",
        "a laptop and keyboard sit on a desk. colchester mouse cutting infemouse",
        "a laptop and keyboard sit on a desk. mouse gregorcleaning barnmouse",
        "a laptop and keyboard sit on a desk. baroque mouse cufflinks colin finished",
        "a laptop and keyboard sit on a desk. mouse stripping older lakebour",
        "a laptop and keyboard sit on a desk. mouse acquired ]. braised mouse"
    ],
    "blip_scores": [
        [
            1,
            -1,
            0,
            -1,
            -1
        ],
        [
            0,
            0,
            0,
            -1,
            0
        ],
        [
            0,
            1,
            0,
            0,
            0
        ],
        [
            0,
            0,
            -1,
            0,
            0
        ],
        [
            0,
            0,
            -1,
            0,
            0
        ],
        [
            0,
            -1,
            0,
            0,
            0
        ],
        [
            0,
            -1,
            0,
            0,
            1
        ],
        [
            0,
            0,
            0,
            0,
            -1
        ],
        [
            0,
            1,
            0,
            1,
            0
        ],
        [
            0,
            0,
            -1,
            0,
            0
        ]
    ]
}