{
    "input_text": "A birthday cake with English and Chinese characters.",
    "target_text": "A chocolate cake with English and Chinese characters.",
    "num_tokens": 5,
    "adv_prompts": [
        "a birthday cake with english and chinese characters. heartbreaking courtyard chocolate swatch chiffon",
        "a birthday cake with english and chinese characters. chocolate illuminati chocolate translucent risotto",
        "a birthday cake with english and chinese characters. bronte ~~~ chocolate translucent cheesecake",
        "a birthday cake with english and chinese characters. lyrical shakespeare chocolate iphone decal",
        "a birthday cake with english and chinese characters. chocolate metaphor dineinfographic tide",
        "a birthday cake with english and chinese characters. dracula illuminati chocolate translucent cheesecake",
        "a birthday cake with english and chinese characters. shirtless detached remake chocolate goosebumps",
        "a birthday cake with english and chinese characters. chakra translucent illuminati chocolate soup",
        "a birthday cake with english and chinese characters. tvn assessment carnation wavy chocolate",
        "a birthday cake with english and chinese characters. chocolate turkish brownies - diesel"
    ],
    "blip_scores": [
        [
            1,
            0,
            0,
            0,
            0
        ],
        [
            1,
            0,
            0,
            1,
            0
        ],
        [
            0,
            0,
            0,
            0,
            1
        ],
        [
            0,
            0,
            0,
            0,
            0
        ],
        [
            0,
            0,
            1,
            0,
            0
        ],
        [
            0,
            0,
            0,
            1,
            0
        ],
        [
            0,
            0,
            0,
            0,
            0
        ],
        [
            0,
            0,
            0,
            -1,
            1
        ],
        [
            0,
            -1,
            0,
            0,
            0
        ],
        [
            0,
            0,
            1,
            0,
            0
        ]
    ]
}