{
    "input_text": "A large group of birds in the wild.",
    "target_text": "A large group of birds in the water.",
    "num_tokens": 5,
    "adv_prompts": [
        "a large group of birds in the wild. submerged drown wala front water",
        "a large group of birds in the wild. water maintained polished waters drowned",
        "a large group of birds in the wild. drowned submeramong wrowater",
        "a large group of birds in the wild. water dismsubmerged ters chains",
        "a large group of birds in the wild. waters plated surface waters drowned",
        "a large group of birds in the wild. \\' plating stones waters swimming",
        "a large group of birds in the wild. drowned agen tote submerged waters",
        "a large group of birds in the wild. litres waters flooded surface waters",
        "a large group of birds in the wild. drowned mounting water itesuit",
        "a large group of birds in the wild. polished tables stones under waters"
    ],
    "blip_scores": [
        [
            0,
            0,
            0,
            1,
            0
        ],
        [
            0,
            0,
            0,
            0,
            1
        ],
        [
            0,
            0,
            0,
            0,
            0
        ],
        [
            0,
            0,
            0,
            0,
            0
        ],
        [
            0,
            0,
            0,
            0,
            0
        ],
        [
            0,
            0,
            0,
            0,
            0
        ],
        [
            0,
            0,
            0,
            0,
            0
        ],
        [
            0,
            0,
            0,
            0,
            0
        ],
        [
            0,
            0,
            0,
            0,
            0
        ],
        [
            0,
            0,
            0,
            0,
            0
        ]
    ]
}