{
    "input_text": "A house with wood floors and wood cabinets.",
    "target_text": "A kitchen with wood floors and wood cabinets.",
    "num_tokens": 5,
    "adv_prompts": [
        "a house with wood floors and wood cabinets. tps toms aspen kitchen gt",
        "a house with wood floors and wood cabinets. haynes kitchen \u2013 stunning anderson",
        "a house with wood floors and wood cabinets. quantitative edgy kitchen howarnyc",
        "a house with wood floors and wood cabinets. tps gmbh kitchen \" pic",
        "a house with wood floors and wood cabinets. kitchens by nash nashville comply",
        "a house with wood floors and wood cabinets. the hard rhodes kitchen ultimate",
        "a house with wood floors and wood cabinets. sorbet bd kitchen decor exceed",
        "a house with wood floors and wood cabinets. jamigeometric bd kitchen ultimate",
        "a house with wood floors and wood cabinets. \u2013 rv racers adwords kitchen",
        "a house with wood floors and wood cabinets. edmunteaching portkitchens planner"
    ],
    "blip_scores": [
        [
            0,
            0,
            0,
            0,
            0
        ],
        [
            0,
            0,
            0,
            0,
            0
        ],
        [
            0,
            0,
            0,
            0,
            0
        ],
        [
            0,
            0,
            0,
            0,
            0
        ],
        [
            0,
            0,
            0,
            0,
            0
        ],
        [
            0,
            0,
            0,
            0,
            0
        ],
        [
            0,
            0,
            0,
            0,
            0
        ],
        [
            0,
            0,
            0,
            0,
            0
        ],
        [
            0,
            0,
            0,
            0,
            0
        ],
        [
            0,
            0,
            0,
            0,
            0
        ]
    ]
}