{
    "input_text": "a collage of photos with many electronics ",
    "target_text": "a collection of photos with many electronics ",
    "num_tokens": 5,
    "adv_prompts": [
        "a collage of photos with many electronics boys footy cd excellent intensive",
        "a collage of photos with many electronics collection auctioned seeks debuts waldorf",
        "a collage of photos with many electronics reon dvd terrific \u0430 milf",
        "a collage of photos with many electronics oblast hardcover neill enchanting &",
        "a collage of photos with many electronics systems feel \u2013 novation vector",
        "a collage of photos with many electronics videos essay bluray revisited breathtaking",
        "a collage of photos with many electronics encyclopedia argus vhs excellent ated",
        "a collage of photos with many electronics dvd anglo sheer bologna luxe",
        "a collage of photos with many electronics dvd introductory nude epic greece",
        "a collage of photos with many electronics mendes lose hardcover cameroon terrific"
    ],
    "blip_scores": [
        [
            -1,
            0,
            0,
            -1,
            0
        ],
        [
            0,
            0,
            0,
            0,
            0
        ],
        [
            0,
            0,
            0,
            -1,
            0
        ],
        [
            0,
            0,
            0,
            0,
            0
        ],
        [
            0,
            0,
            0,
            0,
            0
        ],
        [
            0,
            0,
            0,
            0,
            0
        ],
        [
            0,
            0,
            0,
            0,
            0
        ],
        [
            -1,
            0,
            0,
            0,
            0
        ],
        [
            0,
            0,
            0,
            0,
            0
        ],
        [
            0,
            0,
            0,
            0,
            0
        ]
    ]
}