{
    "input_text": "A kitten snuggling with a teddy bear's foot. ",
    "target_text": "A cat snuggling with a teddy bear's foot. ",
    "num_tokens": 5,
    "adv_prompts": [
        "a kitten snuggling with a teddy bear's foot. rampage quilted facilitated blouse bridal",
        "a kitten snuggling with a teddy bear's foot. cage inspired payback beaded heel",
        "a kitten snuggling with a teddy bear's foot. tops cages manish parisian necklace",
        "a kitten snuggling with a teddy bear's foot. crystal fronfinger earrings wires",
        "a kitten snuggling with a teddy bear's foot. braihalsey blouse spandex coupon",
        "a kitten snuggling with a teddy bear's foot. agate necklace reopens instyle sana",
        "a kitten snuggling with a teddy bear's foot. aesthetic cashew \u00b2 leggings restocked",
        "a kitten snuggling with a teddy bear's foot. lookbook bead sunglasses sawroswell",
        "a kitten snuggling with a teddy bear's foot. crystallianalyst strain palace logo",
        "a kitten snuggling with a teddy bear's foot. formity earrings clear left \u2013"
    ],
    "blip_scores": [
        [
            0,
            0,
            0,
            0,
            0
        ],
        [
            0,
            0,
            0,
            0,
            0
        ],
        [
            0,
            0,
            0,
            0,
            0
        ],
        [
            0,
            0,
            0,
            0,
            0
        ],
        [
            0,
            0,
            0,
            0,
            0
        ],
        [
            0,
            0,
            0,
            0,
            0
        ],
        [
            0,
            0,
            0,
            0,
            0
        ],
        [
            0,
            0,
            0,
            0,
            0
        ],
        [
            0,
            0,
            0,
            0,
            0
        ],
        [
            0,
            0,
            0,
            0,
            0
        ]
    ]
}