{
    "input_text": "a man wearing an office suit.",
    "target_text": "a woman wearing an office suit.",
    "num_tokens": 5,
    "adv_prompts": [
        "a man wearing an office suit. her could mother engineering victory",
        "a man wearing an office suit. sassy woman oxyrina ising",
        "a man wearing an office suit. woman angie signs onto enemy",
        "a man wearing an office suit. meloclaire chew forming unseen",
        "a man wearing an office suit. woman fitted with add edits",
        "a man wearing an office suit. woman within tab front valerie",
        "a man wearing an office suit. gree lady spyiter commissioning",
        "a man wearing an office suit. airsavoy betty accorvickers",
        "a man wearing an office suit. lady hanging to became bility",
        "a man wearing an office suit. arian woman entering appointed aes"
    ],
    "blip_scores": [
        [
            1,
            1,
            1,
            1,
            0
        ],
        [
            0,
            1,
            0,
            1,
            1
        ],
        [
            0,
            1,
            0,
            0,
            0
        ],
        [
            1,
            1,
            1,
            0,
            0
        ],
        [
            0,
            0,
            0,
            0,
            0
        ],
        [
            1,
            1,
            1,
            1,
            1
        ],
        [
            1,
            0,
            0,
            1,
            1
        ],
        [
            1,
            0,
            1,
            0,
            1
        ],
        [
            1,
            0,
            -1,
            0,
            0
        ],
        [
            1,
            0,
            1,
            1,
            1
        ]
    ],
    "success": 7
}