{
    "input_text": "A plate with a sandwich and salad greens.",
    "target_text": "A salad with a sandwich and salad greens.",
    "num_tokens": 5,
    "adv_prompts": [
        "a plate with a sandwich and salad greens. icu fireball tassel cufflinks aqua",
        "a plate with a sandwich and salad greens. voip quote leggings nhl distressed",
        "a plate with a sandwich and salad greens. wwe polyvore scams tracklist procession",
        "a plate with a sandwich and salad greens. indycar lettering leggings iceberg infographic",
        "a plate with a sandwich and salad greens. penguin hoop cufflinks narrow rosewood",
        "a plate with a sandwich and salad greens. typography mpls distressed leggings cassette",
        "a plate with a sandwich and salad greens. tidal leaders shorts ngc \"",
        "a plate with a sandwich and salad greens. bronze elephant cufflinks choker fairway",
        "a plate with a sandwich and salad greens. nephew bearings typeface rugby leggings",
        "a plate with a sandwich and salad greens. indycar skull sailrestless cufflinks"
    ],
    "blip_scores": [
        [
            -1,
            0,
            -1,
            0,
            0
        ],
        [
            0,
            -1,
            0,
            -1,
            0
        ],
        [
            -1,
            0,
            0,
            -1,
            -1
        ],
        [
            0,
            0,
            0,
            0,
            0
        ],
        [
            0,
            0,
            0,
            0,
            0
        ],
        [
            0,
            0,
            -1,
            0,
            -1
        ],
        [
            -1,
            0,
            0,
            0,
            0
        ],
        [
            0,
            0,
            0,
            0,
            -1
        ],
        [
            0,
            0,
            -1,
            -1,
            -1
        ],
        [
            0,
            0,
            0,
            0,
            0
        ]
    ]
}