{
    "input_text": "A spaceship in space.",
    "target_text": "A spaceship on Mars.",
    "num_tokens": 5,
    "adv_prompts": [
        "a spaceship in space. mars martian foothills.' \u2013",
        "a spaceship in space. mars martian \"\"\" viewed jacques",
        "a spaceship in space. continues sul foothills cortex mars",
        "a spaceship in space. tucson coeur mars tehran rover",
        "a spaceship in space. concourse zoneobstacle mars see",
        "a spaceship in space. mars rover yields lille harry",
        "a spaceship in space. developing mars pentetennessee mars",
        "a spaceship in space. answers towns discovermars vis",
        "a spaceship in space. bowl mars southside niger mars",
        "a spaceship in space. mars plateau lustre martian mardi"
    ],
    "blip_scores": [
        [
            0,
            0,
            0,
            0,
            0
        ],
        [
            0,
            0,
            0,
            0,
            0
        ],
        [
            0,
            1,
            1,
            1,
            1
        ],
        [
            0,
            0,
            0,
            0,
            1
        ],
        [
            1,
            0,
            0,
            0,
            0
        ],
        [
            0,
            0,
            1,
            0,
            0
        ],
        [
            0,
            -1,
            1,
            1,
            0
        ],
        [
            -1,
            0,
            1,
            0,
            1
        ],
        [
            0,
            0,
            1,
            0,
            0
        ],
        [
            0,
            0,
            0,
            0,
            0
        ]
    ],
    "gense_cos_sim": 0.8541399240493774,
    "clip_cos_sim": 0.8608351945877075
}