{
    "input_text": "A butterfly sitting on a flower.",
    "target_text": "A bee sitting on a flower.",
    "num_tokens": 5,
    "adv_prompts": [
        "a butterfly sitting on a flower. cycling bee manicure \" exhibition",
        "a butterfly sitting on a flower. silverstone percussion \" clubbing bee",
        "a butterfly sitting on a flower. lego gladiator presenting opec posters",
        "a butterfly sitting on a flower. bee cleats twister cufflinks beginner",
        "a butterfly sitting on a flower. bees \" beer manicure slides",
        "a butterfly sitting on a flower. rugby booted bee plaque bookmark",
        "a butterfly sitting on a flower. percussion bee cufflinks cantiwikipedia",
        "a butterfly sitting on a flower. medway bee gladiators pez wikipedia",
        "a butterfly sitting on a flower. silverstone caffeine samaritan bee sweatshirt",
        "a butterfly sitting on a flower. solitary bee crushing glossy sweatshirt"
    ],
    "blip_scores": [
        [
            0,
            0,
            0,
            0,
            -1
        ],
        [
            -1,
            1,
            -1,
            -1,
            -1
        ],
        [
            0,
            0,
            0,
            0,
            0
        ],
        [
            0,
            0,
            0,
            0,
            0
        ],
        [
            -1,
            0,
            0,
            0,
            0
        ],
        [
            -1,
            0,
            0,
            -1,
            -1
        ],
        [
            0,
            0,
            0,
            0,
            0
        ],
        [
            0,
            -1,
            0,
            0,
            -1
        ],
        [
            0,
            0,
            0,
            0,
            0
        ],
        [
            0,
            0,
            0,
            0,
            0
        ]
    ],
    "gense_cos_sim": 0.8513501882553101,
    "clip_cos_sim": 0.8887711763381958
}