{
    "input_text": "A doodle of a dragon on a blackboard.",
    "target_text": "A doodle of a dog on a blackboard.",
    "num_tokens": 5,
    "adv_prompts": [
        "a doodle of a dragon on a blackboard. brochure groom nationals puppy lombardi",
        "a doodle of a dragon on a blackboard. ducati demonstration dog trump newborn",
        "a doodle of a dragon on a blackboard. burnley puli dogs audience tuxedo",
        "a doodle of a dragon on a blackboard. sbk supersport puppy cgc seller",
        "a doodle of a dragon on a blackboard. dog paperback grooming contender stormy",
        "a doodle of a dragon on a blackboard. groom spaniel richmond infographics polyvore",
        "a doodle of a dragon on a blackboard. oldest dapper puppy frenchstakes",
        "a doodle of a dragon on a blackboard. gsp retirement dog budweiser policing",
        "a doodle of a dragon on a blackboard. dogs printable posterhaircare dola",
        "a doodle of a dragon on a blackboard. \u2122 seung sebring wilmington spaniel"
    ],
    "blip_scores": [
        [
            0,
            0,
            0,
            0,
            -1
        ],
        [
            -1,
            -1,
            -1,
            0,
            0
        ],
        [
            0,
            1,
            0,
            0,
            1
        ],
        [
            0,
            1,
            0,
            1,
            0
        ],
        [
            0,
            1,
            0,
            0,
            0
        ],
        [
            0,
            0,
            0,
            0,
            1
        ],
        [
            0,
            1,
            0,
            0,
            0
        ],
        [
            0,
            1,
            1,
            1,
            1
        ],
        [
            1,
            0,
            1,
            1,
            1
        ],
        [
            0,
            0,
            0,
            0,
            0
        ]
    ],
    "gense_cos_sim": 0.7664118409156799,
    "clip_cos_sim": 0.8741719722747803
}