{
    "input_text": "A prop plane is flying through the sky.",
    "target_text": "A fighter plane is flying through the sky.",
    "num_tokens": 5,
    "adv_prompts": [
        "a prop plane is flying through the sky. snes bowser pearl rocket coloring",
        "a prop plane is flying through the sky. snes fighter gamecube xperia utmost",
        "a prop plane is flying through the sky. thunderstorm necklace \u2013 freshness palestinian",
        "a prop plane is flying through the sky. kickboxing playstation snes brightening kirby",
        "a prop plane is flying through the sky. pacquiao ufc futsal cufflinks confederate",
        "a prop plane is flying through the sky. pendant depicting kickboxing embroidered tiger",
        "a prop plane is flying through the sky. snes gundam gorgeous fighter patents",
        "a prop plane is flying through the sky. thunderstorm necklace unicef cat enamel",
        "a prop plane is flying through the sky. tangerine earrings ') | dprk",
        "a prop plane is flying through the sky. tanks incredible snes fighter mature"
    ],
    "blip_scores": [
        [
            0,
            1,
            0,
            0,
            0
        ],
        [
            0,
            0,
            0,
            0,
            1
        ],
        [
            0,
            0,
            0,
            0,
            0
        ],
        [
            0,
            0,
            0,
            0,
            0
        ],
        [
            0,
            0,
            0,
            0,
            0
        ],
        [
            0,
            0,
            0,
            0,
            0
        ],
        [
            1,
            1,
            1,
            1,
            1
        ],
        [
            0,
            0,
            0,
            0,
            0
        ],
        [
            0,
            0,
            0,
            0,
            0
        ],
        [
            1,
            1,
            1,
            1,
            1
        ]
    ]
}