{
    "input_text": "a shadow of a man on an umbrella ",
    "target_text": "a picture of a man on an umbrella ",
    "num_tokens": 5,
    "adv_prompts": [
        "a shadow of a man on an umbrella supply abia reactions brunette waterproof",
        "a shadow of a man on an umbrella testimonial aste clinical pictured deandre",
        "a shadow of a man on an umbrella pictures ascot rector kanye embroidered",
        "a shadow of a man on an umbrella pictures beau aste strapped undertale",
        "a shadow of a man on an umbrella scafe earrings jalen ): restorative",
        "a shadow of a man on an umbrella hairstyles \u00b0 swatch glover astoria",
        "a shadow of a man on an umbrella sprinkles tonka nato westside fabrics",
        "a shadow of a man on an umbrella breast originals asha ornate earrings",
        "a shadow of a man on an umbrella jual csu earrings dracula covington",
        "a shadow of a man on an umbrella earrings zi regal destroy kingsley"
    ],
    "blip_scores": [
        [
            0,
            0,
            0,
            0,
            0
        ],
        [
            0,
            0,
            0,
            1,
            0
        ],
        [
            0,
            0,
            0,
            0,
            0
        ],
        [
            0,
            0,
            0,
            0,
            0
        ],
        [
            0,
            0,
            0,
            0,
            0
        ],
        [
            0,
            0,
            0,
            0,
            0
        ],
        [
            0,
            0,
            0,
            0,
            0
        ],
        [
            0,
            0,
            0,
            0,
            0
        ],
        [
            0,
            0,
            0,
            0,
            0
        ],
        [
            0,
            0,
            0,
            0,
            0
        ]
    ]
}