{
    "input_text": "A group of children are feeding an animal.",
    "target_text": "A group of children are feeding an elephant.",
    "num_tokens": 5,
    "adv_prompts": [
        "a group of children are feeding an animal. elephant renovated despite trunk stunningly",
        "a group of children are feeding an animal. remote watch proved husbands elephant",
        "a group of children are feeding an animal. gey elephant trunks | score",
        "a group of children are feeding an animal. elephant earrings swept effortless \"\"",
        "a group of children are feeding an animal. magnificent jumbo elephant survives shining",
        "a group of children are feeding an animal. glamping elephant engultically massive",
        "a group of children are feeding an animal. camping elephant transforms rapidly rear",
        "a group of children are feeding an animal. scrolling african elephant profitable }",
        "a group of children are feeding an animal. pleasing ivory elephant remotely ably",
        "a group of children are feeding an animal. elephant unbelievable remotely tically '"
    ],
    "blip_scores": [
        [
            0,
            0,
            0,
            0,
            0
        ],
        [
            0,
            0,
            0,
            1,
            0
        ],
        [
            0,
            0,
            -1,
            0,
            0
        ],
        [
            0,
            0,
            0,
            0,
            0
        ],
        [
            0,
            0,
            0,
            0,
            0
        ],
        [
            0,
            0,
            0,
            0,
            0
        ],
        [
            0,
            0,
            0,
            0,
            0
        ],
        [
            0,
            0,
            0,
            0,
            0
        ],
        [
            0,
            0,
            0,
            0,
            0
        ],
        [
            0,
            0,
            0,
            0,
            0
        ]
    ]
}