{
    "input_text": "A cabin on a mountain.",
    "target_text": "A backpack on a mountain.",
    "num_tokens": 5,
    "adv_prompts": [
        "a cabin on a mountain. fy stat backpack awaiting tighten",
        "a cabin on a mountain. backpack holding neatblank vere",
        "a cabin on a mountain. backpack shows backpack back getty",
        "a cabin on a mountain. tablet attendance prepaid mighty backpack",
        "a cabin on a mountain. backpack looking backpack depicted desk",
        "a cabin on a mountain. scholars backpack flipkart backpack perched",
        "a cabin on a mountain. wembley backpacks deal backpack positioned",
        "a cabin on a mountain. salutparticle novo backpack sitting",
        "a cabin on a mountain. prepaid backpack satchel blames grief",
        "a cabin on a mountain. fat backpack looking symboliffed"
    ],
    "blip_scores": [
        [
            1,
            1,
            1,
            1,
            0
        ],
        [
            1,
            1,
            0,
            1,
            1
        ],
        [
            1,
            1,
            1,
            1,
            0
        ],
        [
            -1,
            0,
            1,
            1,
            1
        ],
        [
            1,
            1,
            1,
            0,
            1
        ],
        [
            1,
            1,
            1,
            1,
            1
        ],
        [
            1,
            1,
            1,
            1,
            1
        ],
        [
            1,
            1,
            1,
            1,
            1
        ],
        [
            -1,
            -1,
            0,
            -1,
            -1
        ],
        [
            1,
            1,
            1,
            1,
            1
        ]
    ],
    "gense_cos_sim": 0.6369505524635315,
    "clip_cos_sim": 0.7004373073577881
}