{
    "input_text": "A couple people in the sky flying kites.",
    "target_text": "A couple people in the water flying kites.",
    "num_tokens": 5,
    "adv_prompts": [
        "a couple people in the sky flying kites. maintaining macy sanford whitewater underwater",
        "a couple people in the sky flying kites. obstacle water underwater lyle \u00ae",
        "a couple people in the sky flying kites. water submerassisted trampolvia",
        "a couple people in the sky flying kites. cleaning thoroughly winslow underwater whitewater",
        "a couple people in the sky flying kites. submersurvives webster submerged tilly",
        "a couple people in the sky flying kites. whitewater supercharged wally underneath pond",
        "a couple people in the sky flying kites. solidflooded planted wacunderwater",
        "a couple people in the sky flying kites. whitewater maintaining underwater sacred wally",
        "a couple people in the sky flying kites. waterunderwater sunnytrampolically",
        "a couple people in the sky flying kites. water newly underwater schumacher \u2122"
    ],
    "blip_scores": [
        [
            1,
            0,
            1,
            1,
            0
        ],
        [
            1,
            0,
            1,
            0,
            1
        ],
        [
            1,
            0,
            0,
            0,
            0
        ],
        [
            0,
            1,
            1,
            1,
            0
        ],
        [
            0,
            1,
            1,
            0,
            1
        ],
        [
            0,
            1,
            1,
            0,
            0
        ],
        [
            1,
            0,
            1,
            0,
            0
        ],
        [
            0,
            0,
            0,
            0,
            0
        ],
        [
            1,
            0,
            0,
            1,
            0
        ],
        [
            1,
            1,
            1,
            0,
            1
        ]
    ]
}