{
    "input_text": "a bear is sitting in a green field",
    "target_text": "a woman is sitting in a green field",
    "num_tokens": 5,
    "adv_prompts": [
        "a bear is sitting in a green field bus \u2122 woman beagle examining",
        "a bear is sitting in a green field hornet woman pruning olive overlooking",
        "a bear is sitting in a green field woman collab observing roller process",
        "a bear is sitting in a green field woman sandro prepping scratches expression",
        "a bear is sitting in a green field concentrated woman pottery finisher woman",
        "a bear is sitting in a green field wife holds complexion examining sonja",
        "a bear is sitting in a green field thoroughbred woman artisan contemplating scrolling",
        "a bear is sitting in a green field amongst quantitative mages angelic women",
        "a bear is sitting in a green field tortoise congestion supervisor woman thinks",
        "a bear is sitting in a green field productions peaceful woman examining spinach"
    ],
    "blip_scores": [
        [
            1,
            0,
            0,
            0,
            0
        ],
        [
            0,
            0,
            0,
            1,
            -1
        ],
        [
            1,
            1,
            0,
            0,
            1
        ],
        [
            1,
            1,
            -1,
            1,
            -1
        ],
        [
            0,
            1,
            1,
            1,
            1
        ],
        [
            0,
            0,
            0,
            1,
            0
        ],
        [
            -1,
            -1,
            -1,
            -1,
            -1
        ],
        [
            -1,
            0,
            1,
            1,
            -1
        ],
        [
            1,
            1,
            -1,
            1,
            -1
        ],
        [
            1,
            1,
            1,
            1,
            1
        ]
    ]
}