{
    "input_text": "A large sandwich has bread, cheese and lettuce.",
    "target_text": "A large salad has bread, cheese and lettuce.",
    "num_tokens": 5,
    "adv_prompts": [
        "a large sandwich has bread, cheese and lettuce. calico harvick salad salad resume",
        "a large sandwich has bread, cheese and lettuce. salat ugliest mojito salads",
        "a large sandwich has bread, cheese and lettuce. blazer salad... | salads",
        "a large sandwich has bread, cheese and lettuce. oyster salad galaxrecommended salad",
        "a large sandwich has bread, cheese and lettuce. somali gnocchi salad readads",
        "a large sandwich has bread, cheese and lettuce. flavorful skillet sailed salad salads",
        "a large sandwich has bread, cheese and lettuce. oyster salad gicdownloads cosmo",
        "a large sandwich has bread, cheese and lettuce. easter salad but skillet salads",
        "a large sandwich has bread, cheese and lettuce. entertaining ailing skillet salad aac",
        "a large sandwich has bread, cheese and lettuce. celery controversial ginger oyster salad"
    ],
    "blip_scores": [
        [
            0,
            0,
            0,
            0,
            0
        ],
        [
            0,
            0,
            0,
            0,
            0
        ],
        [
            0,
            1,
            0,
            0,
            -1
        ],
        [
            0,
            0,
            0,
            -1,
            0
        ],
        [
            0,
            0,
            0,
            0,
            0
        ],
        [
            0,
            0,
            0,
            0,
            0
        ],
        [
            0,
            -1,
            0,
            0,
            0
        ],
        [
            0,
            0,
            0,
            1,
            0
        ],
        [
            0,
            0,
            0,
            1,
            0
        ],
        [
            0,
            0,
            1,
            0,
            1
        ]
    ]
}