{
    "input_text": "A human dancing in the rain.",
    "target_text": "A robot dancing in the rain.",
    "num_tokens": 5,
    "adv_prompts": [
        "a human dancing in the rain. ': amazingly shown robot \u00b4",
        "a human dancing in the rain. 2 ': embarrassing robot thankfully",
        "a human dancing in the rain. dating robotics robot whites backpack",
        "a human dancing in the rain. robot chery themed student stroller",
        "a human dancing in the rain. robot featureintegrating afp desk",
        "a human dancing in the rain. robot with partially smartphone say",
        "a human dancing in the rain. robot -- themed showcasing guitar",
        "a human dancing in the rain. 3 robots representing weloveperspectives",
        "a human dancing in the rain. robot pictured apparently welcoming dating",
        "a human dancing in the rain. robot scarf ': apparently is"
    ],
    "blip_scores": [
        [
            1,
            1,
            0,
            0,
            0
        ],
        [
            1,
            1,
            1,
            0,
            1
        ],
        [
            1,
            0,
            1,
            0,
            0
        ],
        [
            1,
            1,
            1,
            1,
            0
        ],
        [
            1,
            0,
            1,
            0,
            1
        ],
        [
            0,
            0,
            0,
            1,
            0
        ],
        [
            1,
            0,
            0,
            0,
            1
        ],
        [
            1,
            1,
            0,
            1,
            0
        ],
        [
            1,
            0,
            1,
            1,
            1
        ],
        [
            0,
            1,
            1,
            1,
            0
        ]
    ],
    "gense_cos_sim": 0.7811229228973389,
    "clip_cos_sim": 0.8209114670753479
}