{
    "input_text": "A person holding up a purple pencil case.",
    "target_text": "A person holding up a purple suit case.",
    "num_tokens": 5,
    "adv_prompts": [
        "a person holding up a purple pencil case. suitcase cart suit rims unveiled",
        "a person holding up a purple pencil case. suitcase demo suit dragging pee",
        "a person holding up a purple pencil case. mri } suit suitcase cart",
        "a person holding up a purple pencil case. suitcase suit rides carts relessly",
        "a person holding up a purple pencil case. suitcase suit dyed jacket dress",
        "a person holding up a purple pencil case. filming suitcase suit scanned suit",
        "a person holding up a purple pencil case. suitcase wreath ordained suit ates",
        "a person holding up a purple pencil case. tuxedo suitcase owing suit martini",
        "a person holding up a purple pencil case. suit rushed suitcase defeating washer",
        "a person holding up a purple pencil case. suitcase dragging suit scanned suit"
    ],
    "blip_scores": [
        [
            1,
            1,
            0,
            0,
            1
        ],
        [
            1,
            0,
            1,
            1,
            1
        ],
        [
            0,
            1,
            0,
            0,
            0
        ],
        [
            0,
            0,
            0,
            0,
            1
        ],
        [
            1,
            0,
            0,
            1,
            0
        ],
        [
            1,
            0,
            1,
            1,
            0
        ],
        [
            0,
            0,
            0,
            0,
            0
        ],
        [
            0,
            0,
            0,
            0,
            0
        ],
        [
            1,
            0,
            1,
            1,
            0
        ],
        [
            1,
            1,
            0,
            0,
            -1
        ]
    ]
}