{
    "input_text": "A doodle of a dragon on a notebook.",
    "target_text": "A doodle of a light bulb on a notebook.",
    "num_tokens": 5,
    "adv_prompts": [
        "a doodle of a dragon on a notebook. electricity bulb idea asking upto",
        "a doodle of a dragon on a notebook. electricity bulb bulb bulb illustrating",
        "a doodle of a dragon on a notebook. depicted electrical bulb bulb upfront",
        "a doodle of a dragon on a notebook. light bulb bulb facing stationery",
        "a doodle of a dragon on a notebook. light bulb bulb controversibulb",
        "a doodle of a dragon on a notebook. glove clipped learning bulb existing",
        "a doodle of a dragon on a notebook. light bulb iconic electricity bulb",
        "a doodle of a dragon on a notebook. light bulb threats bulb illustrates",
        "a doodle of a dragon on a notebook. interpreted focuses lightning bulb bulb",
        "a doodle of a dragon on a notebook. light bulb bulb simulated bulb"
    ],
    "blip_scores": [
        [
            0,
            0,
            0,
            0,
            1
        ],
        [
            1,
            1,
            -1,
            1,
            1
        ],
        [
            -1,
            0,
            1,
            0,
            1
        ],
        [
            1,
            -1,
            1,
            -1,
            -1
        ],
        [
            -1,
            0,
            1,
            -1,
            -1
        ],
        [
            0,
            0,
            0,
            -1,
            1
        ],
        [
            0,
            1,
            0,
            0,
            0
        ],
        [
            0,
            -1,
            -1,
            -1,
            -1
        ],
        [
            0,
            0,
            1,
            1,
            1
        ],
        [
            0,
            1,
            0,
            1,
            -1
        ]
    ],
    "gense_cos_sim": 0.6997354030609131,
    "clip_cos_sim": 0.6318956613540649
}