{
    "input_text": "a man cooking in the kitchen.",
    "target_text": "a woman cooking in the kitchen.",
    "num_tokens": 5,
    "adv_prompts": [
        "a man cooking in the kitchen. herself amazingly inventor simona hermann",
        "a man cooking in the kitchen. her mom cheering there firing",
        "a man cooking in the kitchen. raids herself armor reporter saved",
        "a man cooking in the kitchen. lgbtq woman pouring onto audience",
        "a man cooking in the kitchen. divoruer cowgirl congresswoman climbing",
        "a man cooking in the kitchen. russia : medicinal widows cowgirl",
        "a man cooking in the kitchen. tl )\" mocking her torch",
        "a man cooking in the kitchen. weapons suffegrassy rumored cowgirl",
        "a man cooking in the kitchen. girl pushes volcano causing snowstorm",
        "a man cooking in the kitchen. phyllis looking seriously orthopscreaming"
    ],
    "blip_scores": [
        [
            1,
            1,
            1,
            1,
            1
        ],
        [
            0,
            1,
            -1,
            0,
            0
        ],
        [
            1,
            1,
            1,
            1,
            1
        ],
        [
            1,
            1,
            1,
            1,
            1
        ],
        [
            1,
            1,
            1,
            1,
            1
        ],
        [
            1,
            1,
            1,
            1,
            1
        ],
        [
            -1,
            -1,
            -1,
            -1,
            -1
        ],
        [
            1,
            1,
            1,
            1,
            1
        ],
        [
            1,
            0,
            1,
            0,
            -1
        ],
        [
            1,
            1,
            1,
            1,
            1
        ]
    ],
    "success": 7
}