{
    "input_text": "A gaming system plugged into an electric source.",
    "target_text": "A gaming console plugged into an electric source.",
    "num_tokens": 5,
    "adv_prompts": [
        "a gaming system plugged into an electric source. backpack tinycamunsplash.*",
        "a gaming system plugged into an electric source. this backpacking console lightening candle",
        "a gaming system plugged into an electric source. notebook to depicted depicting console",
        "a gaming system plugged into an electric source. paraltablet amphibious comfy bag",
        "a gaming system plugged into an electric source. travel suitcase character depicting portrayed",
        "a gaming system plugged into an electric source. centufoldable tablet console torch",
        "a gaming system plugged into an electric source. suitcase console character presumably right",
        "a gaming system plugged into an electric source. console \u2014 superhero wallpapers misses",
        "a gaming system plugged into an electric source. console shaped iconic diary depicted",
        "a gaming system plugged into an electric source. iconic console tv promotional portrayed"
    ],
    "blip_scores": [
        [
            0,
            -1,
            0,
            0,
            0
        ],
        [
            0,
            0,
            0,
            0,
            -1
        ],
        [
            -1,
            0,
            0,
            -1,
            -1
        ],
        [
            0,
            0,
            0,
            0,
            0
        ],
        [
            0,
            0,
            0,
            0,
            0
        ],
        [
            0,
            0,
            0,
            0,
            0
        ],
        [
            0,
            0,
            0,
            1,
            0
        ],
        [
            0,
            0,
            0,
            0,
            0
        ],
        [
            0,
            0,
            0,
            0,
            0
        ],
        [
            0,
            0,
            0,
            0,
            -1
        ]
    ]
}