{
    "input_text": "A couple of green signs on a pole.",
    "target_text": "A couple of green signs on a sidewalk.",
    "num_tokens": 5,
    "adv_prompts": [
        "a couple of green signs on a pole. tcu sidewalk restored sidewalk \"",
        "a couple of green signs on a pole. improved sotho sidewalk \" sidewalks",
        "a couple of green signs on a pole. driveway \u3010 \" sidewalk sidewalk",
        "a couple of green signs on a pole. sidewalk sidewalk ggs \u00ae tarot",
        "a couple of green signs on a pole. reusable sotho sidewalk beds ].",
        "a couple of green signs on a pole. pavbloc sidewalk sidewalk logo",
        "a couple of green signs on a pole. sidewalk \" driveway sidewalk tweaks",
        "a couple of green signs on a pole. stone driveway \" sidewalk pads",
        "a couple of green signs on a pole. sidewalk sidewalk tjmodernism primer",
        "a couple of green signs on a pole. concrete patio ottoman sidewalk songwriting"
    ],
    "blip_scores": [
        [
            1,
            0,
            0,
            0,
            0
        ],
        [
            1,
            1,
            0,
            0,
            1
        ],
        [
            0,
            0,
            0,
            0,
            0
        ],
        [
            0,
            0,
            0,
            1,
            0
        ],
        [
            0,
            0,
            0,
            0,
            0
        ],
        [
            0,
            0,
            0,
            0,
            0
        ],
        [
            0,
            0,
            0,
            0,
            0
        ],
        [
            0,
            0,
            0,
            0,
            1
        ],
        [
            0,
            0,
            0,
            0,
            0
        ],
        [
            0,
            0,
            0,
            0,
            1
        ]
    ]
}