{
    "input_text": "A castle floating in the sky.",
    "target_text": "A castle on a mountain.",
    "num_tokens": 5,
    "adv_prompts": [
        "a castle floating in the sky. bluegrass mercury messe sibling shour",
        "a castle floating in the sky. woodlands colorized iraq railroad tattoos",
        "a castle floating in the sky. hbo sinai mozambique sermon \"",
        "a castle floating in the sky. mtr iraq lourdes specimen discography",
        "a castle floating in the sky. haitian mountain discography squares moma",
        "a castle floating in the sky. screenplay grandstand wool sotho paprika",
        "a castle floating in the sky. shorts burundi bound \" kubrick",
        "a castle floating in the sky. baseball mountains stranbeginner bracelet",
        "a castle floating in the sky. scars ( mountain tedxcoldplay",
        "a castle floating in the sky. mountain scrabble afghanistan sprusleeve"
    ],
    "blip_scores": [
        [
            0,
            0,
            0,
            0,
            0
        ],
        [
            0,
            0,
            0,
            0,
            0
        ],
        [
            0,
            0,
            0,
            0,
            0
        ],
        [
            1,
            0,
            1,
            0,
            0
        ],
        [
            0,
            0,
            0,
            0,
            0
        ],
        [
            0,
            0,
            0,
            0,
            0
        ],
        [
            0,
            0,
            0,
            0,
            0
        ],
        [
            0,
            0,
            0,
            0,
            0
        ],
        [
            0,
            0,
            1,
            0,
            0
        ],
        [
            1,
            0,
            0,
            1,
            0
        ]
    ],
    "gense_cos_sim": 0.7811170816421509,
    "clip_cos_sim": 0.7399611473083496
}