{
    "input_text": "A couple of cows on a grassy pasture.",
    "target_text": "A couple of cows on a grassy field.",
    "num_tokens": 5,
    "adv_prompts": [
        "a couple of cows on a grassy pasture. heap pepe scandalmonologue soundtrack",
        "a couple of cows on a grassy pasture. snakes drupal typography mlb glendale",
        "a couple of cows on a grassy pasture. rip monologue inspector dvd printable",
        "a couple of cows on a grassy pasture. crossword traditionmistakes coldplay invisible",
        "a couple of cows on a grassy pasture. indefinmultiplayer gamecube dictionary pint",
        "a couple of cows on a grassy pasture. lyrics purge outlander anzac vape",
        "a couple of cows on a grassy pasture. whitepaper trex vape purge godzilla",
        "a couple of cows on a grassy pasture. irritairsoft cd soundtrack suede",
        "a couple of cows on a grassy pasture. wrapped django cardiff vapepineapple",
        "a couple of cows on a grassy pasture. pepe snakes gingerbread trollvaping"
    ],
    "blip_scores": [
        [
            0,
            0,
            0,
            0,
            0
        ],
        [
            0,
            0,
            0,
            0,
            0
        ],
        [
            0,
            0,
            0,
            0,
            0
        ],
        [
            0,
            0,
            0,
            0,
            0
        ],
        [
            0,
            0,
            0,
            0,
            0
        ],
        [
            0,
            0,
            0,
            0,
            0
        ],
        [
            0,
            0,
            0,
            0,
            0
        ],
        [
            0,
            0,
            0,
            0,
            0
        ],
        [
            0,
            0,
            0,
            0,
            0
        ],
        [
            0,
            0,
            0,
            0,
            0
        ]
    ]
}