{
    "input_text": "A man standing in front of green brush.",
    "target_text": "A giraffe standing in front of green brush.",
    "num_tokens": 5,
    "adv_prompts": [
        "a man standing in front of green brush. giraffe experiences siblings sweetest buck",
        "a man standing in front of green brush. young huntsville giraffe \u2033 inspecting",
        "a man standing in front of green brush. giraffe neighboring cutest'calf",
        "a man standing in front of green brush. graceful acious giraffe doe savor",
        "a man standing in front of green brush. favorite cutest juvenile giraffe wikipedia",
        "a man standing in front of green brush. female giraffe graceful disclose fianc\u00e9",
        "a man standing in front of green brush. magnificent youthful giraffe missoues",
        "a man standing in front of green brush. magnificent heavily straits giraffe blissful",
        "a man standing in front of green brush. picturesque gorgeous giraffe affectionate silky",
        "a man standing in front of green brush. attractive bse giraffe graceaming"
    ],
    "blip_scores": [
        [
            0,
            1,
            1,
            1,
            0
        ],
        [
            1,
            0,
            1,
            0,
            0
        ],
        [
            1,
            1,
            1,
            1,
            1
        ],
        [
            1,
            1,
            1,
            1,
            1
        ],
        [
            1,
            0,
            1,
            1,
            1
        ],
        [
            1,
            0,
            1,
            0,
            0
        ],
        [
            1,
            1,
            1,
            1,
            1
        ],
        [
            1,
            1,
            1,
            1,
            1
        ],
        [
            1,
            1,
            0,
            0,
            1
        ],
        [
            0,
            1,
            1,
            1,
            1
        ]
    ]
}