{
    "input_text": "A car on a tree branch.",
    "target_text": "A birdhouse on a tree branch.",
    "num_tokens": 5,
    "adv_prompts": [
        "a car on a tree branch. penthouse cessna weeknd tailed thrush",
        "a car on a tree branch. providing birdthouse withdrawal *,",
        "a car on a tree branch. upright lamp woodpecker trell alda",
        "a car on a tree branch. shows tranquil birdhouse ready",
        "a car on a tree branch. treehouse mediation bird cones wondering",
        "a car on a tree branch. potted ghouse bird belonging requesting",
        "a car on a tree branch. sparrow ghouse sided pretend urging",
        "a car on a tree branch. tripod collar bird whispers prompts",
        "a car on a tree branch. pitch ghouse feeder beacon swallow",
        "a car on a tree branch. upright feeder khar swallow needing"
    ],
    "blip_scores": [
        [
            0,
            0,
            -1,
            0,
            0
        ],
        [
            -1,
            0,
            1,
            1,
            1
        ],
        [
            0,
            0,
            0,
            0,
            0
        ],
        [
            1,
            1,
            1,
            1,
            1
        ],
        [
            0,
            -1,
            -1,
            1,
            0
        ],
        [
            1,
            1,
            0,
            0,
            1
        ],
        [
            0,
            1,
            -1,
            0,
            -1
        ],
        [
            0,
            0,
            0,
            0,
            0
        ],
        [
            1,
            0,
            0,
            1,
            0
        ],
        [
            0,
            0,
            0,
            0,
            0
        ]
    ],
    "gense_cos_sim": 0.5185832977294922,
    "clip_cos_sim": 0.6630551815032959
}