{
    "input_text": "A hot oven filled with lots of food.",
    "target_text": "A toaster oven filled with lots of food.",
    "num_tokens": 5,
    "adv_prompts": [
        "a hot oven filled with lots of food. toaster ultimate toaster tr astrid",
        "a hot oven filled with lots of food. featured toaster oven toaster flawless",
        "a hot oven filled with lots of food. toaster shown instant toaster oven",
        "a hot oven filled with lots of food. toaster toaster featuring imperial ultra",
        "a hot oven filled with lots of food. tura toaster oven toaster displayed",
        "a hot oven filled with lots of food. toaster \u2013 lively uplift toaster",
        "a hot oven filled with lots of food. toaster roosevelt toaster featuring oven",
        "a hot oven filled with lots of food. toaster aths intuitive primavera toaster",
        "a hot oven filled with lots of food. toaster ultimate toaster oven featuring",
        "a hot oven filled with lots of food. rockwell toaster dual \u2014 integrated"
    ],
    "blip_scores": [
        [
            1,
            0,
            0,
            1,
            0
        ],
        [
            1,
            0,
            1,
            1,
            0
        ],
        [
            1,
            1,
            0,
            1,
            1
        ],
        [
            0,
            1,
            0,
            1,
            1
        ],
        [
            1,
            1,
            1,
            0,
            1
        ],
        [
            1,
            1,
            1,
            1,
            1
        ],
        [
            0,
            0,
            1,
            1,
            1
        ],
        [
            0,
            1,
            1,
            0,
            1
        ],
        [
            1,
            1,
            1,
            1,
            0
        ],
        [
            1,
            1,
            1,
            1,
            1
        ]
    ]
}