{
    "input_text": "A brick clock tower ascending towards the heavens",
    "target_text": "A brick clocktower ascending towards the heavens",
    "num_tokens": 5,
    "adv_prompts": [
        "a brick clock tower ascending towards the heavens \u30fb martinglaundering janetpullover",
        "a brick clock tower ascending towards the heavens mg maximwentworth merch saturdays",
        "a brick clock tower ascending towards the heavens dragging attachmario \"\"\" [#",
        "a brick clock tower ascending towards the heavens '; dishwasher specimens sidekick,'",
        "a brick clock tower ascending towards the heavens warrants maid '- catalog sidekick",
        "a brick clock tower ascending towards the heavens \u2122 schnitcandlelight cuffbackstage",
        "a brick clock tower ascending towards the heavens cord.* diaper ffel (\u00a9",
        "a brick clock tower ascending towards the heavens mischief /</ wristbands avalanche",
        "a brick clock tower ascending towards the heavens mornings,' aggreglifeboat \"\"",
        "a brick clock tower ascending towards the heavens disrupting critpathfinder sherclyde"
    ],
    "blip_scores": [
        [
            0,
            0,
            0,
            0,
            0
        ],
        [
            0,
            0,
            0,
            0,
            0
        ],
        [
            0,
            0,
            0,
            0,
            0
        ],
        [
            0,
            0,
            0,
            -1,
            0
        ],
        [
            0,
            0,
            0,
            0,
            0
        ],
        [
            0,
            0,
            0,
            0,
            0
        ],
        [
            0,
            0,
            0,
            0,
            0
        ],
        [
            0,
            0,
            0,
            0,
            -1
        ],
        [
            0,
            0,
            1,
            0,
            0
        ],
        [
            -1,
            0,
            0,
            0,
            1
        ]
    ]
}