{
    "input_text": "A close up of flowers in a vase.",
    "target_text": "A pile up of flowers in a vase.",
    "num_tokens": 5,
    "adv_prompts": [
        "a close up of flowers in a vase. piled chaired arm crushing pile",
        "a close up of flowers in a vase. piled ter pile illage collide",
        "a close up of flowers in a vase. pile thrown coms overhead cuddle",
        "a close up of flowers in a vase. piled piling congestion thrown collide",
        "a close up of flowers in a vase. pile stacks _ pack pose",
        "a close up of flowers in a vase. crowded piled spinoff pile everywhere",
        "a close up of flowers in a vase. chaired elic piled overflowing pile",
        "a close up of flowers in a vase. piled heaps pile drowning sively",
        "a close up of flowers in a vase. pile piled eachother trying _",
        "a close up of flowers in a vase. pile piled brawl collide ously"
    ],
    "blip_scores": [
        [
            0,
            -1,
            0,
            -1,
            0
        ],
        [
            0,
            0,
            0,
            0,
            -1
        ],
        [
            0,
            0,
            0,
            0,
            0
        ],
        [
            0,
            0,
            -1,
            0,
            -1
        ],
        [
            -1,
            -1,
            -1,
            0,
            -1
        ],
        [
            0,
            0,
            0,
            -1,
            -1
        ],
        [
            -1,
            -1,
            0,
            -1,
            -1
        ],
        [
            -1,
            -1,
            -1,
            -1,
            0
        ],
        [
            -1,
            0,
            -1,
            0,
            -1
        ],
        [
            -1,
            0,
            -1,
            -1,
            0
        ]
    ]
}