{
    "input_text": "A group of birds flying above the clouds.",
    "target_text": "A group of birds flying above the beach.",
    "num_tokens": 5,
    "adv_prompts": [
        "a group of birds flying above the clouds. fireplace cosplayer beach shelling cufflinks",
        "a group of birds flying above the clouds. beach ashore installation gundam wikipedia",
        "a group of birds flying above the clouds. beach fireworks fursuit msi reacting",
        "a group of birds flying above the clouds. supermoon beach sidewalk flintspecimen",
        "a group of birds flying above the clouds. invaded sidewalk fighterscreenshot beach",
        "a group of birds flying above the clouds. narrowly beach tailgating blurred beach",
        "a group of birds flying above the clouds. beach blurred beach supermoon yellowstone",
        "a group of birds flying above the clouds. waterfront beach beach straw earring",
        "a group of birds flying above the clouds. puerto ike beach silveprocession",
        "a group of birds flying above the clouds. blurry portobello beach spectators jalen"
    ],
    "blip_scores": [
        [
            0,
            0,
            0,
            0,
            0
        ],
        [
            0,
            0,
            1,
            0,
            0
        ],
        [
            0,
            1,
            0,
            0,
            0
        ],
        [
            1,
            1,
            1,
            1,
            1
        ],
        [
            0,
            0,
            1,
            1,
            0
        ],
        [
            0,
            1,
            1,
            1,
            0
        ],
        [
            0,
            1,
            0,
            1,
            1
        ],
        [
            0,
            0,
            0,
            0,
            0
        ],
        [
            0,
            0,
            1,
            1,
            0
        ],
        [
            0,
            0,
            0,
            0,
            0
        ]
    ]
}