{
    "input_text": "a small child is holding up a bottle",
    "target_text": "a small child is holding up a toy",
    "num_tokens": 5,
    "adv_prompts": [
        "a small child is holding up a bottle coaster toy play preferlewd",
        "a small child is holding up a bottle opener cymbtti rics toy",
        "a small child is holding up a bottle opener toys lizzambuinos",
        "a small child is holding up a bottle toys play catalogue blamed austrian",
        "a small child is holding up a bottle toy bestseller associated warship \"",
        "a small child is holding up a bottle cleaner antibiotic cracker occupied toy",
        "a small child is holding up a bottle toy diecast plasdeleted pops",
        "a small child is holding up a bottle sized valentina view toys fictional",
        "a small child is holding up a bottle tops antibiotic vo toy pe",
        "a small child is holding up a bottle waterstones tbr playboy toy circa"
    ],
    "blip_scores": [
        [
            1,
            1,
            0,
            1,
            0
        ],
        [
            0,
            1,
            1,
            0,
            0
        ],
        [
            0,
            0,
            0,
            0,
            0
        ],
        [
            1,
            -1,
            -1,
            1,
            -1
        ],
        [
            1,
            0,
            1,
            0,
            0
        ],
        [
            0,
            -1,
            0,
            0,
            0
        ],
        [
            1,
            1,
            0,
            1,
            0
        ],
        [
            1,
            0,
            1,
            1,
            0
        ],
        [
            0,
            1,
            0,
            0,
            0
        ],
        [
            1,
            -1,
            1,
            1,
            1
        ]
    ]
}