{
    "input_text": "A elephant walking with it's trunk held out. ",
    "target_text": "A deer walking with it's trunk held out. ",
    "num_tokens": 5,
    "adv_prompts": [
        "a elephant walking with it's trunk held out. carp deer awww xfinity forms",
        "a elephant walking with it's trunk held out. belledeer pora catalogue comeback",
        "a elephant walking with it's trunk held out. doge deer cricgommaureen",
        "a elephant walking with it's trunk held out. deer bicycle doge fandom clyde",
        "a elephant walking with it's trunk held out. rupaul hollow cafe reindeer doge",
        "a elephant walking with it's trunk held out. deer condo hobart \u300f deer",
        "a elephant walking with it's trunk held out. hyundai consolidation foreclowarsaw deer",
        "a elephant walking with it's trunk held out. \u2014 comic waikiki deer webcam",
        "a elephant walking with it's trunk held out. deer colony chievbritish deer",
        "a elephant walking with it's trunk held out. stag hornet chicagdbs visa"
    ],
    "blip_scores": [
        [
            0,
            0,
            -1,
            0,
            -1
        ],
        [
            0,
            -1,
            0,
            -1,
            -1
        ],
        [
            0,
            0,
            0,
            0,
            0
        ],
        [
            0,
            0,
            0,
            0,
            0
        ],
        [
            0,
            0,
            0,
            0,
            0
        ],
        [
            0,
            0,
            0,
            0,
            0
        ],
        [
            0,
            0,
            0,
            0,
            -1
        ],
        [
            -1,
            -1,
            -1,
            0,
            0
        ],
        [
            0,
            0,
            0,
            0,
            0
        ],
        [
            -1,
            0,
            0,
            -1,
            0
        ]
    ]
}