{
    "input_text": "A car that is sitting in the street.",
    "target_text": "A bicycle that is sitting in the street.",
    "num_tokens": 5,
    "adv_prompts": [
        "a car that is sitting in the street. lovely bicycle featuring copy",
        "a car that is sitting in the street. bicycles bicycle of workflow cold",
        "a car that is sitting in the street. bicycle yusuf hold bicycle neglected",
        "a car that is sitting in the street. bicycle holds bicycles bicycle greek",
        "a car that is sitting in the street. sami ement bicycle featuring old",
        "a car that is sitting in the street. bicycle tito cycle's bicycle",
        "a car that is sitting in the street. bicycles of grieving.. bicycle",
        "a car that is sitting in the street. bike bicycle of called bicycle",
        "a car that is sitting in the street. bicycle'cycliped bicycle",
        "a car that is sitting in the street. bicycle paco \"\"\" grieving bicycle"
    ],
    "blip_scores": [
        [
            1,
            1,
            1,
            1,
            0
        ],
        [
            1,
            1,
            1,
            1,
            1
        ],
        [
            1,
            1,
            0,
            1,
            0
        ],
        [
            1,
            0,
            0,
            0,
            0
        ],
        [
            0,
            1,
            1,
            1,
            1
        ],
        [
            0,
            0,
            0,
            1,
            1
        ],
        [
            1,
            1,
            1,
            1,
            1
        ],
        [
            1,
            1,
            0,
            0,
            1
        ],
        [
            0,
            1,
            1,
            1,
            1
        ],
        [
            0,
            0,
            1,
            1,
            0
        ]
    ]
}