{
    "input_text": "a painting that is sitting on a table",
    "target_text": "a bear that is sitting on a table",
    "num_tokens": 5,
    "adv_prompts": [
        "a painting that is sitting on a table unsplash >> bears sitting feeding",
        "a painting that is sitting on a table mourgrizzly bears praying sitting",
        "a painting that is sitting on a table grizzly male contemplsitting bear",
        "a painting that is sitting on a table wto grizzly praying ris craving",
        "a painting that is sitting on a table heartbreak jaguar unsplash bear snacking",
        "a painting that is sitting on a table map mourbmw bear praying",
        "a painting that is sitting on a table...: bear eating fed breakfast",
        "a painting that is sitting on a table feeding bears headshot unsplash bear",
        "a painting that is sitting on a table unsplash grizzly seated craving cubs",
        "a painting that is sitting on a table zombie bear stair continents icons"
    ],
    "blip_scores": [
        [
            0,
            0,
            0,
            0,
            0
        ],
        [
            0,
            1,
            0,
            0,
            0
        ],
        [
            1,
            0,
            -1,
            0,
            0
        ],
        [
            1,
            -1,
            0,
            1,
            1
        ],
        [
            0,
            0,
            0,
            0,
            0
        ],
        [
            1,
            0,
            0,
            0,
            0
        ],
        [
            0,
            0,
            0,
            0,
            0
        ],
        [
            0,
            0,
            0,
            0,
            1
        ],
        [
            0,
            0,
            0,
            1,
            0
        ],
        [
            -1,
            0,
            0,
            0,
            -1
        ]
    ]
}