{
    "input_text": "A plate filled with chocolate and vanilla cupcakes. ",
    "target_text": "A cup filled with chocolate and vanilla cupcakes. ",
    "num_tokens": 5,
    "adv_prompts": [
        "a plate filled with chocolate and vanilla cupcakes. urn takeexpectation quote gif",
        "a plate filled with chocolate and vanilla cupcakes. gamecube moured arrive cup biopic",
        "a plate filled with chocolate and vanilla cupcakes. halftime bikini answered grasses opi",
        "a plate filled with chocolate and vanilla cupcakes. astronomers squishy become shakira mmo",
        "a plate filled with chocolate and vanilla cupcakes. shirtless cup pendant gps novelty",
        "a plate filled with chocolate and vanilla cupcakes. affection held zakbasketball hardcover",
        "a plate filled with chocolate and vanilla cupcakes. cup accompanied inside massive pot",
        "a plate filled with chocolate and vanilla cupcakes. enchanting bucket canpersoninfographic",
        "a plate filled with chocolate and vanilla cupcakes. azo chalk deserves hair fergie",
        "a plate filled with chocolate and vanilla cupcakes. flask shakira funko poses touchscreen"
    ],
    "blip_scores": [
        [
            0,
            -1,
            0,
            -1,
            -1
        ],
        [
            -1,
            -1,
            0,
            0,
            0
        ],
        [
            -1,
            0,
            0,
            -1,
            0
        ],
        [
            0,
            -1,
            0,
            -1,
            0
        ],
        [
            0,
            -1,
            0,
            0,
            -1
        ],
        [
            -1,
            0,
            -1,
            -1,
            0
        ],
        [
            -1,
            -1,
            -1,
            0,
            0
        ],
        [
            0,
            -1,
            -1,
            -1,
            -1
        ],
        [
            0,
            0,
            -1,
            0,
            0
        ],
        [
            0,
            0,
            -1,
            0,
            0
        ]
    ]
}