{
    "input_text": "A large crowd is attending a community fair.",
    "target_text": "A large crowd is attending a county fair.",
    "num_tokens": 5,
    "adv_prompts": [
        "a large crowd is attending a community fair. olympia eating olympics aftermiley",
        "a large crowd is attending a community fair. pageant courrides vacation perry",
        "a large crowd is attending a community fair. county approves cyrus county nightmare",
        "a large crowd is attending a community fair. olympia raceway trial colby frankie",
        "a large crowd is attending a community fair. countrycyrus autopsy nasal christie",
        "a large crowd is attending a community fair. bonnaroo arena courtney \u2764 elin",
        "a large crowd is attending a community fair. licking county fair county caught",
        "a large crowd is attending a community fair. poultry quizzredbubble yelling peoria",
        "a large crowd is attending a community fair. county lafayette bumper speedway disgusting",
        "a large crowd is attending a community fair. county fair arias staring waco"
    ],
    "blip_scores": [
        [
            -1,
            0,
            0,
            0,
            -1
        ],
        [
            0,
            -1,
            0,
            -1,
            -1
        ],
        [
            -1,
            -1,
            -1,
            0,
            -1
        ],
        [
            0,
            0,
            0,
            0,
            0
        ],
        [
            0,
            0,
            0,
            0,
            0
        ],
        [
            0,
            0,
            0,
            0,
            0
        ],
        [
            0,
            0,
            0,
            -1,
            0
        ],
        [
            0,
            0,
            0,
            0,
            0
        ],
        [
            0,
            -1,
            0,
            0,
            0
        ],
        [
            -1,
            0,
            -1,
            -1,
            0
        ]
    ]
}