{
    "input_text": "A picture of a cake on a plate",
    "target_text": "A quarter of a cake on a plate",
    "num_tokens": 5,
    "adv_prompts": [
        "a picture of a cake on a plate mv \" quantitative silenbuffer",
        "a picture of a cake on a plate would khz ii \" \"-",
        "a picture of a cake on a plate vx update \" granted \"?",
        "a picture of a cake on a plate gatcollab manship seems \"",
        "a picture of a cake on a plate shirt itics represents \u2122 \"",
        "a picture of a cake on a plate boc koch khz khz ega",
        "a picture of a cake on a plate quarter eti preps tivity koch",
        "a picture of a cake on a plate defends \" was burrito gravity",
        "a picture of a cake on a plate profits button avoids \" flirting",
        "a picture of a cake on a plate emerges wtf collab fies \""
    ],
    "blip_scores": [
        [
            -1,
            0,
            -1,
            0,
            -1
        ],
        [
            -1,
            0,
            0,
            -1,
            -1
        ],
        [
            -1,
            -1,
            -1,
            -1,
            0
        ],
        [
            -1,
            -1,
            -1,
            -1,
            -1
        ],
        [
            0,
            -1,
            0,
            -1,
            -1
        ],
        [
            0,
            -1,
            0,
            -1,
            -1
        ],
        [
            -1,
            -1,
            -1,
            -1,
            -1
        ],
        [
            -1,
            -1,
            0,
            0,
            -1
        ],
        [
            0,
            -1,
            0,
            -1,
            -1
        ],
        [
            -1,
            -1,
            -1,
            -1,
            -1
        ]
    ]
}