{
    "input_text": "A colorful public restroom focused on the sinks.",
    "target_text": "A colorful public forum focused on the sinks.",
    "num_tokens": 5,
    "adv_prompts": [
        "a colorful public restroom focused on the sinks. panelist forum teaches linden explosion",
        "a colorful public restroom focused on the sinks. panelist announced cage nascar livestream",
        "a colorful public restroom focused on the sinks. qi session debate nascar foundry",
        "a colorful public restroom focused on the sinks. panelist meeting cacao inews collectors",
        "a colorful public restroom focused on the sinks. panelist forum augmented caramelized plenary",
        "a colorful public restroom focused on the sinks. npt council panelist viewer bianca",
        "a colorful public restroom focused on the sinks. panelists cacao endangered jartapped",
        "a colorful public restroom focused on the sinks. \u2122 panelists cacao scams plenary",
        "a colorful public restroom focused on the sinks. cacao manufacturing delegates chart quinta",
        "a colorful public restroom focused on the sinks. proceedings panelist symposium oilroblox"
    ],
    "blip_scores": [
        [
            0,
            -1,
            -1,
            0,
            0
        ],
        [
            0,
            0,
            0,
            0,
            0
        ],
        [
            0,
            0,
            0,
            0,
            -1
        ],
        [
            -1,
            -1,
            -1,
            0,
            0
        ],
        [
            0,
            -1,
            -1,
            0,
            -1
        ],
        [
            0,
            0,
            0,
            0,
            0
        ],
        [
            0,
            -1,
            0,
            0,
            -1
        ],
        [
            0,
            0,
            0,
            0,
            0
        ],
        [
            0,
            0,
            0,
            -1,
            0
        ],
        [
            -1,
            -1,
            0,
            0,
            0
        ]
    ]
}