{
    "input_text": "A man and woman talking in the street.",
    "target_text": "A man and woman talking in the kitchen.",
    "num_tokens": 5,
    "adv_prompts": [
        "a man and woman talking in the street. pool house crush ). kitchen",
        "a man and woman talking in the street. fireplace kitchen claudia decorate \u3010",
        "a man and woman talking in the street. kitchen salle shelf combuady",
        "a man and woman talking in the street. kitchen oom style nursery cindy",
        "a man and woman talking in the street. kitchen undisclosed fireplace \u2014 cassie",
        "a man and woman talking in the street. christie racing poolside point kitchen",
        "a man and woman talking in the street. kitchen decorated cassie room \u2014",
        "a man and woman talking in the street. clarienjoys decor reception kitchen",
        "a man and woman talking in the street. kitchen decorated uzzi tonite room",
        "a man and woman talking in the street. com womens decorated room kitchen"
    ],
    "blip_scores": [
        [
            0,
            0,
            0,
            0,
            1
        ],
        [
            0,
            1,
            1,
            0,
            0
        ],
        [
            1,
            1,
            1,
            0,
            -1
        ],
        [
            -1,
            0,
            0,
            0,
            1
        ],
        [
            1,
            1,
            1,
            0,
            0
        ],
        [
            0,
            0,
            1,
            0,
            0
        ],
        [
            1,
            1,
            1,
            1,
            1
        ],
        [
            0,
            0,
            1,
            1,
            1
        ],
        [
            1,
            1,
            1,
            0,
            0
        ],
        [
            1,
            1,
            1,
            1,
            1
        ]
    ]
}