{
    "input_text": "A squirrel jumping to catch a flying frisbee",
    "target_text": "A dog jumping to catch a flying frisbee",
    "num_tokens": 5,
    "adv_prompts": [
        "a squirrel jumping to catch a flying frisbee dwts gsp chihuclaiming raffle",
        "a squirrel jumping to catch a flying frisbee pupphoun detailing sale vip",
        "a squirrel jumping to catch a flying frisbee discounlabrador beaded dogs sportsman",
        "a squirrel jumping to catch a flying frisbee cise takes inese sale houn",
        "a squirrel jumping to catch a flying frisbee of embellished setter spaniel buyers",
        "a squirrel jumping to catch a flying frisbee root dps pitbull forsale raffle",
        "a squirrel jumping to catch a flying frisbee dps bloodhdecorate sale standing",
        "a squirrel jumping to catch a flying frisbee truffle terrier chihubobblehead waldo",
        "a squirrel jumping to catch a flying frisbee bookings bei gates dfs huskies",
        "a squirrel jumping to catch a flying frisbee watchdog...: labrador ornaments doctor"
    ],
    "blip_scores": [
        [
            1,
            0,
            -1,
            1,
            1
        ],
        [
            -1,
            0,
            1,
            0,
            -1
        ],
        [
            -1,
            1,
            -1,
            1,
            1
        ],
        [
            0,
            1,
            1,
            1,
            1
        ],
        [
            1,
            0,
            1,
            0,
            0
        ],
        [
            1,
            1,
            1,
            1,
            0
        ],
        [
            0,
            1,
            1,
            0,
            0
        ],
        [
            1,
            -1,
            -1,
            0,
            0
        ],
        [
            1,
            1,
            -1,
            1,
            1
        ],
        [
            -1,
            1,
            1,
            0,
            0
        ]
    ]
}