{
    "input_text": "a waiter holding a tray of food.",
    "target_text": "a waitress holding a tray of food.",
    "num_tokens": 5,
    "adv_prompts": [
        "a waiter holding a tray of food. frequsinks waitress rabbi angelina",
        "a waiter holding a tray of food. waitress con checkpoint console samantha",
        "a waiter holding a tray of food. )) torrent ys waitress melissa",
        "a waiter holding a tray of food. congratulations combat waitress katherine ona",
        "a waiter holding a tray of food. scripted waitress lexi heather.)",
        "a waiter holding a tray of food. divided chase waitress lauren!",
        "a waiter holding a tray of food. newhhummus coms waitress denise",
        "a waiter holding a tray of food. fracking waitress \u30b9 wana lisa",
        "a waiter holding a tray of food. fracking waitress madeline lucknow employee",
        "a waiter holding a tray of food. waitress kayla asking checkpoint duchess"
    ],
    "blip_scores": [
        [
            0,
            0,
            0,
            0,
            0
        ],
        [
            0,
            0,
            0,
            0,
            0
        ],
        [
            1,
            0,
            0,
            0,
            0
        ],
        [
            0,
            0,
            0,
            1,
            0
        ],
        [
            0,
            1,
            1,
            0,
            0
        ],
        [
            0,
            0,
            1,
            0,
            0
        ],
        [
            0,
            0,
            0,
            0,
            0
        ],
        [
            0,
            0,
            0,
            1,
            1
        ],
        [
            0,
            0,
            0,
            0,
            0
        ],
        [
            0,
            0,
            0,
            0,
            1
        ]
    ],
    "success": 0
}