{
    "input_text": "A brown bear eating hay from the ground.",
    "target_text": "A brown horse eating hay from the ground.",
    "num_tokens": 5,
    "adv_prompts": [
        "a brown bear eating hay from the ground. fortnite sculpted snowy equegreyhound",
        "a brown bear eating hay from the ground. horseinfographic succualien funko",
        "a brown bear eating hay from the ground. horse bilingual theme notegoodies",
        "a brown bear eating hay from the ground. equestrian addicted magnetic oldie hijab",
        "a brown bear eating hay from the ground. eyeshadow lover equestrian fond nails",
        "a brown bear eating hay from the ground. coordination \u00ae horse vocabulary recyclable",
        "a brown bear eating hay from the ground. scooby themed horse everythingviolin",
        "a brown bear eating hay from the ground. asunherbalife eyeshadow pour equestrian",
        "a brown bear eating hay from the ground. horsespoiled champsucculent earrings",
        "a brown bear eating hay from the ground. gorgeous horse fortnite toppers henna"
    ],
    "blip_scores": [
        [
            0,
            0,
            0,
            0,
            0
        ],
        [
            0,
            0,
            0,
            0,
            0
        ],
        [
            0,
            -1,
            0,
            -1,
            -1
        ],
        [
            0,
            0,
            0,
            0,
            0
        ],
        [
            -1,
            0,
            0,
            0,
            0
        ],
        [
            -1,
            0,
            -1,
            -1,
            -1
        ],
        [
            0,
            1,
            -1,
            -1,
            1
        ],
        [
            -1,
            0,
            0,
            0,
            0
        ],
        [
            0,
            0,
            0,
            -1,
            0
        ],
        [
            0,
            0,
            0,
            0,
            0
        ]
    ]
}