{
    "input_text": "A man walking past an empty dorm room. ",
    "target_text": "A man walking past an empty living room. ",
    "num_tokens": 5,
    "adv_prompts": [
        "a man walking past an empty dorm room. supermarket roadway fireplace mastercard salmon",
        "a man walking past an empty dorm room. elvis ceremonial garfield passport hearthstone",
        "a man walking past an empty dorm room. mastercard surrounding driveway apollo chimney",
        "a man walking past an empty dorm room. pikachu minecraft candle contemporary driveway",
        "a man walking past an empty dorm room. driveway soapcommemorative pelosi booth",
        "a man walking past an empty dorm room. shopify faceted pitcher driveway eyeshadow",
        "a man walking past an empty dorm room. starbucks statucontainer bullish pelosi",
        "a man walking past an empty dorm room. westworld mastercard schwarzenegger waltpresentation",
        "a man walking past an empty dorm room. telethon heineken billboard garfield quilted",
        "a man walking past an empty dorm room. gible raging floormedallion chimney"
    ],
    "blip_scores": [
        [
            0,
            0,
            0,
            0,
            0
        ],
        [
            0,
            0,
            0,
            0,
            0
        ],
        [
            0,
            0,
            0,
            0,
            0
        ],
        [
            0,
            0,
            0,
            0,
            0
        ],
        [
            0,
            0,
            0,
            0,
            0
        ],
        [
            0,
            0,
            0,
            0,
            0
        ],
        [
            0,
            0,
            0,
            0,
            0
        ],
        [
            0,
            0,
            0,
            0,
            0
        ],
        [
            0,
            0,
            0,
            0,
            0
        ],
        [
            0,
            0,
            0,
            0,
            0
        ]
    ]
}