{
    "input_text": "A child playing with a ball in the park.",
    "target_text": "A child flying a kite in the park.",
    "num_tokens": 5,
    "adv_prompts": [
        "a child playing with a ball in the park. kite zer airplane kar \u300d",
        "a child playing with a ball in the park. kite airplane carrollkrisricardo",
        "a child playing with a ball in the park. kites plankton \u2122 kite airplane",
        "a child playing with a ball in the park. kites airplane flyover weddingkayak",
        "a child playing with a ball in the park. amish hillsborough kite kites before",
        "a child playing with a ball in the park. kites kites cessna beneath dupont",
        "a child playing with a ball in the park. cheapest oktoberfest watercolour airplane kite",
        "a child playing with a ball in the park. kite kites towed teen airplane",
        "a child playing with a ball in the park. senior bridesmaid motivating kite kites",
        "a child playing with a ball in the park. kite mart cessna boat kite"
    ],
    "blip_scores": [
        [
            1,
            1,
            1,
            1,
            1
        ],
        [
            0,
            1,
            1,
            1,
            1
        ],
        [
            1,
            1,
            1,
            1,
            1
        ],
        [
            0,
            1,
            0,
            1,
            1
        ],
        [
            0,
            1,
            1,
            1,
            1
        ],
        [
            1,
            1,
            1,
            0,
            1
        ],
        [
            1,
            1,
            1,
            1,
            1
        ],
        [
            1,
            1,
            0,
            1,
            1
        ],
        [
            1,
            1,
            1,
            1,
            0
        ],
        [
            1,
            1,
            1,
            1,
            1
        ]
    ],
    "gense_cos_sim": 0.689650297164917,
    "clip_cos_sim": 0.7222226858139038
}