{
    "input_text": "A frozen lake in a valley.",
    "target_text": "A pristine lake in a valley.",
    "num_tokens": 5,
    "adv_prompts": [
        "a frozen lake in a valley. smokin ranbir spoils sexiest vatican",
        "a frozen lake in a valley. ethical constable \u300e aths remixes",
        "a frozen lake in a valley. tracklist assange pristine fascism \u2033",
        "a frozen lake in a valley. guitar preview | itive sehun",
        "a frozen lake in a valley. primitive western ukulele compositions \"",
        "a frozen lake in a valley. guitarist \u2013 ghanaian birthday comedy",
        "a frozen lake in a valley. counterfeit rabbit supermodel amenities discography",
        "a frozen lake in a valley. scotch benin bint\u00e9e discography",
        "a frozen lake in a valley. projector slime sharapova seniors cufflinks",
        "a frozen lake in a valley. assange bark sheraton smokes philanthropist"
    ],
    "blip_scores": [
        [
            0,
            0,
            0,
            0,
            0
        ],
        [
            0,
            0,
            0,
            0,
            0
        ],
        [
            0,
            0,
            0,
            0,
            0
        ],
        [
            0,
            0,
            0,
            0,
            0
        ],
        [
            0,
            0,
            0,
            0,
            -1
        ],
        [
            0,
            0,
            0,
            0,
            0
        ],
        [
            0,
            0,
            0,
            0,
            0
        ],
        [
            0,
            0,
            0,
            0,
            0
        ],
        [
            0,
            0,
            0,
            0,
            0
        ],
        [
            0,
            0,
            0,
            0,
            0
        ]
    ],
    "gense_cos_sim": 0.8159492611885071,
    "clip_cos_sim": 0.8286727666854858
}