{
    "input_text": "A person on a raft in the water.",
    "target_text": "A person on a surfboard in the water.",
    "num_tokens": 5,
    "adv_prompts": [
        "a person on a raft in the water. surfing tail surf skateboard practices",
        "a person on a raft in the water. graceful surfer surf qualifications antino",
        "a person on a raft in the water. pictured parmesan hodges skateboard surfing",
        "a person on a raft in the water. sustained surfing swish qualification surfer",
        "a person on a raft in the water. surfboard bending wristtail",
        "a person on a raft in the water. wonderful surfing skateboard surf fas",
        "a person on a raft in the water. surfer sway surfing routines \\",
        "a person on a raft in the water. surfing surfboards tail olas",
        "a person on a raft in the water. reagan smith surfer surfing posture",
        "a person on a raft in the water. surfboard tail boards fe"
    ],
    "blip_scores": [
        [
            1,
            1,
            1,
            1,
            1
        ],
        [
            1,
            1,
            1,
            1,
            1
        ],
        [
            1,
            1,
            1,
            1,
            1
        ],
        [
            1,
            1,
            1,
            1,
            1
        ],
        [
            1,
            1,
            1,
            1,
            1
        ],
        [
            1,
            1,
            1,
            1,
            1
        ],
        [
            1,
            1,
            1,
            1,
            1
        ],
        [
            1,
            1,
            0,
            1,
            1
        ],
        [
            1,
            1,
            1,
            1,
            1
        ],
        [
            1,
            1,
            1,
            1,
            1
        ]
    ]
}