{
    "input_text": "a building with a clock tower and clock",
    "target_text": "a building with a bell tower and clock",
    "num_tokens": 5,
    "adv_prompts": [
        "a building with a clock tower and clock fleek confidence downpours swapping instagram",
        "a building with a clock tower and clock ); armenian shear piping category",
        "a building with a clock tower and clock clergy bell btn assets incentive",
        "a building with a clock tower and clock gardeners clergy sports assets helmet",
        "a building with a clock tower and clock attributes merch column gouache photography",
        "a building with a clock tower and clock balls mats horoscope brits breach",
        "a building with a clock tower and clock collapiper cedric monastery gofundme",
        "a building with a clock tower and clock bell ], acct artist granddaughter",
        "a building with a clock tower and clock \ud83c\udf08 italian val aws ard",
        "a building with a clock tower and clock gofundme tg spieth synod arch"
    ],
    "blip_scores": [
        [
            0,
            0,
            0,
            0,
            0
        ],
        [
            0,
            0,
            0,
            0,
            0
        ],
        [
            0,
            0,
            0,
            0,
            0
        ],
        [
            0,
            0,
            0,
            0,
            0
        ],
        [
            0,
            0,
            0,
            0,
            0
        ],
        [
            0,
            0,
            0,
            0,
            0
        ],
        [
            0,
            0,
            0,
            0,
            0
        ],
        [
            0,
            0,
            0,
            0,
            0
        ],
        [
            0,
            0,
            0,
            0,
            0
        ],
        [
            0,
            0,
            0,
            0,
            0
        ]
    ]
}