{
    "input_text": "a bunch of kids walking through some grass",
    "target_text": "a group of kids walking through some grass",
    "num_tokens": 5,
    "adv_prompts": [
        "a bunch of kids walking through some grass group variv / irs",
        "a bunch of kids walking through some grass low imcltatable",
        "a bunch of kids walking through some grass dra f except restricangles",
        "a bunch of kids walking through some grass partly imconcernvis",
        "a bunch of kids walking through some grass isoenviruaterary",
        "a bunch of kids walking through some grass \u00a9 betts reserlhs px",
        "a bunch of kids walking through some grass envirorchcenseted",
        "a bunch of kids walking through some grass which look keenitself infectious",
        "a bunch of kids walking through some grass widely \u0432l hocompetes",
        "a bunch of kids walking through some grass ands th ; juvenile group"
    ],
    "blip_scores": [
        [
            0,
            0,
            0,
            0,
            0
        ],
        [
            0,
            0,
            0,
            0,
            0
        ],
        [
            0,
            0,
            0,
            0,
            0
        ],
        [
            0,
            0,
            0,
            0,
            0
        ],
        [
            0,
            0,
            0,
            0,
            0
        ],
        [
            0,
            0,
            0,
            0,
            1
        ],
        [
            0,
            0,
            0,
            0,
            0
        ],
        [
            0,
            0,
            0,
            0,
            0
        ],
        [
            0,
            0,
            0,
            1,
            0
        ],
        [
            0,
            0,
            0,
            0,
            0
        ]
    ]
}