{
    "input_text": "A bird that is flying in the sky.",
    "target_text": "A airplane that is flying in the sky.",
    "num_tokens": 5,
    "adv_prompts": [
        "a bird that is flying in the sky. steamwebsite airplane depicting planes",
        "a bird that is flying in the sky. jumbo jet profitable airplane rendered",
        "a bird that is flying in the sky. large steele plane airplane presenting",
        "a bird that is flying in the sky. airplane containing isolated airplane profitable",
        "a bird that is flying in the sky. deported airplane airplane displaying transparent",
        "a bird that is flying in the sky. congressional readiness passenger airplane plane",
        "a bird that is flying in the sky. exhausted airplane gigantic private plane",
        "a bird that is flying in the sky. airplanes private jet touching airplane",
        "a bird that is flying in the sky. depicting airplane cheapest retired airplane",
        "a bird that is flying in the sky. airplane budgeded airplane depicting"
    ],
    "blip_scores": [
        [
            1,
            1,
            1,
            1,
            0
        ],
        [
            1,
            1,
            1,
            1,
            1
        ],
        [
            1,
            1,
            1,
            1,
            1
        ],
        [
            1,
            1,
            1,
            1,
            1
        ],
        [
            1,
            1,
            1,
            1,
            1
        ],
        [
            1,
            1,
            1,
            1,
            1
        ],
        [
            1,
            1,
            1,
            1,
            0
        ],
        [
            1,
            1,
            1,
            0,
            1
        ],
        [
            1,
            1,
            1,
            1,
            1
        ],
        [
            1,
            1,
            1,
            1,
            1
        ]
    ]
}