{
    "input_text": "A performer attending to an injured brown horse.",
    "target_text": "A veterinarian attending to an injured brown horse.",
    "num_tokens": 5,
    "adv_prompts": [
        "a performer attending to an injured brown horse. veterinscopic mature matologist uae",
        "a performer attending to an injured brown horse. vet puppies observing vita procedure",
        "a performer attending to an injured brown horse. lovely veterinomer alist specimen",
        "a performer attending to an injured brown horse. veterinalist ner specimen pen",
        "a performer attending to an injured brown horse. juvenile veterinalist template logist",
        "a performer attending to an injured brown horse. attractive veterinnist filling ivf",
        "a performer attending to an injured brown horse. generously closeup ivf veterinlogist",
        "a performer attending to an injured brown horse. pediatric scientific vet doing schooling",
        "a performer attending to an injured brown horse. webinars cso ju \u00ae specimens",
        "a performer attending to an injured brown horse. veterinlogist happily ization expertise"
    ],
    "blip_scores": [
        [
            0,
            0,
            0,
            0,
            0
        ],
        [
            0,
            0,
            0,
            1,
            0
        ],
        [
            0,
            0,
            0,
            0,
            0
        ],
        [
            0,
            0,
            1,
            0,
            0
        ],
        [
            0,
            0,
            0,
            0,
            0
        ],
        [
            0,
            0,
            0,
            0,
            0
        ],
        [
            0,
            0,
            0,
            0,
            0
        ],
        [
            0,
            0,
            0,
            0,
            0
        ],
        [
            0,
            0,
            0,
            0,
            0
        ],
        [
            0,
            0,
            0,
            0,
            0
        ]
    ]
}