{
    "input_text": "A couple of cows on a grassy field.",
    "target_text": "A couple of cows on a grassy pasture.",
    "num_tokens": 5,
    "adv_prompts": [
        "a couple of cows on a grassy field. pastures kitchen set,- european",
        "a couple of cows on a grassy field. pasture vale spoiled pasture design",
        "a couple of cows on a grassy field. panampasture washer plot barre",
        "a couple of cows on a grassy field. pasture hem monastery apartment []",
        "a couple of cows on a grassy field. passed pasture ading derived plot",
        "a couple of cows on a grassy field. pasture barre yearling bed photograph",
        "a couple of cows on a grassy field. pasture range lier mane plot",
        "a couple of cows on a grassy field. pastures distributors studio sod firmware",
        "a couple of cows on a grassy field. stic igne lagoon pasture apartment",
        "a couple of cows on a grassy field. seamless bail cairngorjett sok"
    ],
    "blip_scores": [
        [
            0,
            0,
            0,
            0,
            0
        ],
        [
            0,
            0,
            0,
            0,
            0
        ],
        [
            0,
            0,
            0,
            0,
            0
        ],
        [
            0,
            0,
            0,
            0,
            0
        ],
        [
            0,
            0,
            0,
            0,
            0
        ],
        [
            0,
            0,
            0,
            0,
            0
        ],
        [
            0,
            0,
            0,
            0,
            0
        ],
        [
            0,
            0,
            0,
            0,
            0
        ],
        [
            0,
            0,
            0,
            0,
            0
        ],
        [
            0,
            0,
            0,
            0,
            0
        ]
    ]
}