{
    "input_text": "a sheep in a field near a fence ",
    "target_text": "a dog in a field near a fence ",
    "num_tokens": 5,
    "adv_prompts": [
        "a sheep in a field near a fence bloodhpuppy overlay doggie santiago",
        "a sheep in a field near a fence mexican dog twists casserole're",
        "a sheep in a field near a fence noodles elabormexican dog \u0131",
        "a sheep in a field near a fence nap yamaha dog doug terrier",
        "a sheep in a field near a fence bloodhhuskies taco puppy guangzhou",
        "a sheep in a field near a fence presents crawfish malbec dog islamabad",
        "a sheep in a field near a fence paella dog griffinoverlooking burrito",
        "a sheep in a field near a fence doggie crawfish tetris pup nacho",
        "a sheep in a field near a fence : dog infographics checkdog",
        "a sheep in a field near a fence dog meditunderwater puppy operating"
    ],
    "blip_scores": [
        [
            1,
            1,
            0,
            0,
            -1
        ],
        [
            0,
            0,
            1,
            0,
            1
        ],
        [
            0,
            -1,
            -1,
            0,
            -1
        ],
        [
            -1,
            -1,
            -1,
            -1,
            -1
        ],
        [
            1,
            1,
            1,
            1,
            1
        ],
        [
            0,
            0,
            0,
            0,
            1
        ],
        [
            1,
            -1,
            0,
            1,
            -1
        ],
        [
            -1,
            -1,
            0,
            -1,
            -1
        ],
        [
            -1,
            0,
            -1,
            -1,
            1
        ],
        [
            1,
            1,
            -1,
            -1,
            -1
        ]
    ]
}