{
    "input_text": "A freeway emptied without any cars or humans. ",
    "target_text": "A desert emptied without any cars or humans. ",
    "num_tokens": 5,
    "adv_prompts": [
        "a freeway emptied without any cars or humans. desert spires indulgence atrium customer",
        "a freeway emptied without any cars or humans. mars decathpens courtyard sahara",
        "a freeway emptied without any cars or humans. heirloom himalayas holder fruity cake",
        "a freeway emptied without any cars or humans. himalayas trident presbyterian zenith dessert",
        "a freeway emptied without any cars or humans. hgtv custom reebok deserdunes",
        "a freeway emptied without any cars or humans. mars crocs gift nike doria",
        "a freeway emptied without any cars or humans. serene kani desert unveils maverick",
        "a freeway emptied without any cars or humans. naga resorts mountaineer cake desert",
        "a freeway emptied without any cars or humans. marvelous desert courtyard cthulhu carousel",
        "a freeway emptied without any cars or humans. revolution boutique cheesecake malaysia quinoa"
    ],
    "blip_scores": [
        [
            0,
            0,
            0,
            0,
            0
        ],
        [
            0,
            0,
            0,
            0,
            0
        ],
        [
            0,
            0,
            0,
            0,
            0
        ],
        [
            0,
            0,
            0,
            0,
            0
        ],
        [
            0,
            0,
            0,
            0,
            0
        ],
        [
            0,
            0,
            0,
            0,
            0
        ],
        [
            0,
            0,
            0,
            0,
            -1
        ],
        [
            0,
            0,
            0,
            0,
            0
        ],
        [
            0,
            0,
            0,
            0,
            0
        ],
        [
            0,
            0,
            0,
            0,
            0
        ]
    ]
}