{
    "input_text": "A plaza with several signs and a cityscape.  ",
    "target_text": "A bridge with several signs and a cityscape.  ",
    "num_tokens": 5,
    "adv_prompts": [
        "a plaza with several signs and a cityscape. reopens professional iranian classiccars bridge",
        "a plaza with several signs and a cityscape. bridges cellar \u00ae mcs ':",
        "a plaza with several signs and a cityscape. bridges publishes checkpoint professionalism bridge",
        "a plaza with several signs and a cityscape. lifespan patriotic bridges instructions reviews",
        "a plaza with several signs and a cityscape. montenegro bridges intake leaks professionalism",
        "a plaza with several signs and a cityscape. instagramgastronomy bridges paperback tunic",
        "a plaza with several signs and a cityscape. bridges acup plc cufflinks specs",
        "a plaza with several signs and a cityscape. bridges procedures bridges brewing hoodie",
        "a plaza with several signs and a cityscape. bridges bridge \u00ae doria come",
        "a plaza with several signs and a cityscape. bridges bridge tarot espresso acup"
    ],
    "blip_scores": [
        [
            0,
            0,
            0,
            0,
            0
        ],
        [
            0,
            0,
            0,
            1,
            1
        ],
        [
            0,
            1,
            1,
            0,
            0
        ],
        [
            0,
            0,
            0,
            0,
            0
        ],
        [
            0,
            0,
            1,
            0,
            0
        ],
        [
            0,
            0,
            0,
            0,
            1
        ],
        [
            0,
            0,
            0,
            0,
            0
        ],
        [
            0,
            1,
            1,
            1,
            0
        ],
        [
            0,
            1,
            0,
            0,
            0
        ],
        [
            0,
            0,
            0,
            0,
            0
        ]
    ]
}