{
    "input_text": "A large building with people gathered in front.",
    "target_text": "A large crowd with people gathered in front.",
    "num_tokens": 5,
    "adv_prompts": [
        "a large building with people gathered in front. riot...... crowded alexandre crowds",
        "a large building with people gathered in front. crowded demonstrators locals speaker grayson",
        "a large building with people gathered in front. crowd bouquet shredcrowds colbert",
        "a large building with people gathered in front. flock audience crusade dulwich walkout",
        "a large building with people gathered in front. masses gather mature corey demanding",
        "a large building with people gathered in front. dato passion crowd currie packed",
        "a large building with people gathered in front. rihanna crowd hardcover cotswolds masses",
        "a large building with people gathered in front. beats earrings update rizal unisex",
        "a large building with people gathered in front. crowd crowded classmates uprising brandon",
        "a large building with people gathered in front. crowds downstairs clutch's aldo"
    ],
    "blip_scores": [
        [
            1,
            1,
            1,
            1,
            1
        ],
        [
            1,
            1,
            1,
            1,
            1
        ],
        [
            1,
            1,
            1,
            1,
            1
        ],
        [
            1,
            1,
            1,
            1,
            1
        ],
        [
            1,
            1,
            0,
            1,
            1
        ],
        [
            1,
            0,
            0,
            1,
            0
        ],
        [
            1,
            1,
            1,
            1,
            1
        ],
        [
            1,
            0,
            1,
            1,
            1
        ],
        [
            1,
            1,
            1,
            1,
            1
        ],
        [
            0,
            1,
            0,
            0,
            0
        ]
    ]
}