{
    "input_text": "A fuzzy cat lying in an open suitcase.",
    "target_text": "A fuzzy kitten lying in an open suitcase.",
    "num_tokens": 5,
    "adv_prompts": [
        "a fuzzy cat lying in an open suitcase. newborn leness puppies hd butterflies",
        "a fuzzy cat lying in an open suitcase. serendipity palmer beginners kitten pups",
        "a fuzzy cat lying in an open suitcase. kittens's juvencancun puppies",
        "a fuzzy cat lying in an open suitcase. rhodes kitten puppies enthusiast bbs",
        "a fuzzy cat lying in an open suitcase. newborn 9 puppies inlove addicted",
        "a fuzzy cat lying in an open suitcase. sauvignon newborn bisexual puppies thx",
        "a fuzzy cat lying in an open suitcase. newborn kittens fascinated onday hd",
        "a fuzzy cat lying in an open suitcase. beginners kitten chicks \"\"\" inlove",
        "a fuzzy cat lying in an open suitcase. puppies bengal nostalgic kitten amtrak",
        "a fuzzy cat lying in an open suitcase. bama beginners kitten pups sauvignon"
    ],
    "blip_scores": [
        [
            1,
            1,
            0,
            0,
            0
        ],
        [
            0,
            0,
            0,
            0,
            0
        ],
        [
            0,
            0,
            0,
            0,
            0
        ],
        [
            0,
            0,
            0,
            0,
            1
        ],
        [
            0,
            0,
            1,
            0,
            0
        ],
        [
            0,
            1,
            0,
            0,
            0
        ],
        [
            0,
            0,
            0,
            0,
            0
        ],
        [
            0,
            0,
            0,
            0,
            0
        ],
        [
            0,
            0,
            0,
            0,
            0
        ],
        [
            0,
            0,
            0,
            0,
            0
        ]
    ]
}