{
    "input_text": "A man on the moon.",
    "target_text": "An alien on the moon.",
    "num_tokens": 5,
    "adv_prompts": [
        "a man on the moon. grassy alien ufo hovering",
        "a man on the moon. alien vessel biomespider ).",
        "a man on the moon. alien cthulhu hovering formerly correctional",
        "a man on the moon. alien spacecraft found on mombasa",
        "a man on the moon. selfie sized alien underneath mound",
        "a man on the moon. alien clawalien vessel found",
        "a man on the moon. ugliest vessel alien grabbing covered",
        "a man on the moon. found swiss senator phyllis alien",
        "a man on the moon. % ] alien gymnastics alien",
        "a man on the moon. generic ) alien airplane photo"
    ],
    "blip_scores": [
        [
            0,
            0,
            0,
            0,
            0
        ],
        [
            0,
            0,
            0,
            0,
            1
        ],
        [
            0,
            0,
            0,
            0,
            0
        ],
        [
            0,
            0,
            0,
            1,
            -1
        ],
        [
            0,
            0,
            0,
            0,
            0
        ],
        [
            0,
            1,
            0,
            0,
            1
        ],
        [
            0,
            -1,
            0,
            0,
            -1
        ],
        [
            0,
            0,
            0,
            0,
            0
        ],
        [
            -1,
            1,
            -1,
            0,
            -1
        ],
        [
            0,
            0,
            0,
            0,
            -1
        ]
    ],
    "gense_cos_sim": 0.8138718008995056,
    "clip_cos_sim": 0.8277004957199097
}