{
    "input_text": "A red panda in a forest.",
    "target_text": "A red car in a forest.",
    "num_tokens": 5,
    "adv_prompts": [
        "a red panda in a forest. cars bridesmaids tying classiccars deere",
        "a red panda in a forest. sportscar courtroom locomotive featuring mopar",
        "a red panda in a forest. unsc speakeflyer cars topps",
        "a red panda in a forest. sprinkler bugatti willy bridesmaids car",
        "a red panda in a forest. cars wrapped porsche vampire casablanca",
        "a red panda in a forest. red sportscar linkin spn train",
        "a red panda in a forest. cashback ambulance sportscar \u300d restoration",
        "a red panda in a forest. cars saturjukebox keychain discography",
        "a red panda in a forest. sportscar derelwsop car saab",
        "a red panda in a forest. sportscar policebugatti lakers redesign"
    ],
    "blip_scores": [
        [
            0,
            1,
            1,
            1,
            1
        ],
        [
            0,
            1,
            1,
            1,
            0
        ],
        [
            0,
            1,
            1,
            0,
            1
        ],
        [
            1,
            1,
            1,
            1,
            0
        ],
        [
            0,
            0,
            1,
            1,
            1
        ],
        [
            1,
            1,
            1,
            1,
            1
        ],
        [
            1,
            0,
            1,
            1,
            1
        ],
        [
            1,
            0,
            -1,
            1,
            1
        ],
        [
            1,
            1,
            1,
            1,
            1
        ],
        [
            1,
            1,
            0,
            1,
            1
        ]
    ],
    "gense_cos_sim": 0.5926135778427124,
    "clip_cos_sim": 0.6412234902381897
}