{
    "input_text": "a bear that is sitting on a table",
    "target_text": "a painting that is sitting on a table",
    "num_tokens": 5,
    "adv_prompts": [
        "a bear that is sitting on a table paintings autographed cassette wrestlemania beckett",
        "a bear that is sitting on a table painting wishlist setlist flooring baroness",
        "a bear that is sitting on a table painting duchess carlyle cashmere throw",
        "a bear that is sitting on a table paintings merch together brigitte wrestlemania",
        "a bear that is sitting on a table painting wrestlemania auction enlisted smartwatch",
        "a bear that is sitting on a table jessie wrestlemania painting cosplaying phyllis",
        "a bear that is sitting on a table setlist autographed sarajevo delectable baroness",
        "a bear that is sitting on a table paintings swatch cert anastasia eyeshadow",
        "a bear that is sitting on a table oilpainting spying masterpiece console duchess",
        "a bear that is sitting on a table painting obsessed duchess roblox siegel"
    ],
    "blip_scores": [
        [
            0,
            0,
            1,
            0,
            0
        ],
        [
            0,
            1,
            0,
            0,
            1
        ],
        [
            0,
            0,
            0,
            0,
            -1
        ],
        [
            0,
            0,
            0,
            0,
            0
        ],
        [
            0,
            0,
            0,
            0,
            0
        ],
        [
            0,
            0,
            0,
            0,
            0
        ],
        [
            0,
            0,
            0,
            0,
            0
        ],
        [
            0,
            0,
            0,
            0,
            0
        ],
        [
            -1,
            0,
            0,
            0,
            0
        ],
        [
            0,
            -1,
            0,
            -1,
            0
        ]
    ]
}