{
    "input_text": "A stop sign outside of a brick building.",
    "target_text": "A neon sign outside of a brick building.",
    "num_tokens": 5,
    "adv_prompts": [
        "a stop sign outside of a brick building. estonian neon facade medusa sadie",
        "a stop sign outside of a brick building. neon chihuvada thundermatisse",
        "a stop sign outside of a brick building. marathi calculations estonian neon painting",
        "a stop sign outside of a brick building. neon alcohol sculpture sadie wexford",
        "a stop sign outside of a brick building. marg connor \ud83d\udc8e birding zayed",
        "a stop sign outside of a brick building. olde neon \ud83d\udd25 acquired softly",
        "a stop sign outside of a brick building. classiccars neon ouse paintings beatport",
        "a stop sign outside of a brick building. delish southport.......... padre neon",
        "a stop sign outside of a brick building. wwe neon wallpapers gearresults",
        "a stop sign outside of a brick building. strava scrolls clearwater padre deliciously"
    ],
    "blip_scores": [
        [
            0,
            0,
            0,
            1,
            0
        ],
        [
            1,
            1,
            -1,
            0,
            0
        ],
        [
            0,
            1,
            1,
            1,
            0
        ],
        [
            1,
            0,
            0,
            1,
            1
        ],
        [
            0,
            0,
            -1,
            -1,
            0
        ],
        [
            0,
            0,
            1,
            -1,
            0
        ],
        [
            0,
            0,
            0,
            0,
            0
        ],
        [
            0,
            0,
            -1,
            -1,
            1
        ],
        [
            1,
            0,
            0,
            1,
            0
        ],
        [
            -1,
            0,
            -1,
            0,
            0
        ]
    ]
}