{
    "input_text": "A roaring lion in the savannah.",
    "target_text": "A sleeping lion in the savannah.",
    "num_tokens": 5,
    "adv_prompts": [
        "a roaring lion in the savannah. diane nicosleeping sleeping martial",
        "a roaring lion in the savannah. frozenamaya sleeping bwpuppies",
        "a roaring lion in the savannah. pia joni sleeping \", puppies",
        "a roaring lion in the savannah. puppies tish sleeping \u2665 sleeping",
        "a roaring lion in the savannah. ': cute sleeping puppy",
        "a roaring lion in the savannah. pups ~ phyllis sleeping sleeping",
        "a roaring lion in the savannah. sleeping taine puppies \u2764 dummies",
        "a roaring lion in the savannah. pia sleeping fatty bwpuppies",
        "a roaring lion in the savannah. sleeping gina sleeping cumbpuppies",
        "a roaring lion in the savannah. cutie sleeping roeguipuppies"
    ],
    "blip_scores": [
        [
            1,
            0,
            1,
            1,
            0
        ],
        [
            1,
            1,
            1,
            1,
            0
        ],
        [
            1,
            1,
            0,
            1,
            0
        ],
        [
            0,
            1,
            0,
            1,
            0
        ],
        [
            1,
            1,
            0,
            0,
            0
        ],
        [
            0,
            0,
            0,
            0,
            0
        ],
        [
            0,
            0,
            0,
            0,
            0
        ],
        [
            1,
            0,
            0,
            1,
            1
        ],
        [
            0,
            0,
            0,
            0,
            0
        ],
        [
            0,
            0,
            0,
            1,
            1
        ]
    ],
    "gense_cos_sim": 0.7894532084465027,
    "clip_cos_sim": 0.8333003520965576
}