{
    "input_text": "A gross dirty mess in a unmaintained bathroom. ",
    "target_text": "A gross dirty toilet in a unmaintained bathroom. ",
    "num_tokens": 5,
    "adv_prompts": [
        "a gross dirty mess in a unmaintained bathroom. wikipedia devos disappeared bugatti clarinet",
        "a gross dirty mess in a unmaintained bathroom. matte masonry toilet toilet depicted",
        "a gross dirty mess in a unmaintained bathroom. tito toilet promising membrane boiler",
        "a gross dirty mess in a unmaintained bathroom. mated crested toilet reliable sprung",
        "a gross dirty mess in a unmaintained bathroom. membrane toilet fascinated shining looking",
        "a gross dirty mess in a unmaintained bathroom. mesmerizing budgeting schel toilet adorable",
        "a gross dirty mess in a unmaintained bathroom. wakefield ariana glazed sprung toilet",
        "a gross dirty mess in a unmaintained bathroom. foldable saxophone coupling wang somme",
        "a gross dirty mess in a unmaintained bathroom. refurbished newmarket toilet favorable with",
        "a gross dirty mess in a unmaintained bathroom. toilet depicted dynamlima fascinating"
    ],
    "blip_scores": [
        [
            0,
            0,
            0,
            0,
            0
        ],
        [
            -1,
            0,
            0,
            0,
            0
        ],
        [
            0,
            0,
            0,
            1,
            0
        ],
        [
            1,
            0,
            0,
            0,
            0
        ],
        [
            0,
            1,
            0,
            0,
            0
        ],
        [
            0,
            0,
            0,
            0,
            0
        ],
        [
            0,
            0,
            0,
            0,
            0
        ],
        [
            0,
            0,
            0,
            -1,
            0
        ],
        [
            0,
            0,
            0,
            0,
            0
        ],
        [
            0,
            0,
            0,
            0,
            0
        ]
    ]
}