{
    "input_text": "A squirrel riding it's skateboard on a ramp.",
    "target_text": "A teenager riding it's skateboard on a ramp.",
    "num_tokens": 5,
    "adv_prompts": [
        "a squirrel riding it's skateboard on a ramp. teen finishing kraken uk nathan",
        "a squirrel riding it's skateboard on a ramp. teenager nathan plating isable upper",
        "a squirrel riding it's skateboard on a ramp. clinics rails cornwall maddy holland",
        "a squirrel riding it's skateboard on a ramp. bgs youths cornwall liam throwing",
        "a squirrel riding it's skateboard on a ramp. bsd grind combination showkayla",
        "a squirrel riding it's skateboard on a ramp. sawyer smith cushions dp completing",
        "a squirrel riding it's skateboard on a ramp. rye anner regan finishing babylon",
        "a squirrel riding it's skateboard on a ramp. daan dropping dendblaster swindon",
        "a squirrel riding it's skateboard on a ramp. invitational rails texans bgs maddy",
        "a squirrel riding it's skateboard on a ramp. gate bsd contender prediction jae"
    ],
    "blip_scores": [
        [
            1,
            1,
            1,
            1,
            1
        ],
        [
            1,
            1,
            1,
            1,
            1
        ],
        [
            1,
            1,
            1,
            1,
            1
        ],
        [
            1,
            -1,
            1,
            1,
            1
        ],
        [
            1,
            1,
            1,
            1,
            0
        ],
        [
            1,
            1,
            1,
            1,
            1
        ],
        [
            1,
            1,
            1,
            1,
            1
        ],
        [
            1,
            1,
            1,
            1,
            1
        ],
        [
            1,
            1,
            0,
            1,
            1
        ],
        [
            1,
            1,
            0,
            1,
            1
        ]
    ]
}