{
    "input_text": "A person serving a sandwich on a spatula.",
    "target_text": "A person serving a meal on a spatula.",
    "num_tokens": 5,
    "adv_prompts": [
        "a person serving a sandwich on a spatula. tennis necklace medallion ases robyn",
        "a person serving a sandwich on a spatula. mead djokovic lanyard embroidered kick",
        "a person serving a sandwich on a spatula. wrestleembroidered weakpbr mask",
        "a person serving a sandwich on a spatula. neo sneakers torquay embroidered ankle",
        "a person serving a sandwich on a spatula. nero coins vase nox princeton",
        "a person serving a sandwich on a spatula. fayetteville eyeshadow ron neil palette",
        "a person serving a sandwich on a spatula. lark tuscaloosa sparrow earring muhammad",
        "a person serving a sandwich on a spatula. mead rashad thunderbird earring shrewsbury",
        "a person serving a sandwich on a spatula. mess \u306esetlist recordings robby",
        "a person serving a sandwich on a spatula. newcomers earrings mix spire hereford"
    ],
    "blip_scores": [
        [
            0,
            0,
            0,
            0,
            0
        ],
        [
            0,
            0,
            0,
            0,
            0
        ],
        [
            0,
            0,
            0,
            0,
            0
        ],
        [
            0,
            0,
            0,
            0,
            0
        ],
        [
            0,
            0,
            0,
            0,
            0
        ],
        [
            0,
            0,
            0,
            0,
            0
        ],
        [
            0,
            0,
            0,
            0,
            0
        ],
        [
            0,
            0,
            0,
            0,
            0
        ],
        [
            0,
            0,
            0,
            0,
            0
        ],
        [
            0,
            0,
            0,
            0,
            0
        ]
    ]
}