{
    "input_text": "A ship sailing in the ocean.",
    "target_text": "A ship sailing in the desert.",
    "num_tokens": 5,
    "adv_prompts": [
        "a ship sailing in the ocean. hani desert homkris tan",
        "a ship sailing in the ocean. on desert kiergian nunes",
        "a ship sailing in the ocean. desert ts haj kabtoby",
        "a ship sailing in the ocean. d\u00e9wa sam hil desert",
        "a ship sailing in the ocean. estate gia desert tabet",
        "a ship sailing in the ocean. desert inhaj jingzad",
        "a ship sailing in the ocean. egypt stywangfrans garden",
        "a ship sailing in the ocean. tai desert gbubert",
        "a ship sailing in the ocean. nabeovo desert campsite.",
        "a ship sailing in the ocean. tas >> kabul garten desert"
    ],
    "blip_scores": [
        [
            1,
            0,
            0,
            -1,
            0
        ],
        [
            -1,
            -1,
            -1,
            -1,
            -1
        ],
        [
            0,
            -1,
            -1,
            -1,
            0
        ],
        [
            -1,
            -1,
            -1,
            0,
            -1
        ],
        [
            -1,
            -1,
            -1,
            -1,
            -1
        ],
        [
            -1,
            0,
            -1,
            -1,
            -1
        ],
        [
            -1,
            -1,
            -1,
            0,
            -1
        ],
        [
            0,
            1,
            -1,
            0,
            1
        ],
        [
            0,
            0,
            0,
            0,
            0
        ],
        [
            0,
            0,
            0,
            0,
            0
        ]
    ],
    "gense_cos_sim": 0.7368593811988831,
    "clip_cos_sim": 0.8671145439147949
}