{
    "input_text": "A large yellow truck moving down a track.",
    "target_text": "A large yellow train moving down a track.",
    "num_tokens": 5,
    "adv_prompts": [
        "a large yellow truck moving down a track. train upgrading wii plaques amtrak",
        "a large yellow truck moving down a track. train relegated trains roblox puppets",
        "a large yellow truck moving down a track. siriusxm muskoka locomotive dress exercises",
        "a large yellow truck moving down a track. ultrasound metro alco crewe cardigan",
        "a large yellow truck moving down a track. \" amtrak alco theses tactics",
        "a large yellow truck moving down a track. | consul trains crewe jacket",
        "a large yellow truck moving down a track. \" ghan baliamtrak youts",
        "a large yellow truck moving down a track. casualties trains curator trains midland",
        "a large yellow truck moving down a track. gdpr missiles drying amtrak alco",
        "a large yellow truck moving down a track. train layout amtrak minecraft thomas"
    ],
    "blip_scores": [
        [
            1,
            1,
            1,
            1,
            1
        ],
        [
            1,
            0,
            0,
            1,
            1
        ],
        [
            1,
            1,
            1,
            1,
            1
        ],
        [
            1,
            1,
            1,
            1,
            1
        ],
        [
            1,
            1,
            1,
            1,
            1
        ],
        [
            1,
            1,
            1,
            1,
            1
        ],
        [
            1,
            1,
            1,
            1,
            1
        ],
        [
            1,
            1,
            1,
            1,
            1
        ],
        [
            1,
            1,
            1,
            1,
            1
        ],
        [
            1,
            1,
            0,
            1,
            0
        ]
    ]
}