{
    "input_text": "A brown bear lounging on a gray rock",
    "target_text": "A brown bear lounging on a gray couch",
    "num_tokens": 5,
    "adv_prompts": [
        "a brown bear lounging on a gray rock hearted couch purchases hes sissy",
        "a brown bear lounging on a gray rock gables leather couch ans couch",
        "a brown bear lounging on a gray rock moore couch couch fret equation",
        "a brown bear lounging on a gray rock marley ations couch pip contestant",
        "a brown bear lounging on a gray rock noodles couch owned sofa",
        "a brown bear lounging on a gray rock hue cushions couch serves toddler",
        "a brown bear lounging on a gray rock couch spanning armchair ppping",
        "a brown bear lounging on a gray rock color couch comme pit person",
        "a brown bear lounging on a gray rock couch and greyweight sofa",
        "a brown bear lounging on a gray rock diner couch cuddles pe toppings"
    ],
    "blip_scores": [
        [
            1,
            1,
            1,
            1,
            1
        ],
        [
            1,
            1,
            0,
            0,
            1
        ],
        [
            0,
            1,
            -1,
            1,
            1
        ],
        [
            1,
            1,
            1,
            1,
            1
        ],
        [
            1,
            1,
            1,
            1,
            1
        ],
        [
            1,
            1,
            1,
            1,
            1
        ],
        [
            1,
            1,
            1,
            1,
            1
        ],
        [
            0,
            0,
            1,
            1,
            1
        ],
        [
            1,
            1,
            1,
            0,
            1
        ],
        [
            1,
            1,
            1,
            1,
            0
        ]
    ]
}