{
    "input_text": "a baseball player batting up at home plate",
    "target_text": "a baseball bat batting up at home plate",
    "num_tokens": 5,
    "adv_prompts": [
        "a baseball player batting up at home plate otes new stakes bat screaming",
        "a baseball player batting up at home plate exploded gig bat cue griezmann",
        "a baseball player batting up at home plate explodes axe bria duke met",
        "a baseball player batting up at home plate influenced stec bat after pepperoni",
        "a baseball player batting up at home plate impressions stick ugh swamp aime",
        "a baseball player batting up at home plate stick unearthed carmen gustavo dated",
        "a baseball player batting up at home plate bat dated sent encapsulfrom",
        "a baseball player batting up at home plate winning bat wand survives sleek",
        "a baseball player batting up at home plate holds cursed burglhold bat",
        "a baseball player batting up at home plate melted evil baton rightful soles"
    ],
    "blip_scores": [
        [
            0,
            -1,
            0,
            0,
            -1
        ],
        [
            0,
            0,
            0,
            0,
            0
        ],
        [
            0,
            0,
            -1,
            -1,
            0
        ],
        [
            0,
            0,
            0,
            0,
            0
        ],
        [
            -1,
            0,
            0,
            0,
            0
        ],
        [
            0,
            0,
            0,
            0,
            -1
        ],
        [
            0,
            0,
            0,
            0,
            0
        ],
        [
            0,
            0,
            0,
            0,
            0
        ],
        [
            0,
            0,
            0,
            0,
            0
        ],
        [
            0,
            0,
            0,
            0,
            0
        ]
    ]
}