{
    "input_text": "a man moving down a hill laughing ",
    "target_text": "a snowboarding moving down a hill laughing ",
    "num_tokens": 5,
    "adv_prompts": [
        "a man moving down a hill laughing ambitious bers buying magnificent snowboarding",
        "a man moving down a hill laughing snowboarding besides magnificent snowboarding attempted",
        "a man moving down a hill laughing exploded moreland sburg these snowboarding",
        "a man moving down a hill laughing ): mcdowell sister snowboarding riding",
        "a man moving down a hill laughing?\" pomewen crashes snowboarding",
        "a man moving down a hill laughing moments snowboarding turbulresulting \u00a2",
        "a man moving down a hill laughing '? snowboarding siblings <<< niece",
        "a man moving down a hill laughing snowboarding crashes amazing phenomenon snowboarding",
        "a man moving down a hill laughing snowboarding crashes blowing amazing excitement",
        "a man moving down a hill laughing crashes snowboarding inhabitsnowboarding perspectives"
    ],
    "blip_scores": [
        [
            0,
            0,
            0,
            0,
            0
        ],
        [
            0,
            0,
            0,
            0,
            0
        ],
        [
            0,
            0,
            0,
            0,
            0
        ],
        [
            0,
            0,
            0,
            0,
            1
        ],
        [
            0,
            0,
            0,
            0,
            0
        ],
        [
            0,
            0,
            0,
            0,
            0
        ],
        [
            0,
            0,
            0,
            0,
            0
        ],
        [
            0,
            0,
            0,
            0,
            0
        ],
        [
            0,
            0,
            0,
            0,
            0
        ],
        [
            0,
            0,
            0,
            0,
            0
        ]
    ]
}