{
    "input_text": "A airplane that is flying in the sky.",
    "target_text": "A bird that is flying in the sky.",
    "num_tokens": 5,
    "adv_prompts": [
        "a airplane that is flying in the sky. turmoil filet birds tempe vinny",
        "a airplane that is flying in the sky. \u2728 rye waterford crispy brasil",
        "a airplane that is flying in the sky. rook stoppers pasadena envy caesar",
        "a airplane that is flying in the sky. moss liver chasubluebird gerald",
        "a airplane that is flying in the sky. calder theatbout mlg heron",
        "a airplane that is flying in the sky. \u00eecompound waldorf bird melt",
        "a airplane that is flying in the sky. blackbird movement \u2713 jealous lsu",
        "a airplane that is flying in the sky. polyvore criterion swamp irwin tulsa",
        "a airplane that is flying in the sky. jealousy mond rehearsal goldfish inals",
        "a airplane that is flying in the sky. ravens causeway envy gustave crepe"
    ],
    "blip_scores": [
        [
            1,
            1,
            0,
            0,
            -1
        ],
        [
            -1,
            -1,
            0,
            -1,
            -1
        ],
        [
            -1,
            0,
            -1,
            0,
            -1
        ],
        [
            1,
            0,
            1,
            0,
            0
        ],
        [
            0,
            -1,
            0,
            0,
            0
        ],
        [
            1,
            0,
            1,
            -1,
            0
        ],
        [
            -1,
            -1,
            -1,
            -1,
            0
        ],
        [
            -1,
            -1,
            0,
            0,
            -1
        ],
        [
            0,
            0,
            0,
            0,
            0
        ],
        [
            -1,
            0,
            0,
            0,
            1
        ]
    ]
}