{
    "input_text": "A doodle of a dog on a notebook.",
    "target_text": "A doodle of a light bulb on a notebook.",
    "num_tokens": 5,
    "adv_prompts": [
        "a doodle of a dog on a notebook. bulbs light bulb ideas forms",
        "a doodle of a dog on a notebook. bulb bulb iconic isolated illustrates",
        "a doodle of a dog on a notebook. depicts light bulb bulb usable",
        "a doodle of a dog on a notebook. light bulb posed repair bulb",
        "a doodle of a dog on a notebook. light bulb bulb surrounding bulb",
        "a doodle of a dog on a notebook. depicts iconic light bulb bulb",
        "a doodle of a dog on a notebook. light bulb bulb isolated replace",
        "a doodle of a dog on a notebook. electricity bulb bulb bulb urges",
        "a doodle of a dog on a notebook. ddled bulb bulb lightbulb",
        "a doodle of a dog on a notebook. bulb bulb lamp idea represent"
    ],
    "blip_scores": [
        [
            0,
            -1,
            -1,
            -1,
            0
        ],
        [
            0,
            -1,
            0,
            1,
            0
        ],
        [
            1,
            0,
            0,
            1,
            0
        ],
        [
            0,
            -1,
            0,
            0,
            1
        ],
        [
            0,
            -1,
            0,
            0,
            1
        ],
        [
            1,
            1,
            1,
            1,
            -1
        ],
        [
            1,
            -1,
            1,
            1,
            0
        ],
        [
            0,
            1,
            1,
            0,
            0
        ],
        [
            0,
            1,
            0,
            0,
            1
        ],
        [
            1,
            -1,
            0,
            0,
            1
        ]
    ],
    "gense_cos_sim": 0.6648080945014954,
    "clip_cos_sim": 0.6203956604003906
}