{
    "input_text": "A large clock tower towering over a hill.",
    "target_text": "A large clock tower towering over a city.",
    "num_tokens": 5,
    "adv_prompts": [
        "a large clock tower towering over a hill. city stadt description companion knocked",
        "a large clock tower towering over a hill. city hotspot coverage cityscape ordained",
        "a large clock tower towering over a hill. \u00ae cityscape highlighted gangnam strips",
        "a large clock tower towering over a hill. fluracked ein cityscape viewed",
        "a large clock tower towering over a hill. fluorejaejoong onesie cityscape metropolitan",
        "a large clock tower towering over a hill. cityscape hubs filled has metropolitan",
        "a large clock tower towering over a hill. evident leafy rome cityscape wards",
        "a large clock tower towering over a hill. snaps _ overlooking cityscape cities",
        "a large clock tower towering over a hill. city cityscape irene leven mcbride",
        "a large clock tower towering over a hill. over ita cityscape wards overwhelming"
    ],
    "blip_scores": [
        [
            0,
            0,
            1,
            0,
            0
        ],
        [
            0,
            0,
            0,
            0,
            0
        ],
        [
            0,
            1,
            0,
            0,
            0
        ],
        [
            0,
            0,
            0,
            0,
            0
        ],
        [
            0,
            0,
            0,
            1,
            0
        ],
        [
            0,
            1,
            0,
            1,
            0
        ],
        [
            0,
            1,
            0,
            0,
            0
        ],
        [
            0,
            0,
            0,
            0,
            1
        ],
        [
            0,
            1,
            0,
            0,
            0
        ],
        [
            1,
            0,
            0,
            0,
            0
        ]
    ]
}