{
    "input_text": "Two dogs playing with a yarn ball.",
    "target_text": "Two cats playing with a yarn ball.",
    "num_tokens": 5,
    "adv_prompts": [
        "two dogs playing with a yarn ball. \u2606 lenin szekremlin kittens",
        "two dogs playing with a yarn ball. romney mercenmasculine orientcats",
        "two dogs playing with a yarn ball. vindicsriracha tabby persian dnc",
        "two dogs playing with a yarn ball. richarcats destroying scandinavian aldo",
        "two dogs playing with a yarn ball. kombucha :) outbound feline mario",
        "two dogs playing with a yarn ball. sheldon centurikitties unpacking henrik",
        "two dogs playing with a yarn ball. sabah expat cats garfield shaped",
        "two dogs playing with a yarn ball. munchkin tabby faceted earrings kroger",
        "two dogs playing with a yarn ball. halton kittens repaired \ud83d\udd25 marc",
        "two dogs playing with a yarn ball. dnc senator kittens rockin onstage"
    ],
    "blip_scores": [
        [
            1,
            0,
            1,
            0,
            1
        ],
        [
            1,
            1,
            0,
            1,
            1
        ],
        [
            0,
            0,
            0,
            0,
            0
        ],
        [
            0,
            0,
            0,
            -1,
            0
        ],
        [
            0,
            0,
            0,
            0,
            1
        ],
        [
            0,
            1,
            0,
            0,
            0
        ],
        [
            1,
            1,
            0,
            1,
            0
        ],
        [
            0,
            0,
            0,
            0,
            0
        ],
        [
            0,
            1,
            0,
            1,
            1
        ],
        [
            0,
            0,
            0,
            1,
            1
        ]
    ],
    "gense_cos_sim": 0.7288976907730103,
    "clip_cos_sim": 0.8911799192428589
}