{
    "input_text": "A large water bird flying over the ocean",
    "target_text": "A large water balloon flying over the ocean",
    "num_tokens": 5,
    "adv_prompts": [
        "a large water bird flying over the ocean balloon squats refeballon alisa",
        "a large water bird flying over the ocean nerf balloon fifa grizzlies maxi",
        "a large water bird flying over the ocean went balloon pullover crewxbox",
        "a large water bird flying over the ocean balloon hit hat nerf eva",
        "a large water bird flying over the ocean balloon glove nerf bunny dual",
        "a large water bird flying over the ocean balloon bundle pop calculus badminton",
        "a large water bird flying over the ocean induction balloon panties primitive jennie",
        "a large water bird flying over the ocean balloon nails slime feminist cd",
        "a large water bird flying over the ocean dodgeball balloon glove uno bear",
        "a large water bird flying over the ocean balloon ballon cd medusa clutch"
    ],
    "blip_scores": [
        [
            0,
            0,
            0,
            0,
            0
        ],
        [
            0,
            0,
            0,
            0,
            0
        ],
        [
            0,
            1,
            0,
            1,
            0
        ],
        [
            0,
            0,
            0,
            0,
            0
        ],
        [
            0,
            0,
            0,
            0,
            0
        ],
        [
            0,
            0,
            0,
            0,
            0
        ],
        [
            0,
            0,
            1,
            0,
            1
        ],
        [
            0,
            0,
            0,
            0,
            0
        ],
        [
            0,
            0,
            0,
            0,
            1
        ],
        [
            0,
            0,
            0,
            0,
            0
        ]
    ]
}