{
    "input_text": "A man does a jump on a skateboard.",
    "target_text": "A man does a dance on a skateboard.",
    "num_tokens": 5,
    "adv_prompts": [
        "a man does a jump on a skateboard. dance dressed fossil vijay twerk",
        "a man does a jump on a skateboard. brass disco dances dolce german",
        "a man does a jump on a skateboard. brass dances vijaydanced salsa",
        "a man does a jump on a skateboard. line thia darth dance dances",
        "a man does a jump on a skateboard. dances lothian coldplay dance darth",
        "a man does a jump on a skateboard. coldplay chorizo dance dances bavarian",
        "a man does a jump on a skateboard. dances german acadirichie dance",
        "a man does a jump on a skateboard. yeezy dances dance navarboise",
        "a man does a jump on a skateboard. pretzel dances dancing dido coldplay",
        "a man does a jump on a skateboard. drumdolby twerk dances vijay"
    ],
    "blip_scores": [
        [
            0,
            -1,
            -1,
            -1,
            -1
        ],
        [
            -1,
            0,
            -1,
            -1,
            -1
        ],
        [
            -1,
            -1,
            -1,
            -1,
            0
        ],
        [
            -1,
            -1,
            -1,
            -1,
            -1
        ],
        [
            0,
            -1,
            -1,
            -1,
            -1
        ],
        [
            -1,
            -1,
            0,
            -1,
            0
        ],
        [
            0,
            0,
            -1,
            -1,
            0
        ],
        [
            0,
            0,
            -1,
            -1,
            0
        ],
        [
            -1,
            0,
            -1,
            -1,
            -1
        ],
        [
            -1,
            -1,
            0,
            -1,
            -1
        ]
    ]
}