{
    "input_text": "A man is holding a yellow flag outside",
    "target_text": "A man is holding a yellow frisbee outside",
    "num_tokens": 5,
    "adv_prompts": [
        "a man is holding a yellow flag outside holding beginner durfrisbee frisbee",
        "a man is holding a yellow flag outside yards tries outdoor foldable frisbee",
        "a man is holding a yellow flag outside frisbee luminous lable outdoor frisbee",
        "a man is holding a yellow flag outside frisbee ols premature frisbee pper",
        "a man is holding a yellow flag outside frisbee by catching bagged frisbee",
        "a man is holding a yellow flag outside knew moisture colouring this frisbee",
        "a man is holding a yellow flag outside rental frisbee rear engagfrisbee",
        "a man is holding a yellow flag outside umass popped these powerball frisbee",
        "a man is holding a yellow flag outside releasing chilling laminated adorable frisbee",
        "a man is holding a yellow flag outside these imported travel frisbee callie"
    ],
    "blip_scores": [
        [
            1,
            0,
            1,
            1,
            0
        ],
        [
            1,
            0,
            1,
            1,
            0
        ],
        [
            0,
            1,
            0,
            1,
            0
        ],
        [
            -1,
            1,
            1,
            0,
            0
        ],
        [
            1,
            1,
            0,
            0,
            1
        ],
        [
            1,
            1,
            1,
            1,
            0
        ],
        [
            1,
            1,
            0,
            0,
            0
        ],
        [
            0,
            -1,
            1,
            0,
            1
        ],
        [
            0,
            0,
            1,
            1,
            1
        ],
        [
            0,
            1,
            1,
            1,
            0
        ]
    ]
}