{
    "input_text": "Silhouette of man in an sand storm.",
    "target_text": "Silhouette of man in behind a curtain.",
    "num_tokens": 5,
    "adv_prompts": [
        "silhouette of man in an sand storm. faceted curtain curtains \u266a treaty",
        "silhouette of man in an sand storm. necklace disclosed curtains \u25c6 curtain",
        "silhouette of man in an sand storm. cave multipurpose curtains faceted taro",
        "silhouette of man in an sand storm. curtain vatchment miho earrings",
        "silhouette of man in an sand storm. bedford \u300d mannequin sunglasses curtains",
        "silhouette of man in an sand storm. curtain necklace curtain | miho",
        "silhouette of man in an sand storm. cranberry manicure grade curtain curtains",
        "silhouette of man in an sand storm. lined curtains malbec bromley stripping",
        "silhouette of man in an sand storm. curtain blackout yarn stripe indoor",
        "silhouette of man in an sand storm. curtain installed bridgeport guacamole curtain"
    ],
    "blip_scores": [
        [
            0,
            0,
            0,
            0,
            0
        ],
        [
            0,
            0,
            0,
            0,
            0
        ],
        [
            0,
            0,
            0,
            0,
            0
        ],
        [
            0,
            1,
            1,
            0,
            0
        ],
        [
            0,
            0,
            0,
            0,
            0
        ],
        [
            1,
            0,
            0,
            0,
            0
        ],
        [
            0,
            0,
            0,
            0,
            0
        ],
        [
            0,
            0,
            0,
            0,
            0
        ],
        [
            0,
            0,
            0,
            0,
            0
        ],
        [
            0,
            0,
            0,
            0,
            0
        ]
    ],
    "gense_cos_sim": 0.547092854976654,
    "clip_cos_sim": 0.7244787812232971
}