{
    "input_text": "A group of people gather around a plane.",
    "target_text": "A group of people gather around a table.",
    "num_tokens": 5,
    "adv_prompts": [
        "a group of people gather around a plane. table version sanderson table yoke",
        "a group of people gather around a plane. table desk oshi diagbastille",
        "a group of people gather around a plane. discs evo sutherland mimi table",
        "a group of people gather around a plane. basque sable prone table tabletop",
        "a group of people gather around a plane. craftsmanship alexis basque parfait table",
        "a group of people gather around a plane. epic contemporary steamboat table francois",
        "a group of people gather around a plane. ivanka table table cues tutorial",
        "a group of people gather around a plane. tabletop table chun m\u00e9flexible",
        "a group of people gather around a plane. table sions desk myers revision",
        "a group of people gather around a plane. interval tabletop patti lining graces"
    ],
    "blip_scores": [
        [
            1,
            0,
            1,
            1,
            1
        ],
        [
            1,
            0,
            1,
            1,
            1
        ],
        [
            1,
            1,
            1,
            1,
            1
        ],
        [
            1,
            1,
            0,
            1,
            1
        ],
        [
            0,
            0,
            0,
            1,
            0
        ],
        [
            1,
            1,
            0,
            1,
            1
        ],
        [
            1,
            0,
            1,
            1,
            1
        ],
        [
            0,
            1,
            1,
            1,
            1
        ],
        [
            0,
            0,
            0,
            1,
            0
        ],
        [
            0,
            0,
            0,
            0,
            1
        ]
    ]
}