{
    "input_text": "A empty bench on a snow covered beach.",
    "target_text": "A empty suitcase on a snow covered beach.",
    "num_tokens": 5,
    "adv_prompts": [
        "a empty bench on a snow covered beach. diy dj suitcase suitcase card",
        "a empty bench on a snow covered beach. yixing suitcase cutest suitcase manicure",
        "a empty bench on a snow covered beach. telugu steamboat necklace )- suitcase",
        "a empty bench on a snow covered beach. cts turntable carat whiskey suitcase",
        "a empty bench on a snow covered beach. saugraduation pgcollectible suitcase",
        "a empty bench on a snow covered beach. suitcase multitshapes starter tattoo",
        "a empty bench on a snow covered beach. bulgarmusic suitcase diaper toy",
        "a empty bench on a snow covered beach. meerracing suitcase cassette earrings",
        "a empty bench on a snow covered beach. cot suitcase tattoo usssuitcase",
        "a empty bench on a snow covered beach. oem dapper suitcase flask mustang"
    ],
    "blip_scores": [
        [
            0,
            0,
            1,
            0,
            0
        ],
        [
            1,
            0,
            0,
            0,
            0
        ],
        [
            0,
            0,
            0,
            0,
            0
        ],
        [
            0,
            0,
            0,
            0,
            0
        ],
        [
            -1,
            -1,
            -1,
            0,
            1
        ],
        [
            0,
            0,
            1,
            0,
            0
        ],
        [
            0,
            1,
            0,
            0,
            -1
        ],
        [
            0,
            0,
            0,
            0,
            0
        ],
        [
            -1,
            -1,
            0,
            0,
            1
        ],
        [
            0,
            0,
            0,
            -1,
            0
        ]
    ]
}