{
    "input_text": "A large  clock mounted on a tower ",
    "target_text": "A large antenna mounted on a tower ",
    "num_tokens": 5,
    "adv_prompts": [
        "a large clock mounted on a tower midterms foreground antenna besides campsite",
        "a large clock mounted on a tower '; antenna foreground benefitting campsite",
        "a large clock mounted on a tower amongst this guerrero antenna towers",
        "a large clock mounted on a tower drying amongst '; wagner antenna",
        "a large clock mounted on a tower threatens missiles alongside surveillance transmitter",
        "a large clock mounted on a tower antenna rooting '; makers eachother",
        "a large clock mounted on a tower cellphone antenna amongst \" antenna",
        "a large clock mounted on a tower diagnose rosetta observed mast com",
        "a large clock mounted on a tower '; antenna foreground ry overlooking",
        "a large clock mounted on a tower rightforeground telecommunications antenna myanmar"
    ],
    "blip_scores": [
        [
            0,
            0,
            0,
            0,
            0
        ],
        [
            0,
            0,
            0,
            -1,
            0
        ],
        [
            0,
            1,
            1,
            1,
            -1
        ],
        [
            -1,
            -1,
            -1,
            -1,
            0
        ],
        [
            -1,
            -1,
            -1,
            -1,
            -1
        ],
        [
            -1,
            -1,
            -1,
            -1,
            -1
        ],
        [
            0,
            -1,
            -1,
            -1,
            -1
        ],
        [
            -1,
            -1,
            -1,
            0,
            0
        ],
        [
            0,
            -1,
            -1,
            -1,
            -1
        ],
        [
            1,
            0,
            0,
            -1,
            -1
        ]
    ]
}