{
    "input_text": "A man holding a pumpkin shaped pizza pie.",
    "target_text": "A man holding a square shaped pizza pie.",
    "num_tokens": 5,
    "adv_prompts": [
        "a man holding a pumpkin shaped pizza pie. snorkeling linus holding gopher scrabble",
        "a man holding a pumpkin shaped pizza pie. square vocabulary stickers \u00f3souvenir",
        "a man holding a pumpkin shaped pizza pie. cube leading upstream rajasthan toddlers",
        "a man holding a pumpkin shaped pizza pie. aquarium donny poached oppo squares",
        "a man holding a pumpkin shaped pizza pie. pebbles square bangle nmd auditor",
        "a man holding a pumpkin shaped pizza pie. funko bernadebrazilian aam cube",
        "a man holding a pumpkin shaped pizza pie. wwdc squares yarn academyrubber",
        "a man holding a pumpkin shaped pizza pie. mably wanderlust squares taprostickers",
        "a man holding a pumpkin shaped pizza pie. orchrenew squaresweatshirt amphibious",
        "a man holding a pumpkin shaped pizza pie. aquarium gabby edm cubic funko"
    ],
    "blip_scores": [
        [
            0,
            0,
            0,
            0,
            0
        ],
        [
            0,
            0,
            0,
            0,
            0
        ],
        [
            0,
            0,
            0,
            0,
            0
        ],
        [
            0,
            0,
            1,
            0,
            -1
        ],
        [
            0,
            0,
            0,
            0,
            0
        ],
        [
            0,
            0,
            0,
            0,
            0
        ],
        [
            0,
            0,
            0,
            0,
            0
        ],
        [
            1,
            0,
            0,
            0,
            0
        ],
        [
            1,
            0,
            1,
            0,
            0
        ],
        [
            0,
            0,
            0,
            0,
            0
        ]
    ]
}