{
    "input_text": "A man does a dance on a skateboard.",
    "target_text": "A man does a jump on a skateboard.",
    "num_tokens": 5,
    "adv_prompts": [
        "a man does a dance on a skateboard. \" atv ridge grabbed jump",
        "a man does a dance on a skateboard. roblox rh jailbreak items tote",
        "a man does a dance on a skateboard. ': heartbreaking lup jump pads",
        "a man does a dance on a skateboard. carrington jumping amidst airborne receiver",
        "a man does a dance on a skateboard. bronte jumping airborne td denies",
        "a man does a dance on a skateboard. jumping gully leap pcr mastered",
        "a man does a dance on a skateboard. motocross trials jumper leap ths",
        "a man does a dance on a skateboard. cmu cte jump climbed rip",
        "a man does a dance on a skateboard. stockthard seats matthews jump",
        "a man does a dance on a skateboard. jumping maneucushions beds prius"
    ],
    "blip_scores": [
        [
            1,
            1,
            1,
            1,
            1
        ],
        [
            0,
            1,
            1,
            0,
            1
        ],
        [
            1,
            1,
            1,
            1,
            1
        ],
        [
            1,
            1,
            1,
            1,
            1
        ],
        [
            0,
            1,
            1,
            1,
            1
        ],
        [
            1,
            1,
            1,
            1,
            1
        ],
        [
            0,
            1,
            0,
            0,
            0
        ],
        [
            1,
            1,
            1,
            1,
            1
        ],
        [
            1,
            1,
            1,
            1,
            1
        ],
        [
            1,
            1,
            1,
            1,
            1
        ]
    ]
}