{
    "input_text": "a person in a bikini with a frisbee ",
    "target_text": "a person in a field with a frisbee ",
    "num_tokens": 5,
    "adv_prompts": [
        "a person in a bikini with a frisbee terrifying grasses field field secured",
        "a person in a bikini with a frisbee airfield rages disappeared field wired",
        "a person in a bikini with a frisbee attacked field reminded impossible coldplay",
        "a person in a bikini with a frisbee incredible meadow coldplay background field",
        "a person in a bikini with a frisbee meadow behind coldplay pasture mented",
        "a person in a bikini with a frisbee incredible background meadow cuba glowing",
        "a person in a bikini with a frisbee iting beautiful field considering newmarket",
        "a person in a bikini with a frisbee etc flew transformed field grassy",
        "a person in a bikini with a frisbee wb survives fields angry colorful",
        "a person in a bikini with a frisbee inthecreepy field nourished dramatically"
    ],
    "blip_scores": [
        [
            0,
            0,
            0,
            0,
            0
        ],
        [
            0,
            1,
            0,
            0,
            0
        ],
        [
            0,
            0,
            0,
            0,
            0
        ],
        [
            0,
            0,
            0,
            0,
            0
        ],
        [
            0,
            0,
            0,
            0,
            -1
        ],
        [
            0,
            1,
            0,
            0,
            0
        ],
        [
            0,
            1,
            0,
            0,
            0
        ],
        [
            1,
            0,
            0,
            1,
            0
        ],
        [
            -1,
            0,
            0,
            0,
            0
        ],
        [
            0,
            0,
            0,
            0,
            0
        ]
    ]
}