{
    "input_text": "a boy excited about his brother in bed",
    "target_text": "a boy excited about his breakfast in bed",
    "num_tokens": 5,
    "adv_prompts": [
        "a boy excited about his brother in bed sends prioritfeeding brunch breakfast",
        "a boy excited about his brother in bed destroying brunch presentations breakfast ensuring",
        "a boy excited about his brother in bed yolanda hele stalks toast alla",
        "a boy excited about his brother in bed breakfast enjoying destructive breakfast purchases",
        "a boy excited about his brother in bed karina peta \u00f8 holds breakfast",
        "a boy excited about his brother in bed preps breakfast breakfast florian mariana",
        "a boy excited about his brother in bed plus feeding pancake tamara right",
        "a boy excited about his brother in bed adjusting lebanese breakfafestivities \"",
        "a boy excited about his brother in bed causes \ud83d\udc95 fueling festive breakfast",
        "a boy excited about his brother in bed carnaval informs \u00f8 breakfast laden"
    ],
    "blip_scores": [
        [
            1,
            1,
            0,
            1,
            0
        ],
        [
            1,
            0,
            1,
            0,
            1
        ],
        [
            1,
            0,
            1,
            1,
            0
        ],
        [
            0,
            1,
            0,
            1,
            1
        ],
        [
            0,
            0,
            1,
            0,
            0
        ],
        [
            0,
            1,
            0,
            1,
            0
        ],
        [
            0,
            1,
            1,
            1,
            0
        ],
        [
            0,
            1,
            1,
            0,
            0
        ],
        [
            1,
            1,
            1,
            1,
            1
        ],
        [
            1,
            1,
            0,
            1,
            0
        ]
    ]
}