{
    "input_text": "A large antenna mounted on a tower ",
    "target_text": "A large  clock mounted on a tower ",
    "num_tokens": 5,
    "adv_prompts": [
        "a large antenna mounted on a tower square clock lady urn gilt",
        "a large antenna mounted on a tower clock salesman hebrides clock hoya",
        "a large antenna mounted on a tower tunic skater gama clock bronze",
        "a large antenna mounted on a tower assad clock attendant gilt clock",
        "a large antenna mounted on a tower urn clock square clock sheraton",
        "a large antenna mounted on a tower clock face quran medallion clocks",
        "a large antenna mounted on a tower chess adar clock dior miku",
        "a large antenna mounted on a tower french urn bronze clock pizzas",
        "a large antenna mounted on a tower mansion sora clock plaque horse",
        "a large antenna mounted on a tower urn clock michaela clock frosted"
    ],
    "blip_scores": [
        [
            0,
            0,
            0,
            0,
            0
        ],
        [
            0,
            0,
            0,
            0,
            0
        ],
        [
            0,
            0,
            0,
            0,
            0
        ],
        [
            0,
            0,
            0,
            0,
            0
        ],
        [
            0,
            0,
            0,
            0,
            0
        ],
        [
            0,
            0,
            0,
            0,
            0
        ],
        [
            0,
            0,
            0,
            0,
            0
        ],
        [
            0,
            0,
            0,
            0,
            0
        ],
        [
            0,
            0,
            0,
            0,
            0
        ],
        [
            0,
            0,
            0,
            0,
            0
        ]
    ]
}