{
    "input_text": "A red pickup truck driving down a  street.",
    "target_text": "A red fire truck driving down a  street.",
    "num_tokens": 5,
    "adv_prompts": [
        "a red pickup truck driving down a street. firefighters bus snoopy noc entennial",
        "a red pickup truck driving down a street. firefighter ywcommemorative bus donald",
        "a red pickup truck driving down a street. firefighters yacht storytime \u00e4 aboard",
        "a red pickup truck driving down a street. firefighter storytime train \u00a3 arturo",
        "a red pickup truck driving down a street. bus celebrating by storytime firefighters",
        "a red pickup truck driving down a street. firefighters commemorative bus storytime underwater",
        "a red pickup truck driving down a street. publisher bus decorated starring firefighters",
        "a red pickup truck driving down a street. buses meowstorytime firefighter goofy",
        "a red pickup truck driving down a street. firefighter feypaddle sprinter yacht",
        "a red pickup truck driving down a street. bus themed firefighters rubble bertie"
    ],
    "blip_scores": [
        [
            0,
            1,
            1,
            1,
            0
        ],
        [
            0,
            1,
            1,
            1,
            1
        ],
        [
            -1,
            0,
            0,
            0,
            0
        ],
        [
            0,
            0,
            0,
            0,
            0
        ],
        [
            1,
            1,
            0,
            0,
            0
        ],
        [
            0,
            -1,
            0,
            0,
            -1
        ],
        [
            0,
            0,
            0,
            1,
            1
        ],
        [
            0,
            0,
            0,
            1,
            0
        ],
        [
            0,
            0,
            1,
            0,
            -1
        ],
        [
            0,
            0,
            0,
            -1,
            0
        ]
    ]
}