{
    "input_text": "A cabin in a forest.",
    "target_text": "A backpack in a forest.",
    "num_tokens": 5,
    "adv_prompts": [
        "a cabin in a forest. backpack reads backpacks prospects forty",
        "a cabin in a forest. backpack showing handbags upgrading unicef",
        "a cabin in a forest. official backpack reads grade accelerate",
        "a cabin in a forest. backpack displaying grades backpack partial",
        "a cabin in a forest. mulberry literal bernard collateral backpack",
        "a cabin in a forest. cracking assembled backpack showing garment",
        "a cabin in a forest. shows competitive giant backpack celebrates",
        "a cabin in a forest. photographed baggage soft backpack displaying",
        "a cabin in a forest. rapponline graduating backpack piled",
        "a cabin in a forest. respelling backpacks containing gnation"
    ],
    "blip_scores": [
        [
            1,
            1,
            1,
            1,
            1
        ],
        [
            1,
            1,
            1,
            1,
            1
        ],
        [
            1,
            1,
            1,
            1,
            1
        ],
        [
            1,
            1,
            1,
            1,
            1
        ],
        [
            1,
            1,
            1,
            1,
            1
        ],
        [
            1,
            1,
            1,
            1,
            1
        ],
        [
            1,
            1,
            1,
            1,
            1
        ],
        [
            1,
            1,
            1,
            1,
            1
        ],
        [
            1,
            1,
            1,
            1,
            1
        ],
        [
            1,
            -1,
            1,
            1,
            0
        ]
    ],
    "gense_cos_sim": 0.681054949760437,
    "clip_cos_sim": 0.7128350138664246
}