{
    "input_text": "A student studying in a library.",
    "target_text": "A student studying in a classroom.",
    "num_tokens": 5,
    "adv_prompts": [
        "a student studying in a library. cles classroom kinder effortless ethiopian",
        "a student studying in a library. elmer classroom graphsaber heirloom",
        "a student studying in a library. classroom classrooms gettysburg everest casio",
        "a student studying in a library. numbered classrooms classroom casio guernsey",
        "a student studying in a library. veness \uc6d0 classroom frisco classroom",
        "a student studying in a library. classroom littlest frisco classroom guernsey",
        "a student studying in a library. graders meteorologist glee classroom adjustable",
        "a student studying in a library. classroom pics painted elgin classroom",
        "a student studying in a library. classroom conditioner pictorial casio frisco",
        "a student studying in a library. bergh classroom primitive painted cray"
    ],
    "blip_scores": [
        [
            0,
            0,
            1,
            1,
            0
        ],
        [
            0,
            -1,
            0,
            1,
            0
        ],
        [
            0,
            0,
            0,
            -1,
            0
        ],
        [
            0,
            0,
            0,
            0,
            1
        ],
        [
            0,
            0,
            -1,
            1,
            1
        ],
        [
            -1,
            1,
            1,
            1,
            1
        ],
        [
            1,
            0,
            -1,
            -1,
            0
        ],
        [
            0,
            1,
            0,
            0,
            1
        ],
        [
            1,
            -1,
            0,
            1,
            0
        ],
        [
            1,
            -1,
            1,
            0,
            1
        ]
    ],
    "gense_cos_sim": 0.7947080135345459,
    "clip_cos_sim": 0.8687799572944641
}