{
    "input_text": "A kitten that is sitting on some cushions.",
    "target_text": "A cat that is sitting on some cushions.",
    "num_tokens": 5,
    "adv_prompts": [
        "a kitten that is sitting on some cushions. ca lyrics ecu asean cover",
        "a kitten that is sitting on some cushions. leaderboard montessori directions characters laurie",
        "a kitten that is sitting on some cushions. roblox fabricated indies recommendations catherine",
        "a kitten that is sitting on some cushions. leaderboard eddie theatre olympia threads",
        "a kitten that is sitting on some cushions. relieve regret hieroverview recordings",
        "a kitten that is sitting on some cushions. maja primary cover roblox bellevue",
        "a kitten that is sitting on some cushions. decorate filament puppets scholastic gilbert",
        "a kitten that is sitting on some cushions. imation solicpatsy yarn cal",
        "a kitten that is sitting on some cushions. venues statues roblox leak catherine",
        "a kitten that is sitting on some cushions. lp autopsy undertale discography victoria"
    ],
    "blip_scores": [
        [
            0,
            0,
            0,
            0,
            0
        ],
        [
            0,
            0,
            0,
            0,
            0
        ],
        [
            0,
            0,
            0,
            0,
            0
        ],
        [
            0,
            0,
            0,
            0,
            0
        ],
        [
            0,
            0,
            0,
            0,
            0
        ],
        [
            0,
            0,
            0,
            0,
            0
        ],
        [
            0,
            0,
            0,
            0,
            0
        ],
        [
            0,
            0,
            0,
            0,
            0
        ],
        [
            0,
            0,
            1,
            0,
            -1
        ],
        [
            0,
            0,
            0,
            0,
            0
        ]
    ]
}