{
    "input_text": "A live guard truck parked on a beach.",
    "target_text": "A live lobster truck parked on a beach.",
    "num_tokens": 5,
    "adv_prompts": [
        "a live guard truck parked on a beach. bundled lobster potted celebrsoaking",
        "a live guard truck parked on a beach. lobster ophobic sculpture queensland continuously",
        "a live guard truck parked on a beach. captures uplifting lobster finalists roast",
        "a live guard truck parked on a beach. peeling delicious \u2122 bonnaroo lobster",
        "a live guard truck parked on a beach. welovesurprised lobster eucharstatues",
        "a live guard truck parked on a beach. lobster stunningly roasted displayed \"",
        "a live guard truck parked on a beach. lobster bouquet lovingly lobster experiencing",
        "a live guard truck parked on a beach. massively lobster bouquet hotter \"",
        "a live guard truck parked on a beach. lobster displayed roast featuring peeling",
        "a live guard truck parked on a beach. lobster depicting broccoli adoration passionately"
    ],
    "blip_scores": [
        [
            1,
            1,
            1,
            1,
            1
        ],
        [
            0,
            0,
            0,
            1,
            0
        ],
        [
            1,
            1,
            1,
            0,
            0
        ],
        [
            1,
            0,
            1,
            1,
            0
        ],
        [
            0,
            0,
            0,
            1,
            1
        ],
        [
            1,
            1,
            1,
            1,
            0
        ],
        [
            1,
            1,
            1,
            0,
            0
        ],
        [
            1,
            1,
            0,
            0,
            1
        ],
        [
            1,
            1,
            0,
            0,
            1
        ],
        [
            0,
            0,
            1,
            0,
            0
        ]
    ]
}