{
    "input_text": "A empty suitcase on a snow covered beach.",
    "target_text": "A empty bench on a snow covered beach.",
    "num_tokens": 5,
    "adv_prompts": [
        "a empty suitcase on a snow covered beach. lakeshore jetty bench benches redbubble",
        "a empty suitcase on a snow covered beach. bench landscape \" along episcopal",
        "a empty suitcase on a snow covered beach. benches depicting erected brownbench",
        "a empty suitcase on a snow covered beach. bench along mcdonnell playhouse canals",
        "a empty suitcase on a snow covered beach. recognizable bench stock moorpeaceful",
        "a empty suitcase on a snow covered beach. bench depicting benches # \u2013",
        "a empty suitcase on a snow covered beach. olithic benches bench wonderfully \u2013",
        "a empty suitcase on a snow covered beach. bench benches polyvore \u2013 wonderfully",
        "a empty suitcase on a snow covered beach. benches bench overlooking \" lek",
        "a empty suitcase on a snow covered beach. interesting empty bench lovelmomento"
    ],
    "blip_scores": [
        [
            0,
            1,
            1,
            1,
            1
        ],
        [
            1,
            1,
            0,
            1,
            0
        ],
        [
            1,
            1,
            1,
            0,
            0
        ],
        [
            1,
            1,
            0,
            1,
            0
        ],
        [
            1,
            1,
            1,
            0,
            0
        ],
        [
            1,
            1,
            1,
            1,
            1
        ],
        [
            0,
            1,
            1,
            1,
            0
        ],
        [
            1,
            1,
            1,
            1,
            1
        ],
        [
            1,
            1,
            1,
            1,
            1
        ],
        [
            1,
            1,
            0,
            1,
            1
        ]
    ]
}