{
    "input_text": "A GROUP OF ALL WHITE IN A BATHROOM ",
    "target_text": "A PICTURE OF ALL WHITE IN A BATHROOM ",
    "num_tokens": 5,
    "adv_prompts": [
        "a group of all white in a bathroom \u00ae endgame cashmere asher synthetic",
        "a group of all white in a bathroom interface avery flood \u00ae turquoise",
        "a group of all white in a bathroom projects accessories img octavia silk",
        "a group of all white in a bathroom tunic tranquility color dorado claremont",
        "a group of all white in a bathroom cessna tribune patterjohannesburg turquoise",
        "a group of all white in a bathroom acus interiors johannesburg interface osprey",
        "a group of all white in a bathroom mcguire pover color ticon faceted",
        "a group of all white in a bathroom johannesburg tracey dominion polymer aline",
        "a group of all white in a bathroom : burnaby claremont polyester turnover",
        "a group of all white in a bathroom suggestions legacy floors continuously classic"
    ],
    "blip_scores": [
        [
            1,
            0,
            0,
            0,
            0
        ],
        [
            0,
            0,
            0,
            0,
            0
        ],
        [
            0,
            0,
            0,
            1,
            0
        ],
        [
            0,
            0,
            0,
            0,
            0
        ],
        [
            0,
            0,
            0,
            0,
            0
        ],
        [
            0,
            0,
            1,
            0,
            1
        ],
        [
            0,
            1,
            0,
            0,
            0
        ],
        [
            0,
            0,
            1,
            1,
            0
        ],
        [
            0,
            0,
            0,
            0,
            0
        ],
        [
            1,
            0,
            0,
            0,
            0
        ]
    ]
}