{
    "input_text": "A kitchen with wood floors and wood cabinets.",
    "target_text": "A house with wood floors and wood cabinets.",
    "num_tokens": 5,
    "adv_prompts": [
        "a kitchen with wood floors and wood cabinets. exposure packaged ruins legislators feelings",
        "a kitchen with wood floors and wood cabinets. ouses thouse enemies became translator",
        "a kitchen with wood floors and wood cabinets. houses smells baroque civilians hostage",
        "a kitchen with wood floors and wood cabinets. propaganda reactions erupted boutique concerned",
        "a kitchen with wood floors and wood cabinets. houses censor refugees legalize patron",
        "a kitchen with wood floors and wood cabinets. pensions parody politicians meetings celebrations",
        "a kitchen with wood floors and wood cabinets. expressions metaphor thouse outside threatening",
        "a kitchen with wood floors and wood cabinets. censor representing threat houses reaching",
        "a kitchen with wood floors and wood cabinets. frightened wetland delegates bourne expressions",
        "a kitchen with wood floors and wood cabinets. pleased margins backgrounds thouse pressing"
    ],
    "blip_scores": [
        [
            0,
            0,
            0,
            0,
            0
        ],
        [
            0,
            0,
            0,
            0,
            0
        ],
        [
            0,
            0,
            0,
            -1,
            0
        ],
        [
            -1,
            0,
            0,
            0,
            0
        ],
        [
            0,
            0,
            0,
            0,
            0
        ],
        [
            0,
            -1,
            0,
            -1,
            0
        ],
        [
            0,
            0,
            0,
            0,
            0
        ],
        [
            0,
            0,
            0,
            0,
            0
        ],
        [
            0,
            0,
            0,
            0,
            0
        ],
        [
            0,
            0,
            0,
            0,
            0
        ]
    ]
}