{
    "input_text": "A large city sitting along a coastal region.",
    "target_text": "A large boulder sitting along a coastal region.",
    "num_tokens": 5,
    "adv_prompts": [
        "a large city sitting along a coastal region. distinctive giant wiley boulder proves",
        "a large city sitting along a coastal region. passive foodtruck \u2014 pictured cheeseburger",
        "a large city sitting along a coastal region. cochran prairie ballypasha boulder",
        "a large city sitting along a coastal region. decorative boulder ': iry climber",
        "a large city sitting along a coastal region. tolmartyn boulder campground cactus",
        "a large city sitting along a coastal region. birkenchett np boulder displaying",
        "a large city sitting along a coastal region. this campground banded drum boulder",
        "a large city sitting along a coastal region. this prairie boulder allegedly was",
        "a large city sitting along a coastal region. decorative hutchinson boulder. specimen",
        "a large city sitting along a coastal region. delia mckinney campground rock coconut"
    ],
    "blip_scores": [
        [
            0,
            0,
            0,
            0,
            0
        ],
        [
            0,
            0,
            0,
            0,
            0
        ],
        [
            0,
            0,
            1,
            0,
            0
        ],
        [
            0,
            0,
            0,
            0,
            1
        ],
        [
            1,
            0,
            0,
            0,
            1
        ],
        [
            0,
            0,
            0,
            0,
            0
        ],
        [
            0,
            1,
            1,
            1,
            0
        ],
        [
            0,
            1,
            1,
            1,
            1
        ],
        [
            0,
            0,
            0,
            0,
            0
        ],
        [
            1,
            0,
            0,
            0,
            1
        ]
    ]
}