{
    "input_text": "A group of children are feeding an elephant.",
    "target_text": "A group of children are feeding an animal.",
    "num_tokens": 5,
    "adv_prompts": [
        "a group of children are feeding an elephant. pebble plush tmnt crochet pepe",
        "a group of children are feeding an elephant. striped acan dolan available barbie",
        "a group of children are feeding an elephant. these banded coalition manhattan mullet",
        "a group of children are feeding an elephant. io congestion juju pepe gull",
        "a group of children are feeding an elephant. mcdonalds cthulhu bagel barker pooch",
        "a group of children are feeding an elephant. basque dented maisie chicken stripping",
        "a group of children are feeding an elephant. chefs sprinkles addicts adidas wade",
        "a group of children are feeding an elephant. seaweed pygchristy cricket scallops",
        "a group of children are feeding an elephant. westfield goddess pout harrier needles",
        "a group of children are feeding an elephant. geese frogs mackerel come postgame"
    ],
    "blip_scores": [
        [
            0,
            0,
            0,
            0,
            0
        ],
        [
            0,
            0,
            0,
            0,
            0
        ],
        [
            1,
            0,
            0,
            0,
            0
        ],
        [
            0,
            0,
            0,
            0,
            0
        ],
        [
            0,
            0,
            0,
            0,
            0
        ],
        [
            0,
            0,
            0,
            0,
            0
        ],
        [
            0,
            0,
            0,
            0,
            0
        ],
        [
            0,
            0,
            0,
            0,
            0
        ],
        [
            0,
            0,
            0,
            0,
            1
        ],
        [
            0,
            1,
            0,
            0,
            0
        ]
    ]
}