{
    "input_text": "A man on a raft in the water.",
    "target_text": "A man on a surfboard in the water.",
    "num_tokens": 5,
    "adv_prompts": [
        "a man on a raft in the water. barefoot surfboardtail breaches",
        "a man on a raft in the water. camino anwar skateboarding fc surfer",
        "a man on a raft in the water. graceful surfing surfing qualification skateboard",
        "a man on a raft in the water. tically into surfing surfboards",
        "a man on a raft in the water. surfing \u0430 surfboards professionally",
        "a man on a raft in the water. practicing surfboards surfing fascinating",
        "a man on a raft in the water. gorgeous surftically boards surfing",
        "a man on a raft in the water. casey carleton surfing surfboards",
        "a man on a raft in the water. fabulous surfsurfer tail skateboarding",
        "a man on a raft in the water. practicing surfboards professionally surfing"
    ],
    "blip_scores": [
        [
            1,
            1,
            1,
            1,
            1
        ],
        [
            1,
            1,
            1,
            1,
            1
        ],
        [
            1,
            1,
            1,
            1,
            1
        ],
        [
            1,
            1,
            1,
            1,
            1
        ],
        [
            1,
            1,
            1,
            1,
            1
        ],
        [
            1,
            1,
            1,
            1,
            1
        ],
        [
            1,
            1,
            1,
            1,
            1
        ],
        [
            1,
            1,
            1,
            1,
            1
        ],
        [
            1,
            1,
            1,
            1,
            1
        ],
        [
            1,
            1,
            1,
            1,
            1
        ]
    ]
}