{
    "input_text": "Silhouette of man in an sand storm.",
    "target_text": "Silhouette of camel in an sand storm.",
    "num_tokens": 5,
    "adv_prompts": [
        "silhouette of man in an sand storm. pictured of mated camel",
        "silhouette of man in an sand storm. camel enjoys nectar docked \u00b4",
        "silhouette of man in an sand storm. delightful camel overlooking combating glare",
        "silhouette of man in an sand storm. camel \u0629 while stock alongside",
        "silhouette of man in an sand storm. depicting ': attractive dreamy camel",
        "silhouette of man in an sand storm. mated camel in thofjuly grazing",
        "silhouette of man in an sand storm. camel cleans alongside from aceae",
        "silhouette of man in an sand storm. camel looking alongside while nationalpark",
        "silhouette of man in an sand storm. closeup \" mated tasty camel",
        "silhouette of man in an sand storm. camel overlooking decent endent dvr"
    ],
    "blip_scores": [
        [
            1,
            0,
            0,
            0,
            0
        ],
        [
            0,
            0,
            0,
            0,
            0
        ],
        [
            1,
            0,
            0,
            0,
            0
        ],
        [
            0,
            0,
            0,
            0,
            0
        ],
        [
            0,
            0,
            0,
            1,
            0
        ],
        [
            0,
            0,
            0,
            0,
            0
        ],
        [
            0,
            0,
            0,
            0,
            0
        ],
        [
            0,
            1,
            0,
            0,
            0
        ],
        [
            0,
            0,
            0,
            0,
            0
        ],
        [
            0,
            0,
            1,
            0,
            1
        ]
    ],
    "gense_cos_sim": 0.674595296382904,
    "clip_cos_sim": 0.8045433163642883
}