{
    "input_text": "A squirrel holding a toothbrush in its mouth. ",
    "target_text": "A cat holding a toothbrush in its mouth. ",
    "num_tokens": 5,
    "adv_prompts": [
        "a squirrel holding a toothbrush in its mouth. feline angelic vip afghnewfoundland",
        "a squirrel holding a toothbrush in its mouth. mangalcats carlos polyester sofa",
        "a squirrel holding a toothbrush in its mouth. marbles ncis bengal obedience stony",
        "a squirrel holding a toothbrush in its mouth. cat burmese smartwatch wendell review",
        "a squirrel holding a toothbrush in its mouth. mangalcats lineup kaitlyn basketball",
        "a squirrel holding a toothbrush in its mouth. maine bnp calico catalan inducted",
        "a squirrel holding a toothbrush in its mouth. tartan dutmapleburmese addictive",
        "a squirrel holding a toothbrush in its mouth. ncis ministers gibbs interviewing olithic",
        "a squirrel holding a toothbrush in its mouth. ch\u00e2mastiff couch toys overwhelmed",
        "a squirrel holding a toothbrush in its mouth. burmese \u00ae midland condition cat"
    ],
    "blip_scores": [
        [
            -1,
            0,
            0,
            -1,
            0
        ],
        [
            0,
            0,
            0,
            -1,
            0
        ],
        [
            -1,
            -1,
            0,
            0,
            0
        ],
        [
            0,
            0,
            -1,
            0,
            0
        ],
        [
            0,
            0,
            -1,
            0,
            0
        ],
        [
            0,
            0,
            0,
            -1,
            0
        ],
        [
            0,
            0,
            0,
            0,
            -1
        ],
        [
            0,
            0,
            0,
            0,
            0
        ],
        [
            0,
            0,
            0,
            0,
            0
        ],
        [
            0,
            1,
            1,
            0,
            0
        ]
    ]
}