{
    "input_text": "A brown bear lounging on a gray couch",
    "target_text": "A brown bear lounging on a gray rock",
    "num_tokens": 5,
    "adv_prompts": [
        "a brown bear lounging on a gray couch shell fragment motorcycle cufflinks tide",
        "a brown bear lounging on a gray couch umbrella ringer motorcycle lanyard cartier",
        "a brown bear lounging on a gray couch motorcycle marshmallow forex bandana keychain",
        "a brown bear lounging on a gray couch distinction folding umbrella gatorade yankees",
        "a brown bear lounging on a gray couch truwinner umbrella lanyard deus",
        "a brown bear lounging on a gray couch lanyard motorcycle umbrella yankee imax",
        "a brown bear lounging on a gray couch cufflinks aquarium motocross ss daniel",
        "a brown bear lounging on a gray couch antibiotic limestone triathlon beanie excel",
        "a brown bear lounging on a gray couch umbrella divelebanon motorcycle rocks",
        "a brown bear lounging on a gray couch colorized rocks muck snowboard umbrella"
    ],
    "blip_scores": [
        [
            0,
            0,
            0,
            0,
            0
        ],
        [
            0,
            0,
            0,
            0,
            0
        ],
        [
            -1,
            -1,
            0,
            -1,
            0
        ],
        [
            -1,
            0,
            -1,
            0,
            0
        ],
        [
            0,
            0,
            -1,
            0,
            0
        ],
        [
            -1,
            -1,
            -1,
            0,
            -1
        ],
        [
            0,
            -1,
            0,
            0,
            0
        ],
        [
            -1,
            -1,
            -1,
            -1,
            -1
        ],
        [
            1,
            0,
            0,
            0,
            -1
        ],
        [
            1,
            0,
            1,
            1,
            0
        ]
    ]
}