{
    "input_text": "A long empty, minimal modern skylit home kitchen.",
    "target_text": "A long empty, minimal modern skylit style kitchen.",
    "num_tokens": 5,
    "adv_prompts": [
        "a long empty, minimal modern skylit home kitchen. schmidt expands glamorous bedrooms shine",
        "a long empty, minimal modern skylit home kitchen. flat polymer [ available bromley",
        "a long empty, minimal modern skylit home kitchen. chakra cufflinks ( fascinating olivier",
        "a long empty, minimal modern skylit home kitchen. ambistyle basics shutters --",
        "a long empty, minimal modern skylit home kitchen. adidas burnaby competitiveness basic jersey",
        "a long empty, minimal modern skylit home kitchen. style fascinating rectangular expo kitchens",
        "a long empty, minimal modern skylit home kitchen. styled canteen chair exquisite woodbridge",
        "a long empty, minimal modern skylit home kitchen. style room shutter showcase fascinating",
        "a long empty, minimal modern skylit home kitchen. fascinating motogp chess bedroom vector",
        "a long empty, minimal modern skylit home kitchen. sherwood style classroom trench diffuser"
    ],
    "blip_scores": [
        [
            -1,
            0,
            -1,
            0,
            0
        ],
        [
            0,
            0,
            0,
            0,
            0
        ],
        [
            0,
            0,
            0,
            0,
            0
        ],
        [
            0,
            0,
            0,
            0,
            0
        ],
        [
            0,
            0,
            0,
            0,
            0
        ],
        [
            0,
            0,
            0,
            0,
            0
        ],
        [
            0,
            0,
            0,
            0,
            0
        ],
        [
            0,
            0,
            0,
            0,
            0
        ],
        [
            1,
            0,
            0,
            0,
            0
        ],
        [
            0,
            0,
            0,
            0,
            0
        ]
    ]
}