{
    "input_text": "A man grasping on to a Wii controller.",
    "target_text": "A hand grasping on to a Wii controller.",
    "num_tokens": 5,
    "adv_prompts": [
        "a man grasping on to a wii controller. pov nephews girlfriend hand melissa",
        "a man grasping on to a wii controller. hand attempting pone miracleolivia",
        "a man grasping on to a wii controller. pov picked roommates sis recently",
        "a man grasping on to a wii controller. (: sibling hand mississisherman",
        "a man grasping on to a wii controller. babygirl :( pov toes celebratory",
        "a man grasping on to a wii controller. xis hand crushes friendship maddie",
        "a man grasping on to a wii controller. homework maddie feet handshake connor",
        "a man grasping on to a wii controller. handshake person delicacy vsco tightly",
        "a man grasping on to a wii controller. hand with by roommate bianca",
        "a man grasping on to a wii controller. ppg anchoashleigh \u2665 chey"
    ],
    "blip_scores": [
        [
            0,
            0,
            1,
            1,
            1
        ],
        [
            0,
            0,
            0,
            0,
            0
        ],
        [
            0,
            0,
            0,
            0,
            0
        ],
        [
            0,
            1,
            0,
            0,
            0
        ],
        [
            0,
            0,
            0,
            1,
            1
        ],
        [
            0,
            0,
            0,
            0,
            0
        ],
        [
            0,
            0,
            1,
            0,
            0
        ],
        [
            1,
            0,
            0,
            0,
            0
        ],
        [
            0,
            0,
            0,
            0,
            0
        ],
        [
            0,
            1,
            0,
            1,
            1
        ]
    ]
}