{
    "input_text": "A sleeping lion in the savannah.",
    "target_text": "A roaring lion in the savannah.",
    "num_tokens": 5,
    "adv_prompts": [
        "a sleeping lion in the savannah. spectator foil wand archery roblox",
        "a sleeping lion in the savannah. karaoke ebook choreography cale winchester",
        "a sleeping lion in the savannah. trot harvick quarterback choreography cape",
        "a sleeping lion in the savannah. tartan front karaoke regulator cardi",
        "a sleeping lion in the savannah. threat ibrox lyrics conducmendes",
        "a sleeping lion in the savannah. sash screaming karaoke cufflinks weekender",
        "a sleeping lion in the savannah. opi trends flares goode lyrics",
        "a sleeping lion in the savannah. choreography guides stretch years karaoke",
        "a sleeping lion in the savannah. setlist speeches edt prescriaerosmith",
        "a sleeping lion in the savannah. archaeologists karaoke siriusxm coordinate lyrics"
    ],
    "blip_scores": [
        [
            0,
            0,
            0,
            0,
            0
        ],
        [
            0,
            0,
            0,
            0,
            0
        ],
        [
            0,
            0,
            0,
            0,
            0
        ],
        [
            0,
            0,
            0,
            0,
            0
        ],
        [
            0,
            0,
            0,
            0,
            0
        ],
        [
            0,
            0,
            0,
            0,
            0
        ],
        [
            0,
            0,
            0,
            0,
            0
        ],
        [
            0,
            0,
            0,
            0,
            0
        ],
        [
            0,
            0,
            0,
            0,
            0
        ],
        [
            0,
            -1,
            0,
            0,
            0
        ]
    ],
    "gense_cos_sim": 0.7894532084465027,
    "clip_cos_sim": 0.8333003520965576
}