{
    "input_text": "A horse that is going by some grass.",
    "target_text": "A train that is going by some grass.",
    "num_tokens": 5,
    "adv_prompts": [
        "a horse that is going by some grass. diesel dcc cufflinks budgeting locomotive",
        "a horse that is going by some grass. gopro locomotive budgeting preserved alongside",
        "a horse that is going by some grass. locomotive cito diesel operations funnel",
        "a horse that is going by some grass. garden train locomotive cufflinks crashed",
        "a horse that is going by some grass. cnn locomotive servers wagon youts",
        "a horse that is going by some grass. rebuilt \"' scorecard locomotive sits",
        "a horse that is going by some grass. torrent esports dcc wagon engines",
        "a horse that is going by some grass. trains locomotive pairing roblox banners",
        "a horse that is going by some grass. train locomotive gging reimagined scorecard",
        "a horse that is going by some grass. stock turntable yard risotto locomotive"
    ],
    "blip_scores": [
        [
            1,
            1,
            1,
            0,
            1
        ],
        [
            1,
            1,
            1,
            1,
            1
        ],
        [
            1,
            1,
            1,
            1,
            1
        ],
        [
            1,
            0,
            1,
            1,
            1
        ],
        [
            1,
            1,
            1,
            1,
            1
        ],
        [
            1,
            1,
            1,
            0,
            1
        ],
        [
            1,
            1,
            1,
            1,
            1
        ],
        [
            1,
            1,
            1,
            1,
            1
        ],
        [
            1,
            1,
            1,
            1,
            0
        ],
        [
            0,
            1,
            1,
            1,
            1
        ]
    ]
}