{
    "input_text": "A doodle of a light bulb on a blackboard.",
    "target_text": "A doodle of a dog on a blackboard.",
    "num_tokens": 5,
    "adv_prompts": [
        "a doodle of a light bulb on a blackboard. nas dressage puppy champion pullover",
        "a doodle of a light bulb on a blackboard. trailblazer \" \u2122 six homebrew",
        "a doodle of a light bulb on a blackboard. exceptionally collie sibling surfing flyer",
        "a doodle of a light bulb on a blackboard. english flatretriever lay drums",
        "a doodle of a light bulb on a blackboard. sexiest greyhound pug newborn gopro",
        "a doodle of a light bulb on a blackboard. \u2122 pyrenesauvignon \" hymn",
        "a doodle of a light bulb on a blackboard. cts yarra terrier crusted \"",
        "a doodle of a light bulb on a blackboard. dog \u2122 \" conor been",
        "a doodle of a light bulb on a blackboard. barefoot skier spaniel snooze spaniel",
        "a doodle of a light bulb on a blackboard. com sherwood bluegrass puppies pov"
    ],
    "blip_scores": [
        [
            0,
            0,
            -1,
            0,
            0
        ],
        [
            -1,
            -1,
            0,
            -1,
            0
        ],
        [
            0,
            0,
            0,
            0,
            0
        ],
        [
            1,
            0,
            0,
            0,
            0
        ],
        [
            0,
            0,
            0,
            0,
            0
        ],
        [
            -1,
            0,
            0,
            0,
            0
        ],
        [
            0,
            0,
            0,
            1,
            0
        ],
        [
            -1,
            0,
            -1,
            0,
            -1
        ],
        [
            0,
            0,
            0,
            0,
            0
        ],
        [
            0,
            0,
            0,
            0,
            0
        ]
    ],
    "gense_cos_sim": 0.7016332149505615,
    "clip_cos_sim": 0.6708545088768005
}