{
    "input_text": "A large long train on a steel track.",
    "target_text": "A large long tunnel on a steel track.",
    "num_tokens": 5,
    "adv_prompts": [
        "a large long train on a steel track. this tunnel faceted tunnel shining",
        "a large long train on a steel track. structural tunnel amid renovnatalia",
        "a large long train on a steel track. structural tunnel beautifully leading resurrection",
        "a large long train on a steel track. tunnel \u0629 within fascinating tomb",
        "a large long train on a steel track. structural tunnel tunnel completely organize",
        "a large long train on a steel track. structural historic large tunnel definitely",
        "a large long train on a steel track. spacious tunnel tunnel recognizing picnic",
        "a large long train on a steel track. tunnel taneously structural tunnel beautiful",
        "a large long train on a steel track. tunnels secexploshelters cemetery",
        "a large long train on a steel track. fascinating tunnel tunnel ases astrophotography"
    ],
    "blip_scores": [
        [
            1,
            1,
            1,
            1,
            1
        ],
        [
            1,
            1,
            1,
            1,
            1
        ],
        [
            1,
            1,
            1,
            1,
            1
        ],
        [
            1,
            1,
            1,
            1,
            1
        ],
        [
            1,
            1,
            1,
            1,
            1
        ],
        [
            1,
            -1,
            1,
            1,
            1
        ],
        [
            1,
            1,
            0,
            1,
            1
        ],
        [
            1,
            1,
            1,
            1,
            1
        ],
        [
            1,
            1,
            1,
            1,
            1
        ],
        [
            1,
            1,
            1,
            1,
            1
        ]
    ]
}