{
    "input_text": "A fish swimming in an aquarium.",
    "target_text": "A turtle swimming in an aquarium.",
    "num_tokens": 5,
    "adv_prompts": [
        "a fish swimming in an aquarium. speeddonors quot turtle sacred",
        "a fish swimming in an aquarium. drenched hellenic wtf turtle stock",
        "a fish swimming in an aquarium. entirely gentle nato turtle",
        "a fish swimming in an aquarium. tortoise're dly applying",
        "a fish swimming in an aquarium. turtle're ghting savior",
        "a fish swimming in an aquarium. exquisite stormtrooper turtle rests in",
        "a fish swimming in an aquarium. 9 robust turtle acrobfication",
        "a fish swimming in an aquarium. \" some wku amazingly tortoise",
        "a fish swimming in an aquarium. depressing segment belly santos turtle",
        "a fish swimming in an aquarium. pathetic concentrated room turtle ii"
    ],
    "blip_scores": [
        [
            0,
            1,
            1,
            1,
            1
        ],
        [
            1,
            1,
            1,
            1,
            1
        ],
        [
            1,
            1,
            1,
            1,
            1
        ],
        [
            1,
            1,
            1,
            1,
            1
        ],
        [
            1,
            1,
            1,
            1,
            1
        ],
        [
            1,
            1,
            1,
            0,
            1
        ],
        [
            1,
            1,
            0,
            1,
            1
        ],
        [
            1,
            1,
            1,
            1,
            1
        ],
        [
            1,
            1,
            0,
            1,
            1
        ],
        [
            0,
            0,
            0,
            1,
            1
        ]
    ],
    "gense_cos_sim": 0.7259718179702759,
    "clip_cos_sim": 0.8965860605239868
}