{
    "input_text": "a man on a beach surfing a wave",
    "target_text": "a man on a surfboard surfing a wave",
    "num_tokens": 5,
    "adv_prompts": [
        "a man on a beach surfing a wave surfboard ums outertted",
        "a man on a beach surfing a wave wavy agues surftail board",
        "a man on a beach surfing a wave board style surftail chaired",
        "a man on a beach surfing a wave shorty tail carve adjustment sup",
        "a man on a beach surfing a wave board surfboard zer tted",
        "a man on a beach surfing a wave surfboard footed aside sup",
        "a man on a beach surfing a wave surfboard board swimming sup",
        "a man on a beach surfing a wave rider sup surfboard its",
        "a man on a beach surfing a wave factor sup dence surfboard",
        "a man on a beach surfing a wave surfoned board board tted"
    ],
    "blip_scores": [
        [
            1,
            0,
            0,
            1,
            1
        ],
        [
            1,
            0,
            1,
            1,
            1
        ],
        [
            1,
            0,
            1,
            1,
            1
        ],
        [
            1,
            1,
            1,
            1,
            1
        ],
        [
            1,
            1,
            0,
            1,
            0
        ],
        [
            1,
            1,
            1,
            1,
            0
        ],
        [
            1,
            0,
            0,
            0,
            1
        ],
        [
            1,
            1,
            0,
            0,
            0
        ],
        [
            1,
            1,
            1,
            0,
            0
        ],
        [
            1,
            1,
            1,
            1,
            0
        ]
    ]
}