{
    "input_text": "A swan swimming on a lake.",
    "target_text": "A horse swimming on a lake.",
    "num_tokens": 5,
    "adv_prompts": [
        "a swan swimming on a lake. shirt themed bilingual horses motor",
        "a swan swimming on a lake. horses hardcover masala \"\" instructional",
        "a swan swimming on a lake. horses ology motorcycle onesie malbec",
        "a swan swimming on a lake. sunk metroid horses aboard onesie",
        "a swan swimming on a lake. our serenity vending horses primed",
        "a swan swimming on a lake. horses gundam motorcycle \u0e08bon",
        "a swan swimming on a lake. stimulation horses wine muscles onesie",
        "a swan swimming on a lake. equestral hq livery tension",
        "a swan swimming on a lake. horse textbook themed truck spa",
        "a swan swimming on a lake. adventurous dbs horses chocolate packaged"
    ],
    "blip_scores": [
        [
            -1,
            -1,
            1,
            -1,
            -1
        ],
        [
            -1,
            -1,
            0,
            -1,
            1
        ],
        [
            -1,
            0,
            0,
            -1,
            0
        ],
        [
            0,
            -1,
            0,
            0,
            -1
        ],
        [
            -1,
            -1,
            -1,
            0,
            -1
        ],
        [
            0,
            0,
            0,
            0,
            0
        ],
        [
            -1,
            0,
            0,
            0,
            0
        ],
        [
            -1,
            -1,
            0,
            -1,
            0
        ],
        [
            0,
            0,
            0,
            0,
            0
        ],
        [
            -1,
            0,
            -1,
            1,
            -1
        ]
    ],
    "gense_cos_sim": 0.6207050085067749,
    "clip_cos_sim": 0.8515275716781616
}