{
    "input_text": "A dragon breathing fire.",
    "target_text": "A dolphin breathing fire.",
    "num_tokens": 5,
    "adv_prompts": [
        "a dragon breathing fire. competition dolphin preliminforehead",
        "a dragon breathing fire. dolphin mania dolphins dive dives",
        "a dragon breathing fire. damn fastest sumatra dolphin dolphin",
        "a dragon breathing fire. centric striped dolphin alpha aceae",
        "a dragon breathing fire. mozambique dolphin buds competes emerges",
        "a dragon breathing fire. dolphin breath mania reef rays",
        "a dragon breathing fire. ms \u093e albatitian dolphins",
        "a dragon breathing fire. dolphin training their wwrays",
        "a dragon breathing fire. compliant dolphins jumetering supremacy",
        "a dragon breathing fire. maintenance dolphin drink drifting aceae"
    ],
    "blip_scores": [
        [
            0,
            0,
            0,
            0,
            0
        ],
        [
            1,
            0,
            0,
            0,
            0
        ],
        [
            0,
            0,
            0,
            0,
            0
        ],
        [
            1,
            0,
            0,
            0,
            0
        ],
        [
            0,
            0,
            0,
            0,
            0
        ],
        [
            0,
            0,
            0,
            0,
            1
        ],
        [
            0,
            0,
            0,
            0,
            0
        ],
        [
            0,
            0,
            0,
            0,
            0
        ],
        [
            0,
            0,
            0,
            0,
            1
        ],
        [
            0,
            0,
            0,
            0,
            1
        ]
    ],
    "gense_cos_sim": 0.6900614500045776,
    "clip_cos_sim": 0.8458355665206909
}