{
    "input_text": "A bunch of animals in a grassy area.",
    "target_text": "A herd of animals in a grassy area.",
    "num_tokens": 5,
    "adv_prompts": [
        "a bunch of animals in a grassy area. these theevacuated herd ising",
        "a bunch of animals in a grassy area. review herd cattle leading procession",
        "a bunch of animals in a grassy area. cattle escort beyond adh alongside",
        "a bunch of animals in a grassy area. herd flock assessing cattle eastbound",
        "a bunch of animals in a grassy area. herd cattle escort with smen",
        "a bunch of animals in a grassy area. herd eled cattle entering stir",
        "a bunch of animals in a grassy area. cattle herd bys fascinated herd",
        "a bunch of animals in a grassy area. edwarlikely cattle herd ently",
        "a bunch of animals in a grassy area. herd backing stering an gilt",
        "a bunch of animals in a grassy area. extensively anti daytime queue cattle"
    ],
    "blip_scores": [
        [
            0,
            0,
            0,
            0,
            0
        ],
        [
            0,
            0,
            0,
            0,
            0
        ],
        [
            0,
            0,
            0,
            0,
            0
        ],
        [
            0,
            0,
            0,
            0,
            0
        ],
        [
            0,
            0,
            0,
            0,
            0
        ],
        [
            0,
            0,
            0,
            0,
            0
        ],
        [
            0,
            0,
            0,
            0,
            0
        ],
        [
            0,
            0,
            0,
            0,
            0
        ],
        [
            0,
            0,
            0,
            0,
            0
        ],
        [
            0,
            0,
            0,
            0,
            0
        ]
    ]
}