{
    "input_text": "A picture shows old computers, mice and keyboards.",
    "target_text": "A picture shows old computers, mouse and keyboards.",
    "num_tokens": 5,
    "adv_prompts": [
        "a picture shows old computers, mice and keyboards. lithograph into.\" marc supersonic",
        "a picture shows old computers, mice and keyboards. cnblue shot cd marion ):",
        "a picture shows old computers, mice and keyboards. vector prabhas..... cost burma",
        "a picture shows old computers, mice and keyboards. utilizing vector deh \u2013 manoj",
        "a picture shows old computers, mice and keyboards. showing utilizing blissful : manoj",
        "a picture shows old computers, mice and keyboards. blonde hitting mason captivating glucose",
        "a picture shows old computers, mice and keyboards. towards \u300a impressive mastercard dalit",
        "a picture shows old computers, mice and keyboards. recognizable uttarakhand ilovesakh logo",
        "a picture shows old computers, mice and keyboards. logo } supersonic wonderfully indigenous",
        "a picture shows old computers, mice and keyboards. maserati displaying mahon css colouring"
    ],
    "blip_scores": [
        [
            0,
            0,
            0,
            0,
            0
        ],
        [
            0,
            0,
            0,
            0,
            0
        ],
        [
            0,
            0,
            0,
            0,
            0
        ],
        [
            0,
            0,
            0,
            0,
            0
        ],
        [
            0,
            0,
            0,
            0,
            0
        ],
        [
            1,
            0,
            0,
            0,
            0
        ],
        [
            0,
            0,
            0,
            0,
            0
        ],
        [
            0,
            0,
            0,
            0,
            0
        ],
        [
            0,
            0,
            0,
            0,
            0
        ],
        [
            0,
            0,
            0,
            0,
            0
        ]
    ]
}