{
    "input_text": "A jack o lantern on a tree branch.",
    "target_text": "A birdhouse on a tree branch.",
    "num_tokens": 5,
    "adv_prompts": [
        "a jack o lantern on a tree branch. treehouse terracotta pheasant pez jerry",
        "a jack o lantern on a tree branch. roofs snail buckets hedgehog playhouse",
        "a jack o lantern on a tree branch. playhouse house eviction cups ladybird",
        "a jack o lantern on a tree branch. playhouse clubhouse telescope squirrels tins",
        "a jack o lantern on a tree branch. playhouse squirrels cardboard whistletelephone",
        "a jack o lantern on a tree branch. hamster playhouse badges kubernetes buns",
        "a jack o lantern on a tree branch. lighthouse thouse cardboard playhouse dengue",
        "a jack o lantern on a tree branch. playhouse house mailbox telescope ladybird",
        "a jack o lantern on a tree branch. playhouse cardboard lighthouse treehouse funnel",
        "a jack o lantern on a tree branch. birdbiking house archafeeders"
    ],
    "blip_scores": [
        [
            -1,
            -1,
            -1,
            0,
            -1
        ],
        [
            0,
            0,
            -1,
            -1,
            0
        ],
        [
            0,
            -1,
            0,
            -1,
            0
        ],
        [
            1,
            -1,
            -1,
            0,
            -1
        ],
        [
            -1,
            0,
            -1,
            -1,
            -1
        ],
        [
            -1,
            -1,
            -1,
            -1,
            0
        ],
        [
            0,
            1,
            0,
            0,
            1
        ],
        [
            -1,
            0,
            1,
            0,
            1
        ],
        [
            0,
            0,
            1,
            1,
            0
        ],
        [
            0,
            0,
            0,
            -1,
            0
        ]
    ],
    "gense_cos_sim": 0.5612004399299622,
    "clip_cos_sim": 0.731383204460144
}