{
    "input_text": "a man on a surfboard surfing a wave",
    "target_text": "a man on a beach surfing a wave",
    "num_tokens": 5,
    "adv_prompts": [
        "a man on a surfboard surfing a wave \u2022 postcard themed campsite snuggles",
        "a man on a surfboard surfing a wave postcards lookingkaraoke beneath basilica",
        "a man on a surfboard surfing a wave webcam sheep infographics commemorates galapagos",
        "a man on a surfboard surfing a wave blockchain typography considering coldplay chesapeake",
        "a man on a surfboard surfing a wave steamed archaeologists cookbook | distillery",
        "a man on a surfboard surfing a wave scottsdale excavation osce crispr sunscreen",
        "a man on a surfboard surfing a wave picture chocolate biryani tinkerspca",
        "a man on a surfboard surfing a wave lookingbasilica (+ rembrandt excavation",
        "a man on a surfboard surfing a wave \" plantthofjuly biryani (\u00a9",
        "a man on a surfboard surfing a wave beadbridesmaid bouquet -... maharashtra"
    ],
    "blip_scores": [
        [
            0,
            -1,
            0,
            0,
            0
        ],
        [
            0,
            0,
            -1,
            0,
            0
        ],
        [
            -1,
            -1,
            -1,
            -1,
            -1
        ],
        [
            -1,
            -1,
            -1,
            0,
            -1
        ],
        [
            -1,
            0,
            -1,
            0,
            0
        ],
        [
            0,
            -1,
            0,
            0,
            -1
        ],
        [
            -1,
            0,
            0,
            0,
            0
        ],
        [
            0,
            -1,
            -1,
            -1,
            0
        ],
        [
            0,
            0,
            0,
            0,
            -1
        ],
        [
            0,
            -1,
            0,
            0,
            0
        ]
    ]
}