{
    "input_text": "A couple of green signs on a sidewalk.",
    "target_text": "A couple of green signs on a pole.",
    "num_tokens": 5,
    "adv_prompts": [
        "a couple of green signs on a sidewalk. pole chained fords poles christy",
        "a couple of green signs on a sidewalk. rooftop poles enclosure medieval rack",
        "a couple of green signs on a sidewalk. outpost roundabout poles muppets couples",
        "a couple of green signs on a sidewalk. poles hooded icked posts renault",
        "a couple of green signs on a sidewalk. weather pole gilded cannes rooster",
        "a couple of green signs on a sidewalk. pole posts enclosure crowned lace",
        "a couple of green signs on a sidewalk. pole reviewers poles cages crown",
        "a couple of green signs on a sidewalk. pole fence pole kit cristiano",
        "a couple of green signs on a sidewalk. pole elaborate posts ngc mickey",
        "a couple of green signs on a sidewalk. pole christy rope perch mantle"
    ],
    "blip_scores": [
        [
            0,
            0,
            0,
            0,
            0
        ],
        [
            0,
            -1,
            0,
            1,
            0
        ],
        [
            0,
            0,
            0,
            0,
            0
        ],
        [
            0,
            0,
            0,
            0,
            0
        ],
        [
            0,
            1,
            1,
            0,
            0
        ],
        [
            0,
            0,
            0,
            0,
            0
        ],
        [
            0,
            0,
            -1,
            0,
            0
        ],
        [
            0,
            0,
            1,
            0,
            0
        ],
        [
            0,
            0,
            0,
            0,
            0
        ],
        [
            0,
            0,
            0,
            0,
            0
        ]
    ]
}