{
    "input_text": "A red boat is floating near some houses.",
    "target_text": "A red flag is floating near some houses.",
    "num_tokens": 5,
    "adv_prompts": [
        "a red boat is floating near some houses. nwsl camogie hamstring flags overview",
        "a red boat is floating near some houses. batgirl flags authentication pennant halter",
        "a red boat is floating near some houses. classiccars flags taliban pennant assortment",
        "a red boat is floating near some houses. batgirl armored shoulder cupcake flags",
        "a red boat is floating near some houses. batgirl approval conan cosplay flags",
        "a red boat is floating near some houses. printable classiccars flag bunting eyre",
        "a red boat is floating near some houses. emerald everyday socks attackers macron",
        "a red boat is floating near some houses. westworld classiccars flags maxine recommendations",
        "a red boat is floating near some houses. westworld flags bunting ideas classiccars",
        "a red boat is floating near some houses. druid flags vectorreacts soccer"
    ],
    "blip_scores": [
        [
            -1,
            0,
            0,
            0,
            0
        ],
        [
            0,
            -1,
            0,
            0,
            0
        ],
        [
            -1,
            0,
            0,
            0,
            0
        ],
        [
            0,
            0,
            0,
            0,
            0
        ],
        [
            0,
            0,
            0,
            0,
            0
        ],
        [
            -1,
            0,
            0,
            0,
            0
        ],
        [
            0,
            0,
            0,
            0,
            0
        ],
        [
            0,
            0,
            0,
            0,
            0
        ],
        [
            0,
            0,
            0,
            0,
            0
        ],
        [
            0,
            0,
            0,
            0,
            1
        ]
    ]
}