{
    "input_text": "A pile up of flowers in a vase.",
    "target_text": "A close up of flowers in a vase.",
    "num_tokens": 5,
    "adv_prompts": [
        "a pile up of flowers in a vase. glastonbury temples acoustic isable cufflinks",
        "a pile up of flowers in a vase. csi congressional terry sweatshirt personalized",
        "a pile up of flowers in a vase. planted trenches horoscope lightweight leggings",
        "a pile up of flowers in a vase. swood glastonbury band hooded cufflinks",
        "a pile up of flowers in a vase. customizable autism wyoming xbox sweatshirt",
        "a pile up of flowers in a vase. fascinating locomotive renovated afghanistan unveils",
        "a pile up of flowers in a vase. maternity custom labeling nascar leggings",
        "a pile up of flowers in a vase. nederland track rod cufflinks lovely",
        "a pile up of flowers in a vase. detail section mens hidden sweatshirt",
        "a pile up of flowers in a vase. arjuna crossfit insulated cassette apron"
    ],
    "blip_scores": [
        [
            0,
            0,
            0,
            0,
            0
        ],
        [
            1,
            0,
            1,
            0,
            0
        ],
        [
            0,
            0,
            0,
            0,
            0
        ],
        [
            0,
            0,
            0,
            0,
            0
        ],
        [
            0,
            0,
            0,
            0,
            1
        ],
        [
            1,
            0,
            0,
            0,
            0
        ],
        [
            0,
            0,
            0,
            0,
            0
        ],
        [
            0,
            0,
            0,
            0,
            0
        ],
        [
            0,
            1,
            0,
            0,
            0
        ],
        [
            0,
            0,
            0,
            0,
            0
        ]
    ]
}