{
    "input_text": "A man is plowing the field in preparation.",
    "target_text": "A man is plowing the lawn in preparation.",
    "num_tokens": 5,
    "adv_prompts": [
        "a man is plowing the field in preparation. fits carpets driveway lawntically",
        "a man is plowing the field in preparation. sidewalk from donating landscaping orders",
        "a man is plowing the field in preparation. packing gaf sidewalks aceous lawn",
        "a man is plowing the field in preparation. lawn sunk for patio ppings",
        "a man is plowing the field in preparation. lawn sorted driveway fore landscaping",
        "a man is plowing the field in preparation. driveway ruining thrift landscaping",
        "a man is plowing the field in preparation. lawn his driveway athing build",
        "a man is plowing the field in preparation. driveway lawn rebuilt from joints",
        "a man is plowing the field in preparation. front lawn garage rebuild grass",
        "a man is plowing the field in preparation. fueling sidewalk ruining landscaping.\""
    ],
    "blip_scores": [
        [
            0,
            0,
            0,
            0,
            0
        ],
        [
            0,
            0,
            0,
            0,
            0
        ],
        [
            0,
            0,
            0,
            0,
            0
        ],
        [
            0,
            0,
            0,
            0,
            -1
        ],
        [
            0,
            0,
            0,
            0,
            0
        ],
        [
            0,
            0,
            0,
            0,
            0
        ],
        [
            0,
            0,
            0,
            0,
            0
        ],
        [
            0,
            0,
            0,
            0,
            0
        ],
        [
            0,
            0,
            0,
            0,
            0
        ],
        [
            0,
            0,
            0,
            0,
            0
        ]
    ]
}