{
    "input_text": "A car on a tree branch.",
    "target_text": "A jack o lantern on a tree branch.",
    "num_tokens": 5,
    "adv_prompts": [
        "a car on a tree branch. attached wary tabs mfg liner",
        "a car on a tree branch. moonlight packer downs resembles grin",
        "a car on a tree branch. two pumpkins sack specifically mascot",
        "a car on a tree branch. moonlight reindeer teases tripod needing",
        "a car on a tree branch. incorporating mounts crane cheek recovery",
        "a car on a tree branch. :' spooky sized bootleg pumpkin",
        "a car on a tree branch. lighted huge potato gall blaze",
        "a car on a tree branch. animated pumpkins sizing wickets when",
        "a car on a tree branch. wary hem packer vick pumpkin",
        "a car on a tree branch. younger tx battle warbler divisions"
    ],
    "blip_scores": [
        [
            0,
            0,
            0,
            -1,
            0
        ],
        [
            -1,
            -1,
            0,
            -1,
            0
        ],
        [
            1,
            1,
            0,
            1,
            0
        ],
        [
            0,
            0,
            0,
            0,
            0
        ],
        [
            0,
            0,
            0,
            0,
            0
        ],
        [
            1,
            1,
            0,
            1,
            1
        ],
        [
            0,
            0,
            0,
            1,
            0
        ],
        [
            1,
            0,
            0,
            0,
            0
        ],
        [
            1,
            1,
            0,
            1,
            0
        ],
        [
            0,
            0,
            0,
            0,
            0
        ]
    ],
    "gense_cos_sim": 0.5271530747413635,
    "clip_cos_sim": 0.5824770927429199
}