{
    "input_text": "A man holding a square shaped pizza pie.",
    "target_text": "A man holding a pumpkin shaped pizza pie.",
    "num_tokens": 5,
    "adv_prompts": [
        "a man holding a square shaped pizza pie. pumpkins foreground changeable magazine bra",
        "a man holding a square shaped pizza pie. snes pumpkin pumpkins ]. fascinating",
        "a man holding a square shaped pizza pie. pumpkin motocross.. awesomeness pinball",
        "a man holding a square shaped pizza pie. inflatable pumpkin superbike facts afs",
        "a man holding a square shaped pizza pie. stripping tiara pumpkins chiffon jumpsuit",
        "a man holding a square shaped pizza pie. assembled \" hamas pumpkin superbike",
        "a man holding a square shaped pizza pie. here folding pumpkin monopoly transformed",
        "a man holding a square shaped pizza pie. motocross \"\"\" pumpkins snes coolest",
        "a man holding a square shaped pizza pie. superbike pumpkin sculpture ]: mysterious",
        "a man holding a square shaped pizza pie. pumpkins gundam snes motocross transforms"
    ],
    "blip_scores": [
        [
            0,
            -1,
            0,
            -1,
            0
        ],
        [
            0,
            0,
            0,
            0,
            0
        ],
        [
            0,
            0,
            0,
            0,
            0
        ],
        [
            0,
            0,
            0,
            0,
            0
        ],
        [
            0,
            0,
            0,
            0,
            0
        ],
        [
            0,
            0,
            1,
            1,
            0
        ],
        [
            -1,
            0,
            -1,
            0,
            0
        ],
        [
            0,
            0,
            0,
            0,
            0
        ],
        [
            0,
            0,
            1,
            0,
            1
        ],
        [
            0,
            0,
            0,
            0,
            0
        ]
    ]
}