{
    "input_text": "A large clock tower towering over a city.",
    "target_text": "A large clock tower towering over a hill.",
    "num_tokens": 5,
    "adv_prompts": [
        "a large clock tower towering over a city. hill blanks tent grasses kano",
        "a large clock tower towering over a city. hillside campground slope ]. 4",
        "a large clock tower towering over a city. the downhill hillside asphalt arena",
        "a large clock tower towering over a city. uphill hillside functional lawn homeschool",
        "a large clock tower towering over a city. hill slope.. personalized chiropractic",
        "a large clock tower towering over a city. awesome landscaping hill playa vhs",
        "a large clock tower towering over a city. mowing hillside hill isolated wildflower",
        "a large clock tower towering over a city. hill cover ( grass raceway",
        "a large clock tower towering over a city. driveway hill (+ unusual letter",
        "a large clock tower towering over a city. fascinating slopes downhill gravel playhouse"
    ],
    "blip_scores": [
        [
            0,
            0,
            0,
            0,
            0
        ],
        [
            0,
            1,
            0,
            0,
            0
        ],
        [
            0,
            0,
            0,
            0,
            0
        ],
        [
            1,
            1,
            1,
            1,
            1
        ],
        [
            0,
            0,
            0,
            0,
            0
        ],
        [
            1,
            1,
            1,
            1,
            1
        ],
        [
            1,
            1,
            1,
            0,
            1
        ],
        [
            0,
            0,
            0,
            0,
            0
        ],
        [
            1,
            0,
            1,
            0,
            1
        ],
        [
            0,
            1,
            1,
            1,
            1
        ]
    ]
}