{
    "input_text": "a red cabin on a mountain.",
    "target_text": "a red dragon on a mountain.",
    "num_tokens": 5,
    "adv_prompts": [
        "a red cabin on a mountain. crochet dragon earrings mopar hoppy",
        "a red cabin on a mountain. snowflake dragon responsive crochet dragon",
        "a red cabin on a mountain. dragon pakistani ~~~ bacon cufflinks",
        "a red cabin on a mountain. bally ellington crochet dragon sandal",
        "a red cabin on a mountain. dragon graduated fighting cheerleader sunglasses",
        "a red cabin on a mountain. ]: crochet dragon encouraging macy",
        "a red cabin on a mountain. ]: crochet dragon alpine earrings",
        "a red cabin on a mountain. broccoli filipino dragon earrings mopar",
        "a red cabin on a mountain. dragon decorated monmouth vase islam",
        "a red cabin on a mountain. bally dragon coffee earrings cute"
    ],
    "blip_scores": [
        [
            0,
            0,
            0,
            0,
            0
        ],
        [
            0,
            0,
            0,
            0,
            0
        ],
        [
            0,
            0,
            0,
            0,
            0
        ],
        [
            0,
            0,
            0,
            0,
            0
        ],
        [
            0,
            0,
            0,
            0,
            0
        ],
        [
            0,
            0,
            1,
            1,
            0
        ],
        [
            0,
            0,
            0,
            0,
            0
        ],
        [
            0,
            0,
            0,
            0,
            0
        ],
        [
            0,
            0,
            0,
            0,
            0
        ],
        [
            0,
            0,
            0,
            0,
            0
        ]
    ],
    "gense_cos_sim": 0.5415840148925781,
    "clip_cos_sim": 0.7410390377044678
}