{
    "input_text": "A large clock tower and traffic moving near.",
    "target_text": "A large residential tower and traffic moving near.",
    "num_tokens": 5,
    "adv_prompts": [
        "a large clock tower and traffic moving near. \u00faresidential condominparkland royalty",
        "a large clock tower and traffic moving near. smx corrie condominpeterson residential",
        "a large clock tower and traffic moving near. madisonshenzhen residential gartner brando",
        "a large clock tower and traffic moving near. cookresidential mashbeirut residential",
        "a large clock tower and traffic moving near. residential condos cookmandatory ople",
        "a large clock tower and traffic moving near. clay arenscapes condominshenzhen",
        "a large clock tower and traffic moving near. condominagatha occidunk pland",
        "a large clock tower and traffic moving near. _( condo essen manly manhattan",
        "a large clock tower and traffic moving near. vortex benefitting coutinho residential eden",
        "a large clock tower and traffic moving near. adani residential beneath obsedulwich"
    ],
    "blip_scores": [
        [
            1,
            0,
            1,
            1,
            0
        ],
        [
            0,
            1,
            0,
            1,
            0
        ],
        [
            1,
            1,
            1,
            0,
            1
        ],
        [
            1,
            0,
            0,
            1,
            1
        ],
        [
            1,
            1,
            0,
            0,
            1
        ],
        [
            1,
            0,
            0,
            1,
            0
        ],
        [
            0,
            1,
            1,
            0,
            0
        ],
        [
            1,
            0,
            0,
            0,
            0
        ],
        [
            0,
            1,
            0,
            1,
            0
        ],
        [
            0,
            0,
            0,
            1,
            0
        ]
    ]
}