{
    "input_text": "A group of people gather around a table.",
    "target_text": "A group of people gather around a plane.",
    "num_tokens": 5,
    "adv_prompts": [
        "a group of people gather around a table. aerospace plane parked traininside",
        "a group of people gather around a table. passengers plane aircraft frosted boeing",
        "a group of people gather around a table. parked plane and boeing showcasing",
        "a group of people gather around a table. prank airplane phstaircase mondo",
        "a group of people gather around a table. logging plane infront airplane \u2764",
        "a group of people gather around a table. airplane outbound lagos parked buttery",
        "a group of people gather around a table. airplane accessing icy boeing planes",
        "a group of people gather around a table. frozen airline jet parked airplane",
        "a group of people gather around a table. hauled northbound airplanes frosted plane",
        "a group of people gather around a table. plane parked whitecairplane frosted"
    ],
    "blip_scores": [
        [
            1,
            1,
            1,
            1,
            1
        ],
        [
            1,
            1,
            1,
            1,
            1
        ],
        [
            1,
            1,
            1,
            1,
            1
        ],
        [
            1,
            1,
            1,
            0,
            1
        ],
        [
            1,
            1,
            1,
            1,
            1
        ],
        [
            1,
            0,
            0,
            1,
            1
        ],
        [
            1,
            1,
            1,
            1,
            1
        ],
        [
            1,
            1,
            1,
            1,
            1
        ],
        [
            1,
            1,
            1,
            1,
            1
        ],
        [
            1,
            1,
            1,
            1,
            1
        ]
    ]
}