{
    "input_text": "A doodle of a light bulb on a blackboard.",
    "target_text": "A doodle of a dragon on a blackboard.",
    "num_tokens": 5,
    "adv_prompts": [
        "a doodle of a light bulb on a blackboard. msu | \" skis athlete",
        "a doodle of a light bulb on a blackboard. futuristic dragon dragons scrub goggles",
        "a doodle of a light bulb on a blackboard. \" reaper fighter induced dinosaur",
        "a doodle of a light bulb on a blackboard. \u2122 sniper homebrew dinosaur rifle",
        "a doodle of a light bulb on a blackboard. \" tulane dragon swagger pullover",
        "a doodle of a light bulb on a blackboard. \u2122 wife mesa reid pattern",
        "a doodle of a light bulb on a blackboard. wallpapers trex jungkook rifle crimea",
        "a doodle of a light bulb on a blackboard. awesome photobomb dragons \" free",
        "a doodle of a light bulb on a blackboard. ': lullaby cello lizards roblox",
        "a doodle of a light bulb on a blackboard. fy fianc\u00e9 cantina \u2122 pixie"
    ],
    "blip_scores": [
        [
            -1,
            0,
            0,
            0,
            0
        ],
        [
            0,
            0,
            0,
            0,
            1
        ],
        [
            1,
            0,
            0,
            -1,
            0
        ],
        [
            0,
            0,
            0,
            0,
            0
        ],
        [
            0,
            0,
            0,
            0,
            0
        ],
        [
            0,
            -1,
            0,
            -1,
            0
        ],
        [
            0,
            0,
            0,
            0,
            0
        ],
        [
            -1,
            -1,
            0,
            0,
            0
        ],
        [
            0,
            0,
            0,
            0,
            0
        ],
        [
            -1,
            0,
            0,
            0,
            -1
        ]
    ],
    "gense_cos_sim": 0.7271957993507385,
    "clip_cos_sim": 0.6965330839157104
}