{
    "input_text": "A grazing horse bending down eating grass.",
    "target_text": "A while horse bending down eating grass .",
    "num_tokens": 5,
    "adv_prompts": [
        "a grazing horse bending down eating grass. funko aussie pikachu biden nuns",
        "a grazing horse bending down eating grass. typewriter minion souvenirs pug garfield",
        "a grazing horse bending down eating grass. educate minions polynemacron cairns",
        "a grazing horse bending down eating grass. educate overwatch sion funko auntie",
        "a grazing horse bending down eating grass. wbc cthulhu fiorentina pattern concession",
        "a grazing horse bending down eating grass. redness \u2728 discography memes pepe",
        "a grazing horse bending down eating grass. oem merch batman thanos minion",
        "a grazing horse bending down eating grass. oem clemson thanos jesus minions",
        "a grazing horse bending down eating grass. redesign confederate pug ganesh jesus",
        "a grazing horse bending down eating grass. rican thanos pepe willie storytime"
    ],
    "blip_scores": [
        [
            0,
            0,
            0,
            0,
            0
        ],
        [
            0,
            0,
            0,
            0,
            0
        ],
        [
            0,
            0,
            0,
            0,
            0
        ],
        [
            0,
            0,
            0,
            0,
            0
        ],
        [
            0,
            -1,
            0,
            -1,
            0
        ],
        [
            0,
            0,
            0,
            0,
            0
        ],
        [
            0,
            0,
            0,
            0,
            0
        ],
        [
            0,
            0,
            0,
            0,
            0
        ],
        [
            0,
            0,
            0,
            0,
            0
        ],
        [
            0,
            0,
            0,
            0,
            0
        ]
    ]
}