{
    "input_text": "A ship sailing in the desert.",
    "target_text": "A ship sailing in the ocean.",
    "num_tokens": 5,
    "adv_prompts": [
        "a ship sailing in the desert. oodle quote pedal blackbird earrings",
        "a ship sailing in the desert. rushing azores currents clutch rihanna",
        "a ship sailing in the desert. karaoke elevation bias tide coaster",
        "a ship sailing in the desert. crown dized earrings chelsea nero",
        "a ship sailing in the desert. sleeps \u300f ripple alain cardigan",
        "a ship sailing in the desert. pedal coil eau necklaces euros",
        "a ship sailing in the desert. thday splash blackbird earrings mariana",
        "a ship sailing in the desert. quilt balsamic oose soap matisse",
        "a ship sailing in the desert. blacks vara necklace prix anjali",
        "a ship sailing in the desert. fisherman rinse cardi admiral quilted"
    ],
    "blip_scores": [
        [
            0,
            0,
            0,
            0,
            0
        ],
        [
            0,
            1,
            1,
            0,
            1
        ],
        [
            0,
            0,
            0,
            0,
            0
        ],
        [
            0,
            0,
            0,
            0,
            0
        ],
        [
            0,
            0,
            0,
            0,
            0
        ],
        [
            0,
            0,
            0,
            0,
            0
        ],
        [
            0,
            0,
            0,
            0,
            0
        ],
        [
            0,
            0,
            0,
            0,
            0
        ],
        [
            0,
            0,
            0,
            0,
            0
        ],
        [
            0,
            0,
            0,
            0,
            0
        ]
    ],
    "gense_cos_sim": 0.7368593811988831,
    "clip_cos_sim": 0.8671145439147949
}