{
    "input_text": "an astronaut floating in space.",
    "target_text": "a dinosaur floating in space.",
    "num_tokens": 5,
    "adv_prompts": [
        "an astronaut floating in space. picturesque alaska dinosaur bowling reopens",
        "an astronaut floating in space. woo premiership dinosaur \u2014 dvd",
        "an astronaut floating in space. picturesque dinosaur reopens \u2665 innocence",
        "an astronaut floating in space. restaurant recovers dinosaur wonderfully arcade",
        "an astronaut floating in space. lorry snowed dinosaur megjapanese",
        "an astronaut floating in space. dinosaurs bowling reopens burger luscious",
        "an astronaut floating in space. picturesque innocent dinosaur anterseaworld",
        "an astronaut floating in space. picturesque cared dinosaur arcade [@",
        "an astronaut floating in space. dinosaur looks yummy reopens bowling",
        "an astronaut floating in space. picturesque dinosaur attracreopened zelda"
    ],
    "blip_scores": [
        [
            0,
            0,
            0,
            0,
            0
        ],
        [
            0,
            0,
            0,
            0,
            -1
        ],
        [
            1,
            0,
            0,
            0,
            0
        ],
        [
            0,
            0,
            0,
            0,
            0
        ],
        [
            0,
            0,
            0,
            0,
            0
        ],
        [
            0,
            0,
            0,
            0,
            0
        ],
        [
            0,
            0,
            0,
            0,
            1
        ],
        [
            0,
            0,
            0,
            0,
            0
        ],
        [
            0,
            0,
            0,
            0,
            0
        ],
        [
            0,
            0,
            0,
            0,
            0
        ]
    ],
    "gense_cos_sim": 0.6501432061195374,
    "clip_cos_sim": 0.8169358968734741
}