{
    "input_text": "A large airplane is on the airport runway.",
    "target_text": "A large hangar is on the airport runway.",
    "num_tokens": 5,
    "adv_prompts": [
        "a large airplane is on the airport runway. hangar renault battleship skirt illinois",
        "a large airplane is on the airport runway. hangar tting nurplano aidan",
        "a large airplane is on the airport runway. hangar sectional lobby elgin bugatti",
        "a large airplane is on the airport runway. hangar hangar ideas rolex cecil",
        "a large airplane is on the airport runway. hangar necklace hangar narcisforest",
        "a large airplane is on the airport runway. bugatti hangar givenchy venues gladys",
        "a large airplane is on the airport runway. hangar hangar nikesectional regina",
        "a large airplane is on the airport runway. hangar hangar renault arkham georges",
        "a large airplane is on the airport runway. hangar nails indoor elgin astrid",
        "a large airplane is on the airport runway. hangar cheerleading elgin thirkathy"
    ],
    "blip_scores": [
        [
            0,
            0,
            -1,
            0,
            0
        ],
        [
            -1,
            -1,
            -1,
            -1,
            0
        ],
        [
            0,
            0,
            0,
            0,
            0
        ],
        [
            0,
            0,
            0,
            0,
            0
        ],
        [
            -1,
            -1,
            -1,
            0,
            0
        ],
        [
            -1,
            -1,
            -1,
            -1,
            -1
        ],
        [
            0,
            0,
            0,
            -1,
            0
        ],
        [
            0,
            0,
            0,
            0,
            -1
        ],
        [
            -1,
            0,
            0,
            -1,
            -1
        ],
        [
            -1,
            -1,
            -1,
            -1,
            -1
        ]
    ]
}