{
    "input_text": "a giraffe staring right into the camera ",
    "target_text": "a man staring right into the camera ",
    "num_tokens": 5,
    "adv_prompts": [
        "a giraffe staring right into the camera setlist perfume strikers teras marian",
        "a giraffe staring right into the camera ancestors souvenirs cd reviewed makin",
        "a giraffe staring right into the camera eyewear leslijukebox choreography mamamoo",
        "a giraffe staring right into the camera dollars tights?: quotes niall",
        "a giraffe staring right into the camera learner soundcheck dvd mmings murphy",
        "a giraffe staring right into the camera discography madonna trillion choreography nails",
        "a giraffe staring right into the camera lyrics conducted viswasam ipod collectors",
        "a giraffe staring right into the camera?: genealogy manicure opi budgets",
        "a giraffe staring right into the camera remixes overwhelmed lp siriusxm walt",
        "a giraffe staring right into the camera mashup choreography worsenscholarly girls"
    ],
    "blip_scores": [
        [
            0,
            0,
            0,
            0,
            0
        ],
        [
            0,
            0,
            0,
            0,
            0
        ],
        [
            0,
            0,
            0,
            0,
            0
        ],
        [
            0,
            0,
            0,
            0,
            0
        ],
        [
            0,
            0,
            1,
            0,
            0
        ],
        [
            0,
            0,
            -1,
            0,
            0
        ],
        [
            1,
            0,
            1,
            1,
            0
        ],
        [
            0,
            -1,
            0,
            0,
            0
        ],
        [
            -1,
            -1,
            -1,
            0,
            0
        ],
        [
            0,
            0,
            0,
            0,
            0
        ]
    ]
}