{
    "input_text": "A large table with many vases of flowers.",
    "target_text": "A large garden with many vases of flowers.",
    "num_tokens": 5,
    "adv_prompts": [
        "a large table with many vases of flowers. \u2122 davinamy surya mod",
        "a large table with many vases of flowers. maya \u2122 garden enjoys 't",
        "a large table with many vases of flowers. backyard benances anus \u2122",
        "a large table with many vases of flowers. teresa nagoya \u2122 pair flood",
        "a large table with many vases of flowers. kki garden \u2122 rare \"\"",
        "a large table with many vases of flowers. ben \" garden defensive're",
        "a large table with many vases of flowers. iq \" garden version controls",
        "a large table with many vases of flowers. \u2122 gopal promethekjv goro",
        "a large table with many vases of flowers. agronics tuner \" rajinikanth",
        "a large table with many vases of flowers. shan ssr bb \" blender"
    ],
    "blip_scores": [
        [
            0,
            -1,
            -1,
            -1,
            -1
        ],
        [
            1,
            1,
            1,
            1,
            1
        ],
        [
            0,
            1,
            0,
            0,
            1
        ],
        [
            0,
            0,
            0,
            -1,
            0
        ],
        [
            1,
            1,
            -1,
            1,
            0
        ],
        [
            1,
            0,
            1,
            1,
            0
        ],
        [
            1,
            0,
            0,
            0,
            0
        ],
        [
            0,
            0,
            0,
            -1,
            -1
        ],
        [
            0,
            0,
            0,
            0,
            0
        ],
        [
            -1,
            0,
            -1,
            -1,
            0
        ]
    ]
}