{
    "input_text": "a horse in a field of tall grass",
    "target_text": "a tree in a field of tall grass",
    "num_tokens": 5,
    "adv_prompts": [
        "a horse in a field of tall grass setlist gallery mushrooms hannover ozzy",
        "a horse in a field of tall grass treehouse discography kansas brics framed",
        "a horse in a field of tall grass ozzy duet treehouse glastonbury setlist",
        "a horse in a field of tall grass treehouse setlist practice ozzy psp",
        "a horse in a field of tall grass records counterfeit california tree wikipedia",
        "a horse in a field of tall grass treehouse improv crew scorecard cambridge",
        "a horse in a field of tall grass distributors setlist collaborative elo lahore",
        "a horse in a field of tall grass discography tree duo collector latam",
        "a horse in a field of tall grass pools setlist warhammer stuttgart improve",
        "a horse in a field of tall grass archaeology tree dudes corvette discography"
    ],
    "blip_scores": [
        [
            0,
            0,
            0,
            0,
            0
        ],
        [
            0,
            1,
            0,
            0,
            0
        ],
        [
            0,
            0,
            0,
            0,
            0
        ],
        [
            0,
            0,
            0,
            0,
            0
        ],
        [
            0,
            1,
            1,
            1,
            1
        ],
        [
            0,
            0,
            0,
            0,
            0
        ],
        [
            0,
            -1,
            0,
            0,
            0
        ],
        [
            -1,
            1,
            0,
            0,
            0
        ],
        [
            0,
            -1,
            0,
            0,
            -1
        ],
        [
            0,
            1,
            1,
            1,
            1
        ]
    ]
}