{
    "input_text": "A slice of chocolate cake with chocolate icing.",
    "target_text": "A piece of chocolate cake with chocolate icing.",
    "num_tokens": 5,
    "adv_prompts": [
        "a slice of chocolate cake with chocolate icing. nipple sunglasses pez hannibal candle",
        "a slice of chocolate cake with chocolate icing. stles nipple scalp fitted piercing",
        "a slice of chocolate cake with chocolate icing. scalp injection kenzie eternity piercing",
        "a slice of chocolate cake with chocolate icing. scalp whead nipple nit piece",
        "a slice of chocolate cake with chocolate icing. scalp pez piece knobs kirby",
        "a slice of chocolate cake with chocolate icing. piece candles westworld scalp matisse",
        "a slice of chocolate cake with chocolate icing. tights squirnipples candle scalp",
        "a slice of chocolate cake with chocolate icing. unas cum appointments piece scalp",
        "a slice of chocolate cake with chocolate icing. pez scary dexter patents interfaith",
        "a slice of chocolate cake with chocolate icing. spawn candle catwoman pipes pickle"
    ],
    "blip_scores": [
        [
            0,
            0,
            0,
            0,
            0
        ],
        [
            0,
            0,
            0,
            0,
            0
        ],
        [
            0,
            0,
            0,
            0,
            0
        ],
        [
            0,
            0,
            0,
            0,
            0
        ],
        [
            0,
            0,
            0,
            0,
            0
        ],
        [
            0,
            0,
            0,
            0,
            0
        ],
        [
            0,
            0,
            0,
            0,
            0
        ],
        [
            0,
            0,
            0,
            0,
            0
        ],
        [
            0,
            0,
            0,
            0,
            0
        ],
        [
            0,
            0,
            0,
            0,
            0
        ]
    ]
}