{
    "input_text": "A new silver motorbike parked in a garage.",
    "target_text": "A new silver Porsche parked in a garage.",
    "num_tokens": 5,
    "adv_prompts": [
        "a new silver motorbike parked in a garage. porsche quite lovin \u00ae cayman",
        "a new silver motorbike parked in a garage. delightful porsche carrera sampler \u0940",
        "a new silver motorbike parked in a garage. vermont porsche sedan nicely \u2014",
        "a new silver motorbike parked in a garage. deliciousness porsche gts \" icist",
        "a new silver motorbike parked in a garage. weirdest period cayman porsche \u2014",
        "a new silver motorbike parked in a garage. delicious \" conversion porsche ~~",
        "a new silver motorbike parked in a garage. porsche was awesomeness sportscar memorable",
        "a new silver motorbike parked in a garage. nicely yummy porsche festival impeccable",
        "a new silver motorbike parked in a garage. gorgeous porsche mallorca foamfication",
        "a new silver motorbike parked in a garage. delightful porschtical porsche \u2014"
    ],
    "blip_scores": [
        [
            0,
            1,
            1,
            1,
            1
        ],
        [
            0,
            1,
            0,
            1,
            1
        ],
        [
            0,
            1,
            1,
            1,
            0
        ],
        [
            1,
            1,
            1,
            1,
            -1
        ],
        [
            1,
            1,
            0,
            1,
            1
        ],
        [
            0,
            0,
            0,
            0,
            0
        ],
        [
            1,
            1,
            1,
            1,
            1
        ],
        [
            0,
            1,
            0,
            0,
            -1
        ],
        [
            1,
            0,
            1,
            0,
            0
        ],
        [
            1,
            1,
            0,
            1,
            1
        ]
    ]
}