{
    "input_text": "A man walking on grass near mountains. ",
    "target_text": "A bear walking on grass near mountains. ",
    "num_tokens": 5,
    "adv_prompts": [
        "a man walking on grass near mountains. attacked bear engaging \u00ed\u0430",
        "a man walking on grass near mountains. bearcats \" attacking bear underneath",
        "a man walking on grass near mountains. bear attacking silky mutubiting",
        "a man walking on grass near mountains. mated grizzlies wolverine biting \"",
        "a man walking on grass near mountains. attacked bear touching \u00ed\u00f6",
        "a man walking on grass near mountains. sized juvenile sanm\u00e9xico bear",
        "a man walking on grass near mountains. sophomore bear biting prickcest",
        "a man walking on grass near mountains. bear \u00eeespn attacking racer",
        "a man walking on grass near mountains. bears \" cub bse biting",
        "a man walking on grass near mountains. tious cleaned \" bear biting"
    ],
    "blip_scores": [
        [
            0,
            0,
            1,
            0,
            1
        ],
        [
            1,
            1,
            0,
            1,
            1
        ],
        [
            0,
            1,
            1,
            1,
            1
        ],
        [
            1,
            1,
            1,
            0,
            1
        ],
        [
            1,
            0,
            1,
            1,
            1
        ],
        [
            1,
            1,
            1,
            0,
            1
        ],
        [
            1,
            1,
            1,
            1,
            1
        ],
        [
            0,
            1,
            0,
            0,
            1
        ],
        [
            1,
            1,
            1,
            0,
            1
        ],
        [
            1,
            -1,
            1,
            1,
            -1
        ]
    ]
}