{
    "input_text": "a close up of a disassembled remote control  ",
    "target_text": "a mock up of a disassembled remote control  ",
    "num_tokens": 5,
    "adv_prompts": [
        "a close up of a disassembled remote control mock ups surrounded redesign renders",
        "a close up of a disassembled remote control mock geoff redesign ick renders",
        "a close up of a disassembled remote control simulation customized technical polyvore projection",
        "a close up of a disassembled remote control mock mock customized coll redesign",
        "a close up of a disassembled remote control mock projection customization ations sketch",
        "a close up of a disassembled remote control mock renders backed ricky configuration",
        "a close up of a disassembled remote control mock polyvore issanmapping completion",
        "a close up of a disassembled remote control mock renders adopted customized auk",
        "a close up of a disassembled remote control published customized fitduck renders",
        "a close up of a disassembled remote control suggested redesign nit '' mock"
    ],
    "blip_scores": [
        [
            0,
            0,
            0,
            0,
            0
        ],
        [
            0,
            0,
            0,
            0,
            0
        ],
        [
            0,
            0,
            0,
            0,
            0
        ],
        [
            0,
            -1,
            0,
            0,
            0
        ],
        [
            0,
            0,
            0,
            0,
            0
        ],
        [
            -1,
            0,
            0,
            0,
            0
        ],
        [
            -1,
            0,
            0,
            0,
            0
        ],
        [
            0,
            0,
            0,
            0,
            0
        ],
        [
            0,
            0,
            0,
            0,
            0
        ],
        [
            0,
            0,
            0,
            0,
            0
        ]
    ]
}