{
    "input_text": "a red dragon in a cave.",
    "target_text": "a red cabin in a cave.",
    "num_tokens": 5,
    "adv_prompts": [
        "a red dragon in a cave. cabins architecture suitcase rounded thouse",
        "a red dragon in a cave. famous cabin tesssuitcase architects",
        "a red dragon in a cave. keef cabin realised cabins architects",
        "a red dragon in a cave. fake townhouse overturned avengers torre",
        "a red dragon in a cave. pallet cabin remodelcanned tower",
        "a red dragon in a cave. glossy swimsuit house double yui",
        "a red dragon in a cave. prettiest cabins bunk buds cassette",
        "a red dragon in a cave. photographers edible wooden cabins submerged",
        "a red dragon in a cave. translucent hardcover cabins nigerians cabins",
        "a red dragon in a cave. wooden cabin edible townhouse disappears"
    ],
    "blip_scores": [
        [
            0,
            1,
            0,
            0,
            0
        ],
        [
            1,
            0,
            1,
            1,
            0
        ],
        [
            1,
            1,
            0,
            0,
            0
        ],
        [
            0,
            0,
            0,
            0,
            0
        ],
        [
            0,
            0,
            0,
            0,
            0
        ],
        [
            0,
            0,
            0,
            0,
            0
        ],
        [
            0,
            1,
            0,
            0,
            1
        ],
        [
            1,
            0,
            1,
            0,
            0
        ],
        [
            0,
            0,
            0,
            0,
            0
        ],
        [
            0,
            0,
            0,
            0,
            0
        ]
    ],
    "gense_cos_sim": 0.6789752244949341,
    "clip_cos_sim": 0.756618857383728
}