{
    "input_text": "A bunch of doughnuts with sprinkles on them",
    "target_text": "A batch of doughnuts with sprinkles on them",
    "num_tokens": 5,
    "adv_prompts": [
        "a bunch of doughnuts with sprinkles on them kicked :// batch exactly traditionally",
        "a bunch of doughnuts with sprinkles on them kier batch'm pounding mochi",
        "a bunch of doughnuts with sprinkles on them proved :// batch he sivity",
        "a bunch of doughnuts with sprinkles on them batch backed begun",
        "a bunch of doughnuts with sprinkles on them ( batch he backed batch",
        "a bunch of doughnuts with sprinkles on them add batch keted overnight brewers",
        "a bunch of doughnuts with sprinkles on them completed pottsotchy batch",
        "a bunch of doughnuts with sprinkles on them 'd otp batch micredness",
        "a bunch of doughnuts with sprinkles on them batch slightly provocly done",
        "a bunch of doughnuts with sprinkles on them exactly batch sofelled here"
    ],
    "blip_scores": [
        [
            0,
            0,
            0,
            0,
            0
        ],
        [
            0,
            0,
            0,
            0,
            0
        ],
        [
            0,
            0,
            0,
            0,
            0
        ],
        [
            0,
            0,
            0,
            0,
            0
        ],
        [
            0,
            0,
            0,
            0,
            0
        ],
        [
            0,
            0,
            0,
            0,
            0
        ],
        [
            0,
            0,
            0,
            0,
            0
        ],
        [
            0,
            0,
            0,
            0,
            0
        ],
        [
            0,
            0,
            0,
            0,
            0
        ],
        [
            0,
            0,
            0,
            0,
            0
        ]
    ]
}