{
    "input_text": "A desk with a laptop an computer monitors.",
    "target_text": "A woman with a laptop an computer monitors.",
    "num_tokens": 5,
    "adv_prompts": [
        "a desk with a laptop an computer monitors. woman excavlooks how acing",
        "a desk with a laptop an computer monitors. woman against moreno instantmil",
        "a desk with a laptop an computer monitors. bto woman adani bars holds",
        "a desk with a laptop an computer monitors. audiayobahrain and woman",
        "a desk with a laptop an computer monitors. [ woman with nc convenient",
        "a desk with a laptop an computer monitors. woman with vii :",
        "a desk with a laptop an computer monitors. woman checking marintracey (",
        "a desk with a laptop an computer monitors. bauer,, woman learns intelligent",
        "a desk with a laptop an computer monitors. woman at db reads afp",
        "a desk with a laptop an computer monitors. gourworkcambodia cnbc woman"
    ],
    "blip_scores": [
        [
            0,
            0,
            0,
            0,
            0
        ],
        [
            0,
            -1,
            0,
            -1,
            0
        ],
        [
            0,
            0,
            0,
            0,
            0
        ],
        [
            0,
            -1,
            0,
            -1,
            -1
        ],
        [
            -1,
            0,
            -1,
            0,
            0
        ],
        [
            0,
            0,
            0,
            0,
            0
        ],
        [
            0,
            0,
            0,
            -1,
            0
        ],
        [
            0,
            0,
            -1,
            0,
            0
        ],
        [
            0,
            -1,
            0,
            0,
            -1
        ],
        [
            0,
            0,
            0,
            0,
            0
        ]
    ]
}