{
    "input_text": "A beautiful young woman buckling her wedding belt.",
    "target_text": "A beautiful young woman buckling her seat belt.",
    "num_tokens": 5,
    "adv_prompts": [
        "a beautiful young woman buckling her wedding belt. backseat sachin teng driving volkswagen",
        "a beautiful young woman buckling her wedding belt. backseat dump protectors \" suki",
        "a beautiful young woman buckling her wedding belt. \u2122 convertible seat backseat commander",
        "a beautiful young woman buckling her wedding belt. macbeth denny cab quilted backseat",
        "a beautiful young woman buckling her wedding belt. backseat driver miki akira \"",
        "a beautiful young woman buckling her wedding belt. steering seats raider outback corsair",
        "a beautiful young woman buckling her wedding belt. backseat instructor seatsteer nelly",
        "a beautiful young woman buckling her wedding belt. backseat pounding hwan \" tuner",
        "a beautiful young woman buckling her wedding belt. driver passenger bolt console backseat",
        "a beautiful young woman buckling her wedding belt. backseat tester rawlings companion stix"
    ],
    "blip_scores": [
        [
            0,
            0,
            0,
            0,
            0
        ],
        [
            0,
            0,
            0,
            0,
            0
        ],
        [
            0,
            0,
            0,
            0,
            0
        ],
        [
            0,
            0,
            0,
            0,
            0
        ],
        [
            1,
            0,
            0,
            0,
            0
        ],
        [
            0,
            0,
            0,
            0,
            0
        ],
        [
            0,
            1,
            0,
            0,
            0
        ],
        [
            0,
            0,
            0,
            0,
            0
        ],
        [
            0,
            0,
            0,
            0,
            0
        ],
        [
            0,
            0,
            0,
            0,
            1
        ]
    ]
}