{
    "input_text": "a couple of cellphones are on a rampage",
    "target_text": "a couple of cellphones are on a table",
    "num_tokens": 5,
    "adv_prompts": [
        "a couple of cellphones are on a rampage able organizdressed red table",
        "a couple of cellphones are on a rampage calico table ornate alter organized",
        "a couple of cellphones are on a rampage painted table coordinating wood plants",
        "a couple of cellphones are on a rampage craftsman tabletop sible bright decorated",
        "a couple of cellphones are on a rampage shaded athered table decorated tabletop",
        "a couple of cellphones are on a rampage calico faceted veled table braided",
        "a couple of cellphones are on a rampage potted ornate table leans asleep",
        "a couple of cellphones are on a rampage table placed athered sunset resting",
        "a couple of cellphones are on a rampage ously ornate table leans placed",
        "a couple of cellphones are on a rampage camino asana table piper resting"
    ],
    "blip_scores": [
        [
            0,
            1,
            0,
            0,
            0
        ],
        [
            0,
            1,
            0,
            0,
            1
        ],
        [
            0,
            0,
            0,
            0,
            1
        ],
        [
            0,
            0,
            1,
            1,
            0
        ],
        [
            1,
            1,
            1,
            1,
            1
        ],
        [
            0,
            0,
            0,
            0,
            0
        ],
        [
            1,
            1,
            0,
            0,
            1
        ],
        [
            1,
            1,
            0,
            1,
            1
        ],
        [
            0,
            0,
            0,
            0,
            0
        ],
        [
            1,
            0,
            0,
            0,
            0
        ]
    ]
}