{
    "input_text": "A spaceship on moon.",
    "target_text": "A spaceship on Mars.",
    "num_tokens": 5,
    "adv_prompts": [
        "a spaceship on moon. mars audio matic manicure fabric",
        "a spaceship on moon. seconds mars mars leh don",
        "a spaceship on moon. mars zion masses pendants hat",
        "a spaceship on moon. marx webcomic kit introduction kylo",
        "a spaceship on moon. mars mart patch vegas where",
        "a spaceship on moon. ghosts mars mars resort whose",
        "a spaceship on moon. sinai jade audiobook danube mars",
        "a spaceship on moon. audio mart intermediate glorylashes",
        "a spaceship on moon. mars mak plugins detergent zm",
        "a spaceship on moon. traitor mars manicure matrix yarn"
    ],
    "blip_scores": [
        [
            0,
            0,
            0,
            0,
            0
        ],
        [
            1,
            0,
            0,
            0,
            0
        ],
        [
            0,
            -1,
            0,
            0,
            1
        ],
        [
            0,
            0,
            0,
            0,
            -1
        ],
        [
            0,
            0,
            -1,
            0,
            0
        ],
        [
            0,
            0,
            1,
            0,
            0
        ],
        [
            0,
            1,
            0,
            -1,
            0
        ],
        [
            0,
            0,
            0,
            0,
            0
        ],
        [
            0,
            0,
            0,
            0,
            0
        ],
        [
            0,
            0,
            0,
            0,
            0
        ]
    ],
    "gense_cos_sim": 0.8306997418403625,
    "clip_cos_sim": 0.8843356370925903
}