{
    "input_text": "a calico kitty sleeping in an orange blanket ",
    "target_text": "a calico kitty sleeping in an orange chair ",
    "num_tokens": 5,
    "adv_prompts": [
        "a calico kitty sleeping in an orange blanket galaxy steampunk chair necklace patience",
        "a calico kitty sleeping in an orange blanket tint chair,' absence foo",
        "a calico kitty sleeping in an orange blanket chair chairs _. endorsty",
        "a calico kitty sleeping in an orange blanket chair ye lucky decece",
        "a calico kitty sleeping in an orange blanket chair chairs whimsical planting punched",
        "a calico kitty sleeping in an orange blanket chair amongst chairs enchanted chair",
        "a calico kitty sleeping in an orange blanket chair otherwise chairs antiqugown",
        "a calico kitty sleeping in an orange blanket violet chair.., child unable",
        "a calico kitty sleeping in an orange blanket rosy chair rematch avisbayer",
        "a calico kitty sleeping in an orange blanket chair ; jenny peculiar chair"
    ],
    "blip_scores": [
        [
            0,
            1,
            1,
            0,
            1
        ],
        [
            0,
            0,
            0,
            0,
            0
        ],
        [
            0,
            1,
            -1,
            1,
            1
        ],
        [
            1,
            0,
            -1,
            -1,
            0
        ],
        [
            1,
            0,
            0,
            0,
            0
        ],
        [
            0,
            0,
            0,
            1,
            0
        ],
        [
            1,
            0,
            0,
            0,
            1
        ],
        [
            0,
            0,
            0,
            0,
            0
        ],
        [
            0,
            0,
            0,
            0,
            0
        ],
        [
            1,
            1,
            1,
            0,
            1
        ]
    ]
}