{
    "input_text": "A man on a motorcycle in a wheelchair ",
    "target_text": "A man on a motorcycle in a parade ",
    "num_tokens": 5,
    "adv_prompts": [
        "a man on a motorcycle in a wheelchair lanyard surrounds barra parade fascinated",
        "a man on a motorcycle in a wheelchair parade shallow crowdbroadway selfie",
        "a man on a motorcycle in a wheelchair lanyard examines rafting \" parade",
        "a man on a motorcycle in a wheelchair milling sunscreen parade compelling repeated",
        "a man on a motorcycle in a wheelchair rafting hamburg parade reflect...\"",
        "a man on a motorcycle in a wheelchair framing parade bulls foreground myrtle",
        "a man on a motorcycle in a wheelchair parade rulers framed producing awesome",
        "a man on a motorcycle in a wheelchair parade tablet beret transparency colorized",
        "a man on a motorcycle in a wheelchair identifying parade inflatable separatistunned",
        "a man on a motorcycle in a wheelchair concentrated raul forestry parade mise"
    ],
    "blip_scores": [
        [
            0,
            0,
            0,
            0,
            0
        ],
        [
            0,
            1,
            1,
            0,
            1
        ],
        [
            1,
            1,
            0,
            0,
            0
        ],
        [
            0,
            0,
            0,
            0,
            0
        ],
        [
            0,
            0,
            1,
            1,
            1
        ],
        [
            0,
            0,
            0,
            1,
            0
        ],
        [
            0,
            0,
            0,
            0,
            1
        ],
        [
            0,
            1,
            1,
            0,
            0
        ],
        [
            0,
            1,
            0,
            0,
            0
        ],
        [
            0,
            0,
            0,
            0,
            1
        ]
    ]
}