{
    "input_text": "An alien sitting on a chair on the moon.",
    "target_text": "A man sitting on a chair on the moon.",
    "num_tokens": 5,
    "adv_prompts": [
        "an alien sitting on a chair on the moon. accountable khalid extended soundcheck ck",
        "an alien sitting on a chair on the moon. marble fireplace polyvore restart cage",
        "an alien sitting on a chair on the moon. froome polyvore daddy \u25cf crowned",
        "an alien sitting on a chair on the moon. shattered man livesoundcheck chad",
        "an alien sitting on a chair on the moon. concert polyvore trunks versailles distracted",
        "an alien sitting on a chair on the moon. groom soundcheck tighten versailles niall",
        "an alien sitting on a chair on the moon. femme reloaded concerts packaging niall",
        "an alien sitting on a chair on the moon. groom flannel bunting panorama groom",
        "an alien sitting on a chair on the moon. niall instinsoundcheck cardiovascular male",
        "an alien sitting on a chair on the moon. crested polyvore husband justice cover"
    ],
    "blip_scores": [
        [
            0,
            0,
            0,
            0,
            0
        ],
        [
            0,
            0,
            0,
            0,
            0
        ],
        [
            0,
            0,
            0,
            0,
            0
        ],
        [
            0,
            0,
            0,
            0,
            0
        ],
        [
            0,
            0,
            0,
            0,
            0
        ],
        [
            0,
            0,
            0,
            0,
            0
        ],
        [
            0,
            0,
            0,
            0,
            0
        ],
        [
            0,
            0,
            0,
            0,
            0
        ],
        [
            0,
            0,
            0,
            0,
            0
        ],
        [
            0,
            0,
            0,
            0,
            0
        ]
    ],
    "gense_cos_sim": 0.8228999972343445,
    "clip_cos_sim": 0.85615074634552
}