{
    "input_text": " BEST GAME GOING ON WITH BATTER AT BAT",
    "target_text": "BASEBALL GAME GOING ON WITH BATTER AT BAT",
    "num_tokens": 5,
    "adv_prompts": [
        "best game going on with batter at bat holdings seated boyfriend biology tshirt",
        "best game going on with batter at bat logo ': osce vocabulary horizontal",
        "best game going on with batter at bat homeschool bride cufflinks iot nana",
        "best game going on with batter at bat seated biology sweatshirt lolowebinars",
        "best game going on with batter at bat dramas myalgenerators biology hoodie",
        "best game going on with batter at bat therapeutics seated tares wrestling apron",
        "best game going on with batter at bat brunette krakow tanzania svp bride",
        "best game going on with batter at bat perspectives biology drags menopause sweatshirt",
        "best game going on with batter at bat statesman cufflinks labeled theatre franklin",
        "best game going on with batter at bat grace literal seated chardonnay necklace"
    ],
    "blip_scores": [
        [
            0,
            0,
            0,
            0,
            0
        ],
        [
            0,
            0,
            1,
            1,
            1
        ],
        [
            0,
            0,
            0,
            0,
            0
        ],
        [
            0,
            0,
            0,
            0,
            0
        ],
        [
            0,
            0,
            0,
            0,
            0
        ],
        [
            0,
            0,
            0,
            0,
            0
        ],
        [
            1,
            1,
            1,
            1,
            1
        ],
        [
            0,
            0,
            0,
            0,
            0
        ],
        [
            0,
            0,
            0,
            0,
            0
        ],
        [
            0,
            0,
            0,
            0,
            0
        ]
    ]
}