{
    "input_text": "Silhouette of man in behind a curtain.",
    "target_text": "Silhouette of man in an sand storm.",
    "num_tokens": 5,
    "adv_prompts": [
        "silhouette of man in behind a curtain. yosemite spp \u00ae thunderstorms dua",
        "silhouette of man in behind a curtain. collar tabs bubblegum \u2122 snowstorm",
        "silhouette of man in behind a curtain. fog kite \u0280 desert",
        "silhouette of man in behind a curtain. thunderstorms shows mosul nyse wonderfully",
        "silhouette of man in behind a curtain. gtav desert lover robe \u2013",
        "silhouette of man in behind a curtain. fog kite fortnite bangladesh desert",
        "silhouette of man in behind a curtain. spraying \" firework foggy namibia",
        "silhouette of man in behind a curtain. afghanistan thunderstorm wwi skateboard jerseys",
        "silhouette of man in behind a curtain. lightweight uscg sweatshirt \u2013 monoxide",
        "silhouette of man in behind a curtain. uscg fog \u2013 kayaking wearable"
    ],
    "blip_scores": [
        [
            0,
            0,
            -1,
            0,
            0
        ],
        [
            0,
            0,
            0,
            0,
            0
        ],
        [
            0,
            0,
            0,
            0,
            0
        ],
        [
            0,
            0,
            0,
            -1,
            0
        ],
        [
            0,
            0,
            0,
            0,
            0
        ],
        [
            0,
            0,
            0,
            0,
            0
        ],
        [
            0,
            0,
            -1,
            -1,
            -1
        ],
        [
            0,
            0,
            0,
            0,
            0
        ],
        [
            0,
            0,
            0,
            0,
            0
        ],
        [
            0,
            0,
            0,
            0,
            0
        ]
    ],
    "gense_cos_sim": 0.5470929145812988,
    "clip_cos_sim": 0.7244787812232971
}