{
    "input_text": "A bird that is playing in the snow.",
    "target_text": "A squirrel that is playing in the snow.",
    "num_tokens": 5,
    "adv_prompts": [
        "a bird that is playing in the snow. female pleasant sudbury \u306esquirrel",
        "a bird that is playing in the snow. ': nativity suffeshaped squirrel",
        "a bird that is playing in the snow. male squirrels mutant inked \u2015",
        "a bird that is playing in the snow. squirrel ii \"\"\" composed squirrels",
        "a bird that is playing in the snow. irony \u2122...: seductive squirrels",
        "a bird that is playing in the snow. fleling bosnipainted squirrel",
        "a bird that is playing in the snow. piedmont hampshire squirrel obviously nude",
        "a bird that is playing in the snow. sizzling juvenile squirrels entirely charming",
        "a bird that is playing in the snow. squirrel adopts \u306ehumble soaking",
        "a bird that is playing in the snow. holm squirrel squirrel \u2015 here"
    ],
    "blip_scores": [
        [
            1,
            0,
            0,
            0,
            0
        ],
        [
            0,
            0,
            0,
            0,
            0
        ],
        [
            1,
            1,
            1,
            1,
            0
        ],
        [
            0,
            0,
            1,
            1,
            1
        ],
        [
            1,
            1,
            1,
            0,
            1
        ],
        [
            0,
            0,
            0,
            0,
            1
        ],
        [
            -1,
            0,
            0,
            0,
            1
        ],
        [
            1,
            0,
            1,
            0,
            0
        ],
        [
            0,
            0,
            0,
            0,
            0
        ],
        [
            1,
            1,
            1,
            0,
            0
        ]
    ]
}