{
    "input_text": "A handful of oranges are in a strainer. ",
    "target_text": "A bunch of oranges are in a strainer. ",
    "num_tokens": 5,
    "adv_prompts": [
        "a handful of oranges are in a strainer. outlining figured dogs attracted vocational",
        "a handful of oranges are in a strainer. file with stems attracted exercises",
        "a handful of oranges are in a strainer. upright casters strung tuck cakes",
        "a handful of oranges are in a strainer. sympathy olina bunch stc athing",
        "a handful of oranges are in a strainer. gartrimmed place clippers stand",
        "a handful of oranges are in a strainer. trays attracted stood'noses",
        "a handful of oranges are in a strainer. there trainers surrounded vessels represented",
        "a handful of oranges are in a strainer. surrounded places auxiliary there intake",
        "a handful of oranges are in a strainer. placement stems executed performing audience",
        "a handful of oranges are in a strainer. compartment plot researched tales ories"
    ],
    "blip_scores": [
        [
            0,
            0,
            0,
            0,
            0
        ],
        [
            0,
            0,
            0,
            0,
            0
        ],
        [
            0,
            0,
            0,
            0,
            1
        ],
        [
            0,
            0,
            0,
            0,
            0
        ],
        [
            0,
            1,
            0,
            0,
            0
        ],
        [
            0,
            0,
            1,
            0,
            0
        ],
        [
            0,
            0,
            0,
            0,
            0
        ],
        [
            0,
            0,
            0,
            0,
            0
        ],
        [
            1,
            0,
            0,
            0,
            0
        ],
        [
            0,
            0,
            0,
            0,
            0
        ]
    ]
}