{
    "input_text": "a snowboarding moving down a hill laughing ",
    "target_text": "a man moving down a hill laughing ",
    "num_tokens": 5,
    "adv_prompts": [
        "a snowboarding moving down a hill laughing unions faceted impossible trombone cufflinks",
        "a snowboarding moving down a hill laughing drummer stage poker cufflinks manu",
        "a snowboarding moving down a hill laughing trumpet terrorists glass cufflinks wow",
        "a snowboarding moving down a hill laughing mackay cpd orchestra slavery cufflinks",
        "a snowboarding moving down a hill laughing mars simple gin drums cufflinks",
        "a snowboarding moving down a hill laughing drummer distillery unarmed main cufflinks",
        "a snowboarding moving down a hill laughing nba mafia \" poison cufflinks",
        "a snowboarding moving down a hill laughing printable parade confirmation bassist cufflinks",
        "a snowboarding moving down a hill laughing drummer stellar maintenvodka earrings",
        "a snowboarding moving down a hill laughing maid ~ \" morning synthesizer"
    ],
    "blip_scores": [
        [
            0,
            0,
            0,
            0,
            0
        ],
        [
            0,
            0,
            0,
            0,
            0
        ],
        [
            0,
            0,
            0,
            0,
            0
        ],
        [
            0,
            0,
            0,
            0,
            0
        ],
        [
            0,
            0,
            0,
            0,
            0
        ],
        [
            0,
            0,
            0,
            0,
            0
        ],
        [
            0,
            0,
            0,
            0,
            0
        ],
        [
            0,
            0,
            0,
            0,
            0
        ],
        [
            0,
            0,
            0,
            0,
            0
        ],
        [
            0,
            0,
            0,
            0,
            0
        ]
    ]
}