{
    "input_text": "A mattress on a bed in a room.",
    "target_text": "A laptop on a bed in a room.",
    "num_tokens": 5,
    "adv_prompts": [
        "a mattress on a bed in a room. exemplary laptop screens icons \u2022",
        "a mattress on a bed in a room. sively decent dessert workspace laptop",
        "a mattress on a bed in a room. laptop holder rig observing addictive",
        "a mattress on a bed in a room. laptop screens holds \u3010 candies",
        "a mattress on a bed in a room. laptop auxiliary bowl holder assets",
        "a mattress on a bed in a room. laptop laptop hanger breakout gadget",
        "a mattress on a bed in a room. laptops rig displaying my surveying",
        "a mattress on a bed in a room. laptop screens stand scouting addictive",
        "a mattress on a bed in a room. laptop \" guitar cuddling shenanigans",
        "a mattress on a bed in a room. laptop coordinating lolly holder observing"
    ],
    "blip_scores": [
        [
            0,
            0,
            0,
            0,
            -1
        ],
        [
            0,
            0,
            -1,
            -1,
            1
        ],
        [
            -1,
            0,
            0,
            -1,
            -1
        ],
        [
            0,
            1,
            1,
            0,
            1
        ],
        [
            -1,
            0,
            1,
            1,
            1
        ],
        [
            0,
            -1,
            1,
            -1,
            -1
        ],
        [
            1,
            -1,
            0,
            1,
            1
        ],
        [
            0,
            0,
            0,
            0,
            0
        ],
        [
            -1,
            0,
            -1,
            0,
            0
        ],
        [
            0,
            -1,
            0,
            -1,
            -1
        ]
    ]
}