{
    "input_text": "a person skiing down a steep snowy slope",
    "target_text": "a person skiing down a steep snowy hill",
    "num_tokens": 5,
    "adv_prompts": [
        "a person skiing down a steep snowy slope ferry ave chiropractic schwarzenegger console",
        "a person skiing down a steep snowy slope admits clinton putin amsterdam vettel",
        "a person skiing down a steep snowy slope roommates poutine quail volkswagen mascot",
        "a person skiing down a steep snowy slope cemetery rd felicity parody \"",
        "a person skiing down a steep snowy slope \"\"\" roundabout rehearsals crit",
        "a person skiing down a steep snowy slope lamp crawfish hitler hereford porsche",
        "a person skiing down a steep snowy slope annies \" aquino sullivan makeover",
        "a person skiing down a steep snowy slope roundabout leicester...? ~~ bastille",
        "a person skiing down a steep snowy slope roundabout didn hates ougainesville",
        "a person skiing down a steep snowy slope roundabout gets waltham boba jesus"
    ],
    "blip_scores": [
        [
            0,
            0,
            0,
            0,
            0
        ],
        [
            0,
            0,
            0,
            0,
            0
        ],
        [
            0,
            0,
            0,
            0,
            0
        ],
        [
            0,
            0,
            0,
            0,
            0
        ],
        [
            0,
            0,
            0,
            -1,
            0
        ],
        [
            0,
            0,
            0,
            0,
            0
        ],
        [
            0,
            0,
            0,
            0,
            0
        ],
        [
            0,
            0,
            0,
            0,
            0
        ],
        [
            0,
            0,
            0,
            0,
            0
        ],
        [
            0,
            0,
            -1,
            0,
            0
        ]
    ]
}