{
    "input_text": "A dragon and a treasure chest.",
    "target_text": "A knight and a treasure chest.",
    "num_tokens": 5,
    "adv_prompts": [
        "a dragon and a treasure chest. knightdfsikhs outfit fps",
        "a dragon and a treasure chest. knight starring ex __ download",
        "a dragon and a treasure chest. robotics mbe knight stationary kii",
        "a dragon and a treasure chest. secured knight apk bodknights",
        "a dragon and a treasure chest. knight sportsmanship duo ggs \u00b2",
        "a dragon and a treasure chest. riot knight outfit knuckle apk",
        "a dragon and a treasure chest. undocumented knight bbed theme kii",
        "a dragon and a treasure chest. knight stationary musketeers \u301c cnbc",
        "a dragon and a treasure chest. chess knights bs exoplankit",
        "a dragon and a treasure chest. knight escorted kets scrabble tournament"
    ],
    "blip_scores": [
        [
            1,
            1,
            1,
            1,
            1
        ],
        [
            -1,
            0,
            0,
            -1,
            1
        ],
        [
            -1,
            0,
            0,
            0,
            0
        ],
        [
            0,
            0,
            1,
            1,
            0
        ],
        [
            0,
            1,
            0,
            1,
            -1
        ],
        [
            0,
            0,
            0,
            0,
            0
        ],
        [
            0,
            0,
            0,
            0,
            0
        ],
        [
            0,
            1,
            0,
            0,
            0
        ],
        [
            0,
            0,
            0,
            0,
            0
        ],
        [
            0,
            0,
            0,
            -1,
            0
        ]
    ],
    "gense_cos_sim": 0.7752722501754761,
    "clip_cos_sim": 0.8849852085113525
}