{
    "input_text": "a photo showing a sink and some drawers",
    "target_text": "a room showing a sink and some drawers",
    "num_tokens": 5,
    "adv_prompts": [
        "a photo showing a sink and some drawers \" jacques cupid telling prison",
        "a photo showing a sink and some drawers seemingly psych room nightclub boston",
        "a photo showing a sink and some drawers in cells hebron synagogue tents",
        "a photo showing a sink and some drawers showcasing early assange inhabitants rh",
        "a photo showing a sink and some drawers \" quantitative spaceship oswald objects",
        "a photo showing a sink and some drawers \" deprivation hannibal luggage museum",
        "a photo showing a sink and some drawers luigi ). maya nunes essays",
        "a photo showing a sink and some drawers aldo tedxraymond \u27a4 mcgrath",
        "a photo showing a sink and some drawers hotel rooms inside walcott seville",
        "a photo showing a sink and some drawers \u2014 \" treadmill entering synagogue"
    ],
    "blip_scores": [
        [
            0,
            1,
            0,
            0,
            0
        ],
        [
            1,
            1,
            0,
            1,
            0
        ],
        [
            0,
            0,
            0,
            0,
            0
        ],
        [
            0,
            0,
            0,
            0,
            0
        ],
        [
            0,
            0,
            1,
            0,
            1
        ],
        [
            0,
            0,
            0,
            0,
            1
        ],
        [
            0,
            1,
            0,
            0,
            0
        ],
        [
            0,
            0,
            0,
            0,
            0
        ],
        [
            0,
            0,
            0,
            1,
            1
        ],
        [
            0,
            1,
            0,
            1,
            0
        ]
    ]
}