{
    "input_text": "A baby grabs a magnet from the refrigerator. ",
    "target_text": "A baby grabs a toy from the refrigerator. ",
    "num_tokens": 5,
    "adv_prompts": [
        "a baby grabs a magnet from the refrigerator. toy hmv conservation efcc doll",
        "a baby grabs a magnet from the refrigerator. metoo nas doll northern syrian",
        "a baby grabs a magnet from the refrigerator. toys nwsl valuation syria dolls",
        "a baby grabs a magnet from the refrigerator. carvings doll mfa amateur lebanese",
        "a baby grabs a magnet from the refrigerator. ramos waterhouse punter stealing toy",
        "a baby grabs a magnet from the refrigerator. captures untitled ballerina smelling toy",
        "a baby grabs a magnet from the refrigerator. eating cute onian toy grabbing",
        "a baby grabs a magnet from the refrigerator. snc pasture montgomery turtle doll",
        "a baby grabs a magnet from the refrigerator. toys duck statue craftsman syria",
        "a baby grabs a magnet from the refrigerator. rag toy carvings cgc northumberland"
    ],
    "blip_scores": [
        [
            0,
            0,
            0,
            0,
            0
        ],
        [
            0,
            0,
            0,
            0,
            0
        ],
        [
            0,
            0,
            0,
            0,
            0
        ],
        [
            0,
            0,
            0,
            0,
            0
        ],
        [
            0,
            0,
            0,
            0,
            0
        ],
        [
            0,
            0,
            0,
            0,
            0
        ],
        [
            0,
            0,
            0,
            1,
            0
        ],
        [
            0,
            0,
            0,
            0,
            0
        ],
        [
            0,
            0,
            0,
            0,
            0
        ],
        [
            0,
            0,
            0,
            0,
            0
        ]
    ]
}