{
    "input_text": "A black laptop keyboard sitting on a table.",
    "target_text": "A black computer keyboard sitting on a table.",
    "num_tokens": 5,
    "adv_prompts": [
        "a black laptop keyboard sitting on a table. \" fao marlborough alessrespondents",
        "a black laptop keyboard sitting on a table. affiliated framed tardis mods coaster",
        "a black laptop keyboard sitting on a table. [...] westworld cbi cufflinks tom",
        "a black laptop keyboard sitting on a table. gorgeous tuner pubg integration sweatshirt",
        "a black laptop keyboard sitting on a table. cancellffxiv cupcake blueprint wallpapers",
        "a black laptop keyboard sitting on a table. clan chesterfield scroll tomorrowland cufflinks",
        "a black laptop keyboard sitting on a table. announcement profitable unsc tractor bobblehead",
        "a black laptop keyboard sitting on a table. cleaned kly grayson marlborough astoria",
        "a black laptop keyboard sitting on a table. png toddy odessa classic clare",
        "a black laptop keyboard sitting on a table. manuscript warhol cufflinks clio betsy"
    ],
    "blip_scores": [
        [
            0,
            0,
            -1,
            0,
            0
        ],
        [
            0,
            0,
            0,
            0,
            0
        ],
        [
            0,
            0,
            0,
            0,
            0
        ],
        [
            0,
            0,
            0,
            -1,
            0
        ],
        [
            0,
            0,
            0,
            0,
            0
        ],
        [
            0,
            0,
            0,
            0,
            0
        ],
        [
            0,
            0,
            -1,
            0,
            0
        ],
        [
            -1,
            0,
            0,
            -1,
            0
        ],
        [
            0,
            -1,
            0,
            0,
            0
        ],
        [
            0,
            0,
            0,
            0,
            0
        ]
    ]
}