{
    "input_text": "A dolphin resting on the beach at dusk.",
    "target_text": "A dog resting on the beach at dusk.",
    "num_tokens": 5,
    "adv_prompts": [
        "a dolphin resting on the beach at dusk. burberry pups japanesealcatterrier",
        "a dolphin resting on the beach at dusk. yeti cairn dog oodle awaiting",
        "a dolphin resting on the beach at dusk. dog yogi drumcomparison labrador",
        "a dolphin resting on the beach at dusk. dogs shawnee laying zelda bathtub",
        "a dolphin resting on the beach at dusk. dog saree puppy sleeping anjali",
        "a dolphin resting on the beach at dusk. dogs laying saree puppy shiva",
        "a dolphin resting on the beach at dusk. yeti durga dog sleeping sharif",
        "a dolphin resting on the beach at dusk. yamaha haitian mopar dog zane",
        "a dolphin resting on the beach at dusk. dog themwarcraft puppy deandre",
        "a dolphin resting on the beach at dusk. doggo supergirl aviator terrier ozzy"
    ],
    "blip_scores": [
        [
            1,
            1,
            1,
            0,
            0
        ],
        [
            -1,
            1,
            1,
            1,
            0
        ],
        [
            1,
            1,
            1,
            0,
            1
        ],
        [
            1,
            -1,
            1,
            -1,
            0
        ],
        [
            1,
            1,
            1,
            -1,
            1
        ],
        [
            1,
            1,
            1,
            1,
            1
        ],
        [
            0,
            1,
            1,
            1,
            1
        ],
        [
            1,
            1,
            1,
            1,
            0
        ],
        [
            -1,
            1,
            1,
            1,
            1
        ],
        [
            0,
            0,
            1,
            1,
            1
        ]
    ]
}