{
    "input_text": "A stained glassed window shines over a clock.",
    "target_text": "A stained glassed candle shines over a clock.",
    "num_tokens": 5,
    "adv_prompts": [
        "a stained glassed window shines over a clock. stake candles \u0629 topped candle",
        "a stained glassed window shines over a clock. tted candle cairn set mille",
        "a stained glassed window shines over a clock. pictured tabletop less induction candles",
        "a stained glassed window shines over a clock. pictured stake formed candle candles",
        "a stained glassed window shines over a clock. candle eved hybrid candle with",
        "a stained glassed window shines over a clock. dotted candles roundabout candle stake",
        "a stained glassed window shines over a clock. dotted candle cup candle unable",
        "a stained glassed window shines over a clock. stake ripped candle separated cards",
        "a stained glassed window shines over a clock. decorated candle eliminated candle surrounding",
        "a stained glassed window shines over a clock. dotted clear candle stake candle"
    ],
    "blip_scores": [
        [
            1,
            -1,
            -1,
            0,
            0
        ],
        [
            0,
            -1,
            -1,
            0,
            -1
        ],
        [
            0,
            0,
            0,
            0,
            0
        ],
        [
            -1,
            0,
            0,
            -1,
            0
        ],
        [
            -1,
            1,
            0,
            -1,
            -1
        ],
        [
            -1,
            0,
            -1,
            -1,
            -1
        ],
        [
            -1,
            -1,
            -1,
            0,
            -1
        ],
        [
            -1,
            -1,
            1,
            -1,
            0
        ],
        [
            -1,
            0,
            0,
            -1,
            -1
        ],
        [
            0,
            0,
            -1,
            1,
            0
        ]
    ]
}