{
    "input_text": "A man is carrying groceries on his board",
    "target_text": "A skateboarder is carrying groceries on his board",
    "num_tokens": 5,
    "adv_prompts": [
        "a man is carrying groceries on his board skateboard \u30b9 routine instantly skate",
        "a man is carrying groceries on his board skateboard fting skateboarding sneakers nightly",
        "a man is carrying groceries on his board berto webber skateboarding featuring skateboarding",
        "a man is carrying groceries on his board sidewalks skateboarding while skateboard tricks",
        "a man is carrying groceries on his board shoes skateboarding icking true minutes",
        "a man is carrying groceries on his board skateboarding skateflipstreet boarder",
        "a man is carrying groceries on his board skateboarding sidewalks skate bler immediately",
        "a man is carrying groceries on his board roster skateboarding snatpleasing skater",
        "a man is carrying groceries on his board skateboard tricks as skate practices",
        "a man is carrying groceries on his board sized sidewalks skateboarding surfer tricks"
    ],
    "blip_scores": [
        [
            0,
            0,
            0,
            0,
            0
        ],
        [
            0,
            0,
            0,
            0,
            0
        ],
        [
            0,
            0,
            0,
            0,
            0
        ],
        [
            0,
            0,
            0,
            0,
            0
        ],
        [
            0,
            0,
            0,
            0,
            0
        ],
        [
            0,
            0,
            0,
            0,
            0
        ],
        [
            0,
            0,
            0,
            0,
            0
        ],
        [
            0,
            0,
            0,
            0,
            0
        ],
        [
            0,
            0,
            0,
            0,
            0
        ],
        [
            0,
            0,
            0,
            0,
            0
        ]
    ]
}