{
    "input_text": "A child playing with a toy train.",
    "target_text": "A child playing with a toy airplane.",
    "num_tokens": 5,
    "adv_prompts": [
        "a child playing with a toy train. guys sct airplane protoairplane",
        "a child playing with a toy train. jett ishfound lacrosse airplane",
        "a child playing with a toy train. erwin science ambiairplane pictured",
        "a child playing with a toy train. pto stunner airplane branrestorative",
        "a child playing with a toy train. airplane surrounded airplane pdp jet",
        "a child playing with a toy train. cessna mlin presenting ppv airplane",
        "a child playing with a toy train. secure astoniairplane airplane shown",
        "a child playing with a toy train. airplane bestoairplane fda overhead",
        "a child playing with a toy train. jet airplane kites fwpsa",
        "a child playing with a toy train. masked aerospace spitseapairplane"
    ],
    "blip_scores": [
        [
            1,
            0,
            1,
            1,
            1
        ],
        [
            1,
            0,
            0,
            1,
            1
        ],
        [
            1,
            0,
            1,
            1,
            1
        ],
        [
            1,
            1,
            -1,
            0,
            -1
        ],
        [
            0,
            1,
            0,
            0,
            0
        ],
        [
            0,
            0,
            1,
            1,
            1
        ],
        [
            0,
            1,
            1,
            1,
            0
        ],
        [
            0,
            1,
            0,
            0,
            0
        ],
        [
            1,
            0,
            1,
            1,
            1
        ],
        [
            1,
            1,
            1,
            1,
            0
        ]
    ],
    "gense_cos_sim": 0.7928135395050049,
    "clip_cos_sim": 0.8342045545578003
}