{
    "input_text": "A man holding a baby in a chair.",
    "target_text": "A man holding a baby in a wheelchair.",
    "num_tokens": 5,
    "adv_prompts": [
        "a man holding a baby in a chair. wheelchair pushes towards funding sa",
        "a man holding a baby in a chair. publishes telangana wheelchair lant hospitalized",
        "a man holding a baby in a chair. heartbreaking santander wheelchair weds agrees",
        "a man holding a baby in a chair. pushes rigid wheelchair disability capability",
        "a man holding a baby in a chair. delivers rigid twheelchair boarding",
        "a man holding a baby in a chair. wheelchair boarding impairrette fim",
        "a man holding a baby in a chair. pictured wheelchair pushes commute disability",
        "a man holding a baby in a chair. wheelchair mobil \", disability \u093f",
        "a man holding a baby in a chair. consisting wheelchair assisting biking illness",
        "a man holding a baby in a chair. assisting driver disability wheelchair >>"
    ],
    "blip_scores": [
        [
            0,
            0,
            0,
            1,
            1
        ],
        [
            0,
            0,
            0,
            0,
            1
        ],
        [
            0,
            0,
            0,
            0,
            0
        ],
        [
            1,
            1,
            0,
            0,
            0
        ],
        [
            0,
            1,
            0,
            1,
            1
        ],
        [
            0,
            0,
            0,
            0,
            0
        ],
        [
            0,
            0,
            0,
            0,
            0
        ],
        [
            0,
            0,
            0,
            0,
            0
        ],
        [
            0,
            1,
            0,
            1,
            1
        ],
        [
            0,
            0,
            0,
            1,
            1
        ]
    ]
}