{
    "input_text": "A man is carrying some huge tree trunks.",
    "target_text": "A truck is carrying some huge tree trunks.",
    "num_tokens": 5,
    "adv_prompts": [
        "a man is carrying some huge tree trunks. perfectly parked truck in vienna",
        "a man is carrying some huge tree trunks. truck narrowly witness northanillas",
        "a man is carrying some huge tree trunks. appropriately ridiculously valedicfestive truck",
        "a man is carrying some huge tree trunks. pov truck santa safely accidentally",
        "a man is carrying some huge tree trunks. truck captures truck <<< joyride",
        "a man is carrying some huge tree trunks. truck rides chevy passionately \u2b50",
        "a man is carrying some huge tree trunks. lifted truck starring \u2764 chair",
        "a man is carrying some huge tree trunks. emma eating fid truck iss",
        "a man is carrying some huge tree trunks. truck featuring \ud83d\udc8b airbnb truck",
        "a man is carrying some huge tree trunks. updated truck _ settling ufo"
    ],
    "blip_scores": [
        [
            1,
            1,
            1,
            1,
            1
        ],
        [
            1,
            0,
            1,
            0,
            1
        ],
        [
            1,
            1,
            1,
            1,
            1
        ],
        [
            1,
            1,
            1,
            1,
            0
        ],
        [
            1,
            1,
            1,
            0,
            1
        ],
        [
            0,
            0,
            1,
            0,
            1
        ],
        [
            0,
            1,
            0,
            0,
            1
        ],
        [
            0,
            1,
            0,
            1,
            0
        ],
        [
            1,
            1,
            1,
            1,
            1
        ],
        [
            1,
            1,
            0,
            0,
            1
        ]
    ]
}