{
    "input_text": "A giraffe that is standing behind a tree.",
    "target_text": "A squirrel that is standing behind a tree.",
    "num_tokens": 5,
    "adv_prompts": [
        "a giraffe that is standing behind a tree. manly squirrel doing caroappropriation",
        "a giraffe that is standing behind a tree. four cantonatable squirrels embarrassing",
        "a giraffe that is standing behind a tree. pissed gothic bday squirrels guy",
        "a giraffe that is standing behind a tree. internet manly fez squirrels puns",
        "a giraffe that is standing behind a tree. weirdest squirrel induced squirrel badge",
        "a giraffe that is standing behind a tree. squirrels cosplay bearcats looking aggressively",
        "a giraffe that is standing behind a tree. vector squirrel cosplaying an cougar",
        "a giraffe that is standing behind a tree. cultured squirrel surprised cakes perfectly",
        "a giraffe that is standing behind a tree. embarrassing sharepoint photogenic squirrel squirrel",
        "a giraffe that is standing behind a tree. squirrel camerocollie embarrassing portrayed"
    ],
    "blip_scores": [
        [
            0,
            -1,
            0,
            0,
            -1
        ],
        [
            0,
            0,
            0,
            0,
            0
        ],
        [
            -1,
            0,
            0,
            0,
            0
        ],
        [
            0,
            -1,
            -1,
            0,
            0
        ],
        [
            0,
            0,
            0,
            0,
            0
        ],
        [
            0,
            0,
            -1,
            0,
            0
        ],
        [
            0,
            0,
            0,
            0,
            0
        ],
        [
            0,
            0,
            0,
            0,
            0
        ],
        [
            0,
            0,
            0,
            0,
            0
        ],
        [
            0,
            0,
            0,
            0,
            0
        ]
    ]
}