{
    "input_text": "A group of people skiing on a slope ",
    "target_text": "A group of people skiing on a glacier ",
    "num_tokens": 5,
    "adv_prompts": [
        "a group of people skiing on a slope \" abrisuperbike glacier?'",
        "a group of people skiing on a slope amphibious glacier glacier \u00b2 \"",
        "a group of people skiing on a slope glacier tardis lagoon pler snuggles",
        "a group of people skiing on a slope glacier icecthemed restaurant",
        "a group of people skiing on a slope ludmckee glacier revealing thai",
        "a group of people skiing on a slope glaciers emerglacier piercing \"",
        "a group of people skiing on a slope lager \" maldives glacier,...",
        "a group of people skiing on a slope glacier memorial beneath mohammad islands",
        "a group of people skiing on a slope glacier restaurant \u00edglacier",
        "a group of people skiing on a slope jharkhand alastair glacier bandana hut"
    ],
    "blip_scores": [
        [
            0,
            0,
            0,
            0,
            0
        ],
        [
            0,
            -1,
            0,
            0,
            0
        ],
        [
            -1,
            0,
            0,
            -1,
            0
        ],
        [
            0,
            0,
            0,
            0,
            -1
        ],
        [
            0,
            0,
            0,
            0,
            0
        ],
        [
            0,
            0,
            0,
            1,
            0
        ],
        [
            0,
            0,
            0,
            0,
            0
        ],
        [
            0,
            0,
            -1,
            0,
            0
        ],
        [
            0,
            0,
            0,
            -1,
            0
        ],
        [
            -1,
            0,
            0,
            0,
            0
        ]
    ]
}