{
    "input_text": "A person that is looking at a gun.",
    "target_text": "A person that is looking at a cake.",
    "num_tokens": 5,
    "adv_prompts": [
        "a person that is looking at a gun. holding cakes parlour _ cake",
        "a person that is looking at a gun. sykes bikecandibakery cakes",
        "a person that is looking at a gun. says lola saunders earrings cakes",
        "a person that is looking at a gun. cake miracles \u306ecakes order",
        "a person that is looking at a gun. cake enjoying interview cakes 7",
        "a person that is looking at a gun. necklaces bakery pudding products cake",
        "a person that is looking at a gun. cake repeatedly cakes chocolat cale",
        "a person that is looking at a gun. enquire cairn silver letto cake",
        "a person that is looking at a gun. cake bbing cakes pastry featuring",
        "a person that is looking at a gun. shows cakes bakery cakes flores"
    ],
    "blip_scores": [
        [
            1,
            1,
            1,
            1,
            1
        ],
        [
            0,
            1,
            1,
            1,
            0
        ],
        [
            0,
            0,
            0,
            0,
            0
        ],
        [
            0,
            0,
            0,
            0,
            0
        ],
        [
            0,
            0,
            0,
            0,
            0
        ],
        [
            0,
            0,
            0,
            0,
            0
        ],
        [
            1,
            1,
            0,
            0,
            1
        ],
        [
            0,
            0,
            0,
            0,
            0
        ],
        [
            0,
            0,
            1,
            0,
            0
        ],
        [
            0,
            0,
            0,
            0,
            0
        ]
    ]
}