{
    "input_text": "A small airplane is flying in the sky.",
    "target_text": "A small plane is flying in the sky.",
    "num_tokens": 5,
    "adv_prompts": [
        "a small airplane is flying in the sky. plant\u00e9 mirrors heineken eleanor",
        "a small airplane is flying in the sky. \u2013 draped ryanair interiors plato",
        "a small airplane is flying in the sky. plaza \u2122 lashes greeintercontinental",
        "a small airplane is flying in the sky. swamp \u2122 pinot glasgow sweatshirt",
        "a small airplane is flying in the sky. heineken \u2122 interiors plato katrina",
        "a small airplane is flying in the sky. columbus bier leggings heineken klaus",
        "a small airplane is flying in the sky. heineken leggings sensation ryanair belinda",
        "a small airplane is flying in the sky. screenshot encounter tiara checkers ryanair",
        "a small airplane is flying in the sky. \u2122 pallet specifications tiara ryanair",
        "a small airplane is flying in the sky. damascus tournament warcraft scrooearrings"
    ],
    "blip_scores": [
        [
            1,
            0,
            0,
            0,
            0
        ],
        [
            0,
            0,
            0,
            0,
            0
        ],
        [
            0,
            0,
            1,
            0,
            0
        ],
        [
            1,
            0,
            0,
            1,
            0
        ],
        [
            0,
            0,
            0,
            0,
            0
        ],
        [
            0,
            0,
            0,
            0,
            0
        ],
        [
            0,
            0,
            0,
            0,
            0
        ],
        [
            0,
            0,
            0,
            0,
            0
        ],
        [
            0,
            0,
            0,
            0,
            0
        ],
        [
            0,
            0,
            0,
            0,
            0
        ]
    ]
}