{
    "input_text": "A black bench sitting outside a small cottage.",
    "target_text": "A black cat sitting outside a small cottage.",
    "num_tokens": 5,
    "adv_prompts": [
        "a black bench sitting outside a small cottage. bombay kaj kittens micky preparing",
        "a black bench sitting outside a small cottage. british male cat shaping pocket",
        "a black bench sitting outside a small cottage. cat undergoing eid providing treats",
        "a black bench sitting outside a small cottage. veterinary aging kitten examines drink",
        "a black bench sitting outside a small cottage. professionalism navratri silverburmese kittens",
        "a black bench sitting outside a small cottage. saloon pembroke cat preparing specimens",
        "a black bench sitting outside a small cottage. cleric feline rouhani drinking canvassing",
        "a black bench sitting outside a small cottage. eid orthodox cat undergoing consuming",
        "a black bench sitting outside a small cottage. cat operating drinking silhoumink",
        "a black bench sitting outside a small cottage. homebrew persian doyle cat portrayed"
    ],
    "blip_scores": [
        [
            0,
            0,
            0,
            0,
            0
        ],
        [
            0,
            0,
            1,
            1,
            0
        ],
        [
            1,
            1,
            1,
            0,
            0
        ],
        [
            0,
            0,
            0,
            0,
            0
        ],
        [
            0,
            0,
            0,
            0,
            0
        ],
        [
            0,
            1,
            1,
            1,
            0
        ],
        [
            0,
            0,
            1,
            0,
            0
        ],
        [
            0,
            0,
            0,
            1,
            0
        ],
        [
            1,
            1,
            1,
            1,
            1
        ],
        [
            1,
            0,
            0,
            0,
            0
        ]
    ]
}