{
    "input_text": "A doodle of a dog on a blackboard.",
    "target_text": "A doodle of a light bulb on a blackboard.",
    "num_tokens": 5,
    "adv_prompts": [
        "a doodle of a dog on a blackboard. electricity bulb bulb iconic bulb",
        "a doodle of a dog on a blackboard. lighted fragile bulb energy bulb",
        "a doodle of a dog on a blackboard. electricity bulb bulb iconic isolated",
        "a doodle of a dog on a blackboard. electrical bulb bulb expressing idea",
        "a doodle of a dog on a blackboard. iconic electricity bulb bulb bulb",
        "a doodle of a dog on a blackboard. electrical bulbs partial astronaut faces",
        "a doodle of a dog on a blackboard. iconic vector electricity bulb bulb",
        "a doodle of a dog on a blackboard. electricity bulb aping bulb bulb",
        "a doodle of a dog on a blackboard. electricity bulb bulb ges represent",
        "a doodle of a dog on a blackboard. iconic fake bulb bulb featuring"
    ],
    "blip_scores": [
        [
            1,
            1,
            0,
            1,
            1
        ],
        [
            1,
            1,
            0,
            1,
            1
        ],
        [
            1,
            1,
            1,
            1,
            -1
        ],
        [
            1,
            1,
            1,
            1,
            1
        ],
        [
            0,
            1,
            1,
            0,
            1
        ],
        [
            0,
            0,
            0,
            0,
            0
        ],
        [
            1,
            1,
            0,
            1,
            1
        ],
        [
            1,
            1,
            1,
            1,
            0
        ],
        [
            1,
            1,
            1,
            1,
            1
        ],
        [
            0,
            1,
            0,
            0,
            1
        ]
    ],
    "gense_cos_sim": 0.7016332149505615,
    "clip_cos_sim": 0.6708545088768005
}