{
    "input_text": "A group of men standing around a room.",
    "target_text": "A group of men standing around a table.",
    "num_tokens": 5,
    "adv_prompts": [
        "a group of men standing around a room. frankenautomotive salzburg table coney",
        "a group of men standing around a room. unreleased fcs subscriptions minion table",
        "a group of men standing around a room. table table scribe cies florian",
        "a group of men standing around a room. table tabletop quette backwards joining",
        "a group of men standing around a room. assassination table benedict dab ables",
        "a group of men standing around a room. table clad tabletop sauerportrayed",
        "a group of men standing around a room. bribery bkk table sting ables",
        "a group of men standing around a room. table outside needles practiced counter",
        "a group of men standing around a room. ke glorious tabletop table joining",
        "a group of men standing around a room. table tabletop worktable rebuild"
    ],
    "blip_scores": [
        [
            -1,
            1,
            1,
            1,
            0
        ],
        [
            1,
            1,
            1,
            0,
            1
        ],
        [
            0,
            1,
            1,
            0,
            1
        ],
        [
            1,
            1,
            1,
            0,
            1
        ],
        [
            1,
            1,
            1,
            1,
            1
        ],
        [
            1,
            1,
            1,
            1,
            1
        ],
        [
            1,
            1,
            1,
            1,
            1
        ],
        [
            1,
            1,
            1,
            1,
            1
        ],
        [
            1,
            1,
            1,
            1,
            1
        ],
        [
            1,
            0,
            1,
            1,
            1
        ]
    ]
}