{
    "input_text": "A cat laying on top of a couch.",
    "target_text": "A kitten laying on top of a couch.",
    "num_tokens": 5,
    "adv_prompts": [
        "a cat laying on top of a couch. ': paella foal steelers reflecting",
        "a cat laying on top of a couch. fernandes newborn dachshund sheryl bag",
        "a cat laying on top of a couch. woodbridge brunette kitten \u2122 eroom",
        "a cat laying on top of a couch. indycar babies stranded mangrove infographics",
        "a cat laying on top of a couch. ke helmets youths tartan pack",
        "a cat laying on top of a couch. steele bengal melon cheyenne kitten",
        "a cat laying on top of a couch. bradford kitten chatham charleston clipper",
        "a cat laying on top of a couch. neymar dtm cycling middleweight sneakers",
        "a cat laying on top of a couch. barron btcc rainforest forex satchel",
        "a cat laying on top of a couch. mae dante pleasing youthful milf"
    ],
    "blip_scores": [
        [
            0,
            1,
            0,
            0,
            0
        ],
        [
            0,
            0,
            0,
            0,
            0
        ],
        [
            0,
            0,
            0,
            0,
            0
        ],
        [
            0,
            0,
            0,
            0,
            0
        ],
        [
            0,
            0,
            0,
            0,
            0
        ],
        [
            0,
            0,
            0,
            0,
            0
        ],
        [
            0,
            0,
            0,
            0,
            0
        ],
        [
            0,
            0,
            0,
            0,
            0
        ],
        [
            0,
            0,
            0,
            0,
            0
        ],
        [
            0,
            0,
            0,
            0,
            0
        ]
    ]
}