{
    "input_text": "Two cats at a party.",
    "target_text": "Two witches at a party.",
    "num_tokens": 5,
    "adv_prompts": [
        "two cats at a party. witches althcowgirl women holds",
        "two cats at a party. witches modtchpdf coed",
        "two cats at a party. jailbreak witches stitchhandcrafted witches",
        "two cats at a party. shilsuspension witches witch touts",
        "two cats at a party. witches corruption womencordless witch",
        "two cats at a party. tna witches chicagbraves witch",
        "two cats at a party. witches (( contracaggregate evento",
        "two cats at a party. witches girls illinois coed standing",
        "two cats at a party. cowcontrol \u300f promotional witches",
        "two cats at a party. witches embroidewarrimackwolf"
    ],
    "blip_scores": [
        [
            1,
            0,
            1,
            0,
            1
        ],
        [
            1,
            -1,
            -1,
            0,
            0
        ],
        [
            -1,
            0,
            -1,
            -1,
            0
        ],
        [
            1,
            0,
            1,
            1,
            -1
        ],
        [
            0,
            0,
            0,
            0,
            0
        ],
        [
            1,
            0,
            1,
            1,
            1
        ],
        [
            0,
            -1,
            -1,
            1,
            0
        ],
        [
            0,
            0,
            1,
            1,
            0
        ],
        [
            0,
            0,
            1,
            1,
            0
        ],
        [
            0,
            0,
            0,
            0,
            0
        ]
    ],
    "gense_cos_sim": 0.5234100818634033,
    "clip_cos_sim": 0.6722015738487244
}