{
    "input_text": "A large bird floating out in the water.",
    "target_text": "A large fish floating out in the water.",
    "num_tokens": 5,
    "adv_prompts": [
        "a large bird floating out in the water. halibut porceltrout depicted furman",
        "a large bird floating out in the water. fishes halibut eved jer calories",
        "a large bird floating out in the water. sculpt trout overlooking bowie allegheny",
        "a large bird floating out in the water. depicted trout hali fishes quilted",
        "a large bird floating out in the water. halibut ouroteed anghdonny",
        "a large bird floating out in the water. trout diagram printable schanfischer",
        "a large bird floating out in the water. halibut bobblehead alumknots salmon",
        "a large bird floating out in the water. vector shimano silhouette efish allianz",
        "a large bird floating out in the water. trout patterned posthumkowooden",
        "a large bird floating out in the water. chanel patterned halibut artwork koi"
    ],
    "blip_scores": [
        [
            0,
            1,
            1,
            1,
            1
        ],
        [
            1,
            0,
            1,
            0,
            1
        ],
        [
            0,
            0,
            0,
            0,
            0
        ],
        [
            0,
            0,
            0,
            0,
            0
        ],
        [
            1,
            1,
            1,
            0,
            0
        ],
        [
            1,
            0,
            0,
            1,
            1
        ],
        [
            0,
            0,
            0,
            0,
            1
        ],
        [
            0,
            0,
            1,
            0,
            0
        ],
        [
            0,
            1,
            0,
            1,
            0
        ],
        [
            0,
            1,
            0,
            0,
            1
        ]
    ]
}