{
    "input_text": "A large garden with many vases of flowers.",
    "target_text": "A large table with many vases of flowers.",
    "num_tokens": 5,
    "adv_prompts": [
        "a large garden with many vases of flowers. tableell table stle ctv",
        "a large garden with many vases of flowers. ables fantastic forecay table",
        "a large garden with many vases of flowers. counter chevy canon autographed table",
        "a large garden with many vases of flowers. \") nobleuncanny table table",
        "a large garden with many vases of flowers. >: fetpayment table table",
        "a large garden with many vases of flowers. table distribution stle chevrolet table",
        "a large garden with many vases of flowers. ast this table in chevy",
        "a large garden with many vases of flowers. tabletop cme table yes perhaps",
        "a large garden with many vases of flowers. procreate bourne blossabsence table",
        "a large garden with many vases of flowers. table ote rustic suppkamen"
    ],
    "blip_scores": [
        [
            1,
            1,
            1,
            1,
            1
        ],
        [
            0,
            1,
            0,
            0,
            0
        ],
        [
            0,
            1,
            1,
            1,
            1
        ],
        [
            1,
            1,
            1,
            1,
            1
        ],
        [
            1,
            1,
            0,
            1,
            1
        ],
        [
            1,
            1,
            1,
            1,
            1
        ],
        [
            1,
            -1,
            0,
            1,
            1
        ],
        [
            0,
            1,
            1,
            1,
            0
        ],
        [
            0,
            1,
            1,
            1,
            1
        ],
        [
            1,
            0,
            0,
            1,
            0
        ]
    ]
}