{
    "input_text": "a sexy women that is on a mission",
    "target_text": "a sexy women that is on a skateboard",
    "num_tokens": 5,
    "adv_prompts": [
        "a sexy women that is on a mission mainly enjoying sexy skateboard.)",
        "a sexy women that is on a mission ) picking skateboard every dietary",
        "a sexy women that is on a mission \u00f3gott skateboarding with skateboard",
        "a sexy women that is on a mission ) enjoying skateboard piero castillo",
        "a sexy women that is on a mission enjoying skateboard \u00e1 masculinity properly",
        "a sexy women that is on a mission laura pollen skateboarding sitting mainly",
        "a sexy women that is on a mission wildfires skateboarding \u094d mocking situation",
        "a sexy women that is on a mission and goldberg schneider laura skateboarding",
        "a sexy women that is on a mission cedric osimais enjoying skateboard",
        "a sexy women that is on a mission \u00e0 skateboard \u00b0 poses ;)"
    ],
    "blip_scores": [
        [
            1,
            1,
            1,
            1,
            1
        ],
        [
            1,
            1,
            0,
            1,
            1
        ],
        [
            1,
            1,
            1,
            1,
            1
        ],
        [
            1,
            1,
            0,
            1,
            1
        ],
        [
            1,
            1,
            1,
            0,
            1
        ],
        [
            0,
            0,
            0,
            0,
            0
        ],
        [
            1,
            0,
            0,
            1,
            1
        ],
        [
            1,
            1,
            1,
            1,
            1
        ],
        [
            1,
            1,
            1,
            0,
            1
        ],
        [
            1,
            0,
            1,
            1,
            1
        ]
    ]
}