{
    "input_text": "A cow drinking from a puddle of water.",
    "target_text": "A woman drinking from a puddle of water.",
    "num_tokens": 5,
    "adv_prompts": [
        "a cow drinking from a puddle of water. seychelles sunglasses meghan tactical neo",
        "a cow drinking from a puddle of water. improvised woman bluray prepaid judas",
        "a cow drinking from a puddle of water. bandits rolex women infographics wallet",
        "a cow drinking from a puddle of water. esports pokerroyals isolated woman",
        "a cow drinking from a puddle of water. milf holds natalie drool backstage",
        "a cow drinking from a puddle of water. robber cosplagenderquinn canary",
        "a cow drinking from a puddle of water. heres hooded sangria reviewed mother",
        "a cow drinking from a puddle of water. womens supergirl wsj fedora mandarin",
        "a cow drinking from a puddle of water. karina inspecting socialist airsoft mona",
        "a cow drinking from a puddle of water. rolex woman holds atlantis premier"
    ],
    "blip_scores": [
        [
            0,
            0,
            0,
            0,
            0
        ],
        [
            0,
            -1,
            -1,
            0,
            0
        ],
        [
            0,
            0,
            0,
            0,
            0
        ],
        [
            0,
            0,
            0,
            0,
            0
        ],
        [
            0,
            0,
            0,
            0,
            0
        ],
        [
            0,
            0,
            0,
            0,
            0
        ],
        [
            0,
            0,
            0,
            0,
            0
        ],
        [
            0,
            0,
            -1,
            -1,
            0
        ],
        [
            0,
            0,
            0,
            0,
            0
        ],
        [
            0,
            0,
            0,
            0,
            0
        ]
    ]
}