{
    "input_text": "a red dragon on a mountain.",
    "target_text": "a red backpack on a mountain.",
    "num_tokens": 5,
    "adv_prompts": [
        "a red dragon on a mountain. red backpack peripheral ladybug sparta",
        "a red dragon on a mountain. rin endgame backpack reviewing dior",
        "a red dragon on a mountain. alvin supergirl ladybug backpack package",
        "a red dragon on a mountain. burberry amnebackpack packed backpack",
        "a red dragon on a mountain. backpacks perched _ studded backpack",
        "a red dragon on a mountain. backpack aspects finalists luggage piled",
        "a red dragon on a mountain. luggage aristotle spinoff backpack ladybug",
        "a red dragon on a mountain. parfait ladybug backpack highlights retail",
        "a red dragon on a mountain. backpacks backpack pianotumble reads",
        "a red dragon on a mountain. cranberries cheeky backpack varsity butterfly"
    ],
    "blip_scores": [
        [
            1,
            0,
            0,
            0,
            0
        ],
        [
            1,
            1,
            0,
            1,
            0
        ],
        [
            0,
            0,
            0,
            0,
            0
        ],
        [
            0,
            0,
            1,
            0,
            0
        ],
        [
            0,
            0,
            1,
            0,
            -1
        ],
        [
            0,
            1,
            1,
            1,
            -1
        ],
        [
            0,
            1,
            0,
            0,
            0
        ],
        [
            0,
            1,
            0,
            1,
            1
        ],
        [
            -1,
            -1,
            0,
            -1,
            -1
        ],
        [
            -1,
            1,
            1,
            0,
            1
        ]
    ],
    "gense_cos_sim": 0.5878503322601318,
    "clip_cos_sim": 0.6854692697525024
}