{
    "input_text": "a man wearing an apron.",
    "target_text": "a woman wearing an apron.",
    "num_tokens": 5,
    "adv_prompts": [
        "a man wearing an apron. olympian women samantha whouse wnba",
        "a man wearing an apron. oman circus woman paleo firms",
        "a man wearing an apron. strong medieval woman engineer installations",
        "a man wearing an apron. female partisan practicing storms mods",
        "a man wearing an apron. barren female adventpartisan woman",
        "a man wearing an apron. amazing vanessa mitchell lpga anatomy",
        "a man wearing an apron. wwi woman heroine muenlina",
        "a man wearing an apron. barren woman woman wwii sporting",
        "a man wearing an apron. actress olga shackvictims ford",
        "a man wearing an apron. wwi mountaineinventor girl sara"
    ],
    "blip_scores": [
        [
            1,
            1,
            1,
            1,
            0
        ],
        [
            1,
            0,
            0,
            0,
            1
        ],
        [
            1,
            1,
            1,
            1,
            0
        ],
        [
            1,
            0,
            0,
            0,
            1
        ],
        [
            0,
            1,
            1,
            1,
            1
        ],
        [
            1,
            0,
            0,
            1,
            1
        ],
        [
            0,
            1,
            0,
            1,
            0
        ],
        [
            1,
            1,
            1,
            0,
            1
        ],
        [
            1,
            1,
            0,
            1,
            0
        ],
        [
            1,
            0,
            0,
            0,
            0
        ]
    ],
    "success": 6
}