{
    "input_text": "A double decker was driving down a street.",
    "target_text": "A double decker bus driving down a street.",
    "num_tokens": 5,
    "adv_prompts": [
        "a double decker was driving down a street. generic amtrak mcc investment abc",
        "a double decker was driving down a street. kenyan bus bahn archives \u00ae",
        "a double decker was driving down a street. china cityscape generic usage }",
        "a double decker was driving down a street. lse portray cif deposit budgeting",
        "a double decker was driving down a street. ms amtrak amtrak sales profit",
        "a double decker was driving down a street. generic pd images smes locomotive",
        "a double decker was driving down a street. corridor cfs trail dividend vox",
        "a double decker was driving down a street. ofcsco owe layoffs",
        "a double decker was driving down a street. enfield emission deducment vulnerability",
        "a double decker was driving down a street. nepal oem state revenues resign"
    ],
    "blip_scores": [
        [
            0,
            0,
            0,
            0,
            0
        ],
        [
            0,
            0,
            0,
            0,
            0
        ],
        [
            0,
            0,
            0,
            0,
            0
        ],
        [
            0,
            0,
            0,
            0,
            0
        ],
        [
            0,
            0,
            0,
            0,
            0
        ],
        [
            0,
            0,
            0,
            0,
            0
        ],
        [
            0,
            0,
            0,
            1,
            1
        ],
        [
            0,
            0,
            1,
            1,
            0
        ],
        [
            0,
            0,
            0,
            1,
            0
        ],
        [
            0,
            0,
            0,
            0,
            0
        ]
    ]
}