{
    "input_text": "A squirrel that is standing behind a tree.",
    "target_text": "A giraffe that is standing behind a tree.",
    "num_tokens": 5,
    "adv_prompts": [
        "a squirrel that is standing behind a tree. giveaway presents radius salisbury giraffe",
        "a squirrel that is standing behind a tree. sweepstakes ideas digechichester giraffe",
        "a squirrel that is standing behind a tree. underwood etsy sweepstakes giraffe giraffe",
        "a squirrel that is standing behind a tree. kathwilmington giraffe review giraffe",
        "a squirrel that is standing behind a tree. giraffe giraffe tattoos curated latte",
        "a squirrel that is standing behind a tree. sweepstakes giraffe overview usnmd",
        "a squirrel that is standing behind a tree. giraffe overview 4 ituedith",
        "a squirrel that is standing behind a tree. mln chelmsford hgtv upcycled giraffe",
        "a squirrel that is standing behind a tree. giraffe \": giraffe wallpaper canvas",
        "a squirrel that is standing behind a tree. leyton giraffe overview plutourism"
    ],
    "blip_scores": [
        [
            0,
            1,
            0,
            0,
            0
        ],
        [
            0,
            0,
            0,
            1,
            0
        ],
        [
            0,
            1,
            0,
            0,
            0
        ],
        [
            0,
            0,
            1,
            1,
            0
        ],
        [
            0,
            0,
            1,
            0,
            0
        ],
        [
            0,
            1,
            0,
            1,
            0
        ],
        [
            0,
            0,
            0,
            0,
            0
        ],
        [
            0,
            0,
            0,
            0,
            0
        ],
        [
            1,
            0,
            0,
            0,
            0
        ],
        [
            1,
            0,
            1,
            1,
            1
        ]
    ]
}