{
    "input_text": "A red plane flying through a blue sky.",
    "target_text": "A red flag flying through a blue sky.",
    "num_tokens": 5,
    "adv_prompts": [
        "a red plane flying through a blue sky. quilted liss jimin choreography counted",
        "a red plane flying through a blue sky. skirt backpacks polyvore cleopatra shear",
        "a red plane flying through a blue sky. salzburg saree patchwork benepolyvore",
        "a red plane flying through a blue sky. flag dresser polyvore taeyeon }",
        "a red plane flying through a blue sky. patchwork jasper turquoise ager wallets",
        "a red plane flying through a blue sky. nylon flag bracelet tassel ridley",
        "a red plane flying through a blue sky. frustrating turquoise octagon punches necklaces",
        "a red plane flying through a blue sky. banners polyvore ffxiv beds nwt",
        "a red plane flying through a blue sky. apron stowe nebula cushion lakshmi",
        "a red plane flying through a blue sky. wiped touchscreen polyvore drawers taeyeon"
    ],
    "blip_scores": [
        [
            0,
            0,
            0,
            0,
            0
        ],
        [
            0,
            0,
            -1,
            0,
            0
        ],
        [
            0,
            0,
            0,
            0,
            -1
        ],
        [
            0,
            0,
            1,
            0,
            0
        ],
        [
            0,
            0,
            0,
            0,
            0
        ],
        [
            0,
            0,
            0,
            0,
            0
        ],
        [
            0,
            0,
            0,
            0,
            0
        ],
        [
            0,
            0,
            0,
            0,
            0
        ],
        [
            0,
            0,
            0,
            0,
            0
        ],
        [
            0,
            0,
            0,
            0,
            0
        ]
    ]
}