{
    "input_text": "a couple of knifes are near a vegetable",
    "target_text": "a couple of knifes are near a tree",
    "num_tokens": 5,
    "adv_prompts": [
        "a couple of knifes are near a vegetable greenway \" tree afp campsite",
        "a couple of knifes are near a vegetable tree campsite \" blm benches",
        "a couple of knifes are near a vegetable tree campground \" trousflag",
        "a couple of knifes are near a vegetable treehostel | gulls maps",
        "a couple of knifes are near a vegetable tree camping wyoming sng telescope",
        "a couple of knifes are near a vegetable trees grassy snag \" solent",
        "a couple of knifes are near a vegetable puma synthesis campsite tree within",
        "a couple of knifes are near a vegetable greenway campsite cams tree above",
        "a couple of knifes are near a vegetable campground trunk snag campsite scarborough",
        "a couple of knifes are near a vegetable tree detecting campground (\u00a9 hog"
    ],
    "blip_scores": [
        [
            1,
            1,
            1,
            0,
            1
        ],
        [
            0,
            0,
            1,
            0,
            0
        ],
        [
            -1,
            1,
            0,
            1,
            1
        ],
        [
            1,
            1,
            1,
            0,
            0
        ],
        [
            0,
            0,
            0,
            0,
            0
        ],
        [
            0,
            0,
            0,
            1,
            0
        ],
        [
            0,
            0,
            1,
            0,
            0
        ],
        [
            0,
            0,
            1,
            1,
            1
        ],
        [
            1,
            0,
            0,
            0,
            0
        ],
        [
            1,
            1,
            1,
            1,
            1
        ]
    ]
}