{
    "input_text": "a person riding skis on a snowy surface",
    "target_text": "a person riding skis on a snowy mountain",
    "num_tokens": 5,
    "adv_prompts": [
        "a person riding skis on a snowy surface vase campground \u2122 tuner benny",
        "a person riding skis on a snowy surface kisses \" ski resort of",
        "a person riding skis on a snowy surface mountains's size peak \"",
        "a person riding skis on a snowy surface mountains mountain are \" dominates",
        "a person riding skis on a snowy surface climber mountains way cafeteria \"",
        "a person riding skis on a snowy surface \" landfill folder resort \u2013",
        "a person riding skis on a snowy surface mts explains \u2013 \" saudi",
        "a person riding skis on a snowy surface mountains scramleno \" mount",
        "a person riding skis on a snowy surface campground motocross razer jk helmet",
        "a person riding skis on a snowy surface director \" larger ids manicure"
    ],
    "blip_scores": [
        [
            0,
            0,
            0,
            0,
            0
        ],
        [
            0,
            0,
            0,
            0,
            0
        ],
        [
            0,
            0,
            0,
            0,
            0
        ],
        [
            0,
            0,
            1,
            0,
            0
        ],
        [
            0,
            0,
            0,
            0,
            0
        ],
        [
            0,
            0,
            0,
            0,
            0
        ],
        [
            0,
            0,
            0,
            0,
            0
        ],
        [
            0,
            0,
            0,
            0,
            0
        ],
        [
            0,
            0,
            0,
            0,
            0
        ],
        [
            0,
            0,
            0,
            0,
            0
        ]
    ]
}