{
    "input_text": "A cell phone flipped open near a lamp.",
    "target_text": "A cell phone flipped open near a mailbox.",
    "num_tokens": 5,
    "adv_prompts": [
        "a cell phone flipped open near a lamp. carriage creek mailbox invasisweatshirt",
        "a cell phone flipped open near a lamp. mailbox iah harrisburg mailing stations",
        "a cell phone flipped open near a lamp. overhaul prettiest mailbox ails georgetown",
        "a cell phone flipped open near a lamp. overflowing mailbox usaovercome cardigan",
        "a cell phone flipped open near a lamp. valet zedglen celebrated mailbox",
        "a cell phone flipped open near a lamp. argus brandt driveway roy manchester",
        "a cell phone flipped open near a lamp. bugatti mailbox installation staff gloucester",
        "a cell phone flipped open near a lamp. mailbox facilhelix penn greenwood",
        "a cell phone flipped open near a lamp. armored mailbox redesign manitnoir",
        "a cell phone flipped open near a lamp. mailbox installation gowns usps georgetown"
    ],
    "blip_scores": [
        [
            0,
            0,
            0,
            0,
            0
        ],
        [
            0,
            0,
            0,
            0,
            0
        ],
        [
            0,
            0,
            0,
            0,
            0
        ],
        [
            0,
            0,
            0,
            0,
            0
        ],
        [
            0,
            0,
            0,
            0,
            0
        ],
        [
            0,
            0,
            0,
            0,
            0
        ],
        [
            0,
            0,
            0,
            0,
            0
        ],
        [
            0,
            0,
            0,
            0,
            0
        ],
        [
            0,
            0,
            0,
            0,
            0
        ],
        [
            0,
            0,
            0,
            0,
            0
        ]
    ]
}