{
    "input_text": "A single woman walking on a rocky trail.",
    "target_text": "A single horse walking on a rocky trail.",
    "num_tokens": 5,
    "adv_prompts": [
        "a single woman walking on a rocky trail. charitable mauritius filly \u27a4 niall",
        "a single woman walking on a rocky trail. sheraton rescued burglpasco horse",
        "a single woman walking on a rocky trail. racingvcpictured miracle foal",
        "a single woman walking on a rocky trail. pakistani horse snowy featuring givingtuesday",
        "a single woman walking on a rocky trail. bonded horse saved seniors markus",
        "a single woman walking on a rocky trail. vinaigrette horse filly earrings quot",
        "a single woman walking on a rocky trail. orphaned horse mario \". buzzfeed",
        "a single woman walking on a rocky trail. horse getting bonded providing yearly",
        "a single woman walking on a rocky trail. charitable foal felipe unbeaten showcasing",
        "a single woman walking on a rocky trail. horse sakura <<< imac manicure"
    ],
    "blip_scores": [
        [
            1,
            1,
            1,
            1,
            1
        ],
        [
            0,
            0,
            1,
            1,
            1
        ],
        [
            0,
            0,
            1,
            1,
            1
        ],
        [
            1,
            1,
            1,
            1,
            1
        ],
        [
            0,
            -1,
            0,
            0,
            1
        ],
        [
            0,
            1,
            0,
            1,
            0
        ],
        [
            0,
            1,
            1,
            1,
            0
        ],
        [
            0,
            0,
            -1,
            0,
            -1
        ],
        [
            1,
            1,
            1,
            1,
            1
        ],
        [
            0,
            0,
            0,
            1,
            0
        ]
    ]
}