{
    "input_text": "A bagel sandwich with scrambled egg and bacon.",
    "target_text": "A ham sandwich with scrambled egg and bacon.",
    "num_tokens": 5,
    "adv_prompts": [
        "a bagel sandwich with scrambled egg and bacon. pelicans revisiting guiding manta \"",
        "a bagel sandwich with scrambled egg and bacon. chevron calligraphy nantucket haar dvd",
        "a bagel sandwich with scrambled egg and bacon. eisenhower charismatic arrests bugatti depicted",
        "a bagel sandwich with scrambled egg and bacon. carpenter superyacht coldplay dvd charismatic",
        "a bagel sandwich with scrambled egg and bacon. dvd birthdays usaid nantucket guitars",
        "a bagel sandwich with scrambled egg and bacon. usaid cd repeated shampoo narnia",
        "a bagel sandwich with scrambled egg and bacon. coldplay hypertension haar seaport unbelievable",
        "a bagel sandwich with scrambled egg and bacon. goodwood superyacht haynes pixar depicted",
        "a bagel sandwich with scrambled egg and bacon. testosterone gamescom are coldplay pentagon",
        "a bagel sandwich with scrambled egg and bacon. gorgeous haryana repeated aquaculture silverstone"
    ],
    "blip_scores": [
        [
            -1,
            0,
            0,
            0,
            0
        ],
        [
            1,
            0,
            -1,
            -1,
            0
        ],
        [
            0,
            0,
            0,
            0,
            0
        ],
        [
            0,
            0,
            0,
            0,
            0
        ],
        [
            0,
            0,
            0,
            0,
            -1
        ],
        [
            0,
            0,
            0,
            0,
            0
        ],
        [
            0,
            -1,
            0,
            0,
            0
        ],
        [
            0,
            0,
            0,
            0,
            0
        ],
        [
            0,
            0,
            0,
            0,
            -1
        ],
        [
            0,
            0,
            0,
            0,
            0
        ]
    ]
}