{
    "input_text": "A pizza being made within the oven ",
    "target_text": "A sausage being made within the oven ",
    "num_tokens": 5,
    "adv_prompts": [
        "a pizza being made within the oven distillery bangers gradual lanyard sausage",
        "a pizza being made within the oven graduation eyeshadow cray autographed essence",
        "a pizza being made within the oven ibadan mug shaping sausage sausage",
        "a pizza being made within the oven sausages dachshund packaging porte figurine",
        "a pizza being made within the oven horizontal coder sausage mug jays",
        "a pizza being made within the oven tablet hooks dachshund almanac lanyard",
        "a pizza being made within the oven triathlon granada sausage packaging coil",
        "a pizza being made within the oven gap triathlon stanbul sausage keychain",
        "a pizza being made within the oven sausages seminary dachshund lanyard magnet",
        "a pizza being made within the oven meatballs progress sausage rectangular keychain"
    ],
    "blip_scores": [
        [
            -1,
            1,
            0,
            1,
            0
        ],
        [
            0,
            0,
            0,
            0,
            0
        ],
        [
            0,
            -1,
            1,
            -1,
            0
        ],
        [
            0,
            0,
            0,
            0,
            0
        ],
        [
            0,
            -1,
            -1,
            0,
            -1
        ],
        [
            0,
            0,
            0,
            0,
            0
        ],
        [
            -1,
            0,
            -1,
            0,
            0
        ],
        [
            0,
            0,
            0,
            0,
            0
        ],
        [
            0,
            0,
            0,
            0,
            0
        ],
        [
            0,
            0,
            -1,
            0,
            0
        ]
    ]
}