{
    "input_text": "a woman wearing an office suit.",
    "target_text": "a man wearing an office suit.",
    "num_tokens": 5,
    "adv_prompts": [
        "a woman wearing an office suit. callum kidnapppresenter jos\u00e9 admiring",
        "a woman wearing an office suit. ross smiling { sexiest shakira",
        "a woman wearing an office suit. mentyoungkaraoke nerve \"",
        "a woman wearing an office suit. mens ebola embracing garfield tata",
        "a woman wearing an office suit. surveying aland lover \" rivera",
        "a woman wearing an office suit. mud coordinator quilt rectangular cufflinks",
        "a woman wearing an office suit. ben removes horny whore daniel",
        "a woman wearing an office suit. undertale kardashian dad bracket pallet",
        "a woman wearing an office suit. dad stork fortnite cufflinks otis",
        "a woman wearing an office suit. darryl <<< cem buffy postgame"
    ],
    "blip_scores": [
        [
            0,
            0,
            0,
            0,
            0
        ],
        [
            0,
            0,
            -1,
            0,
            1
        ],
        [
            0,
            -1,
            -1,
            0,
            -1
        ],
        [
            0,
            0,
            0,
            1,
            0
        ],
        [
            0,
            -1,
            -1,
            -1,
            -1
        ],
        [
            1,
            0,
            0,
            0,
            1
        ],
        [
            0,
            0,
            0,
            0,
            0
        ],
        [
            0,
            0,
            0,
            0,
            0
        ],
        [
            0,
            0,
            0,
            0,
            0
        ],
        [
            0,
            0,
            0,
            0,
            1
        ]
    ],
    "success": 0
}