{
    "input_text": "A man wearing ties and rainbow colored glasses",
    "target_text": "A man wearing ties and rainbow sun glasses",
    "num_tokens": 5,
    "adv_prompts": [
        "a man wearing ties and rainbow colored glasses insulation \" ordinance pedagogy ):",
        "a man wearing ties and rainbow colored glasses confirms masterchef apron adopts sic",
        "a man wearing ties and rainbow colored glasses adarcopenhagen oakley ade \"",
        "a man wearing ties and rainbow colored glasses handbag \u2122 sunscreen bucsc",
        "a man wearing ties and rainbow colored glasses \" siri jardin carpets donate",
        "a man wearing ties and rainbow colored glasses avon \u2013 \" aviators sandal",
        "a man wearing ties and rainbow colored glasses smartwatch utowear gg lovely",
        "a man wearing ties and rainbow colored glasses sandal \u00ae \" \"\u2026 unisex",
        "a man wearing ties and rainbow colored glasses sent spf sun spr \"",
        "a man wearing ties and rainbow colored glasses \" shawl burst jennie ||"
    ],
    "blip_scores": [
        [
            0,
            0,
            0,
            0,
            0
        ],
        [
            0,
            0,
            0,
            0,
            0
        ],
        [
            0,
            0,
            0,
            -1,
            0
        ],
        [
            0,
            0,
            0,
            0,
            0
        ],
        [
            0,
            0,
            0,
            0,
            -1
        ],
        [
            0,
            0,
            0,
            0,
            0
        ],
        [
            0,
            0,
            1,
            0,
            0
        ],
        [
            0,
            0,
            0,
            0,
            0
        ],
        [
            0,
            0,
            -1,
            0,
            -1
        ],
        [
            0,
            0,
            0,
            0,
            0
        ]
    ]
}