{
    "input_text": "a red dragon on a mountain.",
    "target_text": "a red cabin on a mountain.",
    "num_tokens": 5,
    "adv_prompts": [
        "a red dragon on a mountain. architecture towering alaskan clemson cabins",
        "a red dragon on a mountain. these antarctic cabins pivot lagos",
        "a red dragon on a mountain. cabins viznigerian arquitec\u0107",
        "a red dragon on a mountain. mesmerizing hardcover towering residence cabins",
        "a red dragon on a mountain. magnificent cardboard house cabins antarctica",
        "a red dragon on a mountain. cabins oculus chitecatsu nighttime",
        "a red dragon on a mountain. sriracha cabin ruining architects osu",
        "a red dragon on a mountain. cabins architects underneath busan marshals",
        "a red dragon on a mountain. cabins architecture bongo case cabins",
        "a red dragon on a mountain. nigerians cabins houses arquitecballpark"
    ],
    "blip_scores": [
        [
            1,
            1,
            1,
            1,
            1
        ],
        [
            1,
            1,
            1,
            1,
            1
        ],
        [
            1,
            1,
            0,
            1,
            1
        ],
        [
            1,
            1,
            1,
            1,
            1
        ],
        [
            1,
            1,
            1,
            1,
            1
        ],
        [
            1,
            0,
            1,
            1,
            1
        ],
        [
            1,
            1,
            1,
            1,
            0
        ],
        [
            1,
            0,
            1,
            0,
            1
        ],
        [
            1,
            1,
            1,
            1,
            1
        ],
        [
            0,
            1,
            1,
            0,
            1
        ]
    ],
    "gense_cos_sim": 0.5415840148925781,
    "clip_cos_sim": 0.7410390377044678
}