{
    "input_text": "A spaceship on Mars.",
    "target_text": "A spaceship on moon.",
    "num_tokens": 5,
    "adv_prompts": [
        "a spaceship on mars. moonlight wedges stressed catering parody",
        "a spaceship on mars. palliative bluegrass fedex moor catching",
        "a spaceship on mars. moon onesie engaged moonlight lala",
        "a spaceship on mars. tendon dance moon molnecklace",
        "a spaceship on mars. moon tafautographed moonlight charity",
        "a spaceship on mars. moon fighting moonlight tama chairs",
        "a spaceship on mars. download rented moonlight stan bleed",
        "a spaceship on mars. moonlight signed raza moon clothing",
        "a spaceship on mars. peterdundee moon moon afterparty",
        "a spaceship on mars. steadmoonluna obstacles racha"
    ],
    "blip_scores": [
        [
            0,
            0,
            0,
            -1,
            0
        ],
        [
            0,
            -1,
            0,
            0,
            0
        ],
        [
            -1,
            0,
            0,
            0,
            0
        ],
        [
            0,
            0,
            0,
            0,
            0
        ],
        [
            0,
            0,
            0,
            0,
            0
        ],
        [
            0,
            0,
            0,
            0,
            0
        ],
        [
            0,
            0,
            0,
            0,
            -1
        ],
        [
            -1,
            -1,
            0,
            0,
            -1
        ],
        [
            0,
            0,
            -1,
            0,
            -1
        ],
        [
            0,
            0,
            0,
            -1,
            -1
        ]
    ],
    "gense_cos_sim": 0.8306996822357178,
    "clip_cos_sim": 0.8843356370925903
}