{
    "input_text": "A red flag is floating near some houses.",
    "target_text": "A red boat is floating near some houses.",
    "num_tokens": 5,
    "adv_prompts": [
        "a red flag is floating near some houses. nished boat among kasthee",
        "a red flag is floating near some houses. eastern boats boat amidst darkness",
        "a red flag is floating near some houses. sponcropped boat revisiting \")",
        "a red flag is floating near some houses. boats bettpec nuit by",
        "a red flag is floating near some houses. boats ers ensemble nocturnal theme",
        "a red flag is floating near some houses. boats ), boatin impressionism",
        "a red flag is floating near some houses. boats landscape \u3002 night ssd",
        "a red flag is floating near some houses. dans ), sbs surreal boat",
        "a red flag is floating near some houses. boathboats mance ship dusk",
        "a red flag is floating near some houses. detail night venezia boat approaching"
    ],
    "blip_scores": [
        [
            1,
            1,
            1,
            1,
            1
        ],
        [
            1,
            0,
            1,
            1,
            1
        ],
        [
            1,
            1,
            0,
            1,
            1
        ],
        [
            1,
            1,
            1,
            0,
            1
        ],
        [
            1,
            1,
            1,
            1,
            0
        ],
        [
            0,
            1,
            1,
            1,
            0
        ],
        [
            0,
            1,
            1,
            1,
            1
        ],
        [
            1,
            1,
            0,
            1,
            1
        ],
        [
            0,
            0,
            1,
            1,
            1
        ],
        [
            0,
            -1,
            1,
            0,
            1
        ]
    ]
}