{
    "input_text": "A snowboarder catches air coming off a jump.",
    "target_text": "A jumper catches air coming off a jump.",
    "num_tokens": 5,
    "adv_prompts": [
        "a snowboarder catches air coming off a jump. tension bharti scrabble yaleearrings",
        "a snowboarder catches air coming off a jump. raf big knit unicorn cufflinks",
        "a snowboarder catches air coming off a jump. crocheamethyst geek gurgaon eyewear",
        "a snowboarder catches air coming off a jump. horse gujarat discography yarn earrings",
        "a snowboarder catches air coming off a jump. muscles pullover crochet ascot vila",
        "a snowboarder catches air coming off a jump. barista bengal guernsey insect embroidered",
        "a snowboarder catches air coming off a jump. troops trampoline \u2122 earrings givenchy",
        "a snowboarder catches air coming off a jump. sherlock adoptable rain earrings kapil",
        "a snowboarder catches air coming off a jump. archaeologists telugu insect karaoke cardigan",
        "a snowboarder catches air coming off a jump. amiibo squares knitdiscography audiobook"
    ],
    "blip_scores": [
        [
            0,
            0,
            0,
            0,
            0
        ],
        [
            0,
            0,
            0,
            0,
            0
        ],
        [
            0,
            0,
            0,
            0,
            0
        ],
        [
            0,
            0,
            0,
            0,
            0
        ],
        [
            0,
            0,
            0,
            0,
            0
        ],
        [
            0,
            0,
            0,
            0,
            0
        ],
        [
            0,
            0,
            0,
            0,
            0
        ],
        [
            0,
            0,
            0,
            0,
            0
        ],
        [
            0,
            0,
            0,
            0,
            0
        ],
        [
            0,
            0,
            0,
            0,
            0
        ]
    ]
}