{
    "input_text": "A man throwing a frisbee in a park ",
    "target_text": "A man throwing a rock in a park ",
    "num_tokens": 5,
    "adv_prompts": [
        "a man throwing a frisbee in a park motorbike groundwater wiltshire usaid cufflinks",
        "a man throwing a frisbee in a park sink map caricature setlist namm",
        "a man throwing a frisbee in a park violin limestone kubernetes stripped typography",
        "a man throwing a frisbee in a park setlist motorcycle sleeve marbles bafta",
        "a man throwing a frisbee in a park rubbing calligraphy locomotive perfectly ontario",
        "a man throwing a frisbee in a park rock motorcycle mansfield cufflinks absolutely",
        "a man throwing a frisbee in a park motorcycle marshmallows deforestation gingerbread infographic",
        "a man throwing a frisbee in a park swarovski woodstock lyrics rig (\u00a9",
        "a man throwing a frisbee in a park manuscript suri ], manuscript victoria",
        "a man throwing a frisbee in a park coldplay exfoligeological chasuheadliner"
    ],
    "blip_scores": [
        [
            0,
            0,
            0,
            0,
            0
        ],
        [
            0,
            0,
            0,
            0,
            0
        ],
        [
            0,
            0,
            0,
            0,
            0
        ],
        [
            0,
            0,
            0,
            0,
            0
        ],
        [
            -1,
            0,
            0,
            0,
            0
        ],
        [
            0,
            0,
            0,
            0,
            0
        ],
        [
            -1,
            0,
            0,
            0,
            0
        ],
        [
            -1,
            -1,
            -1,
            -1,
            -1
        ],
        [
            0,
            0,
            0,
            0,
            0
        ],
        [
            0,
            -1,
            -1,
            0,
            -1
        ]
    ]
}