{
    "input_text": "A light cycle procession down a wet street.",
    "target_text": "A motor cycle procession down a wet street.",
    "num_tokens": 5,
    "adv_prompts": [
        "a light cycle procession down a wet street. contemporary motorbike screenshots \u2015 dvd",
        "a light cycle procession down a wet street. scenes ]: motorbike lunch magnet",
        "a light cycle procession down a wet street. motorcycles elegance polyvore hijab combos",
        "a light cycle procession down a wet street. seven masterful foldable bsa motorcycles",
        "a light cycle procession down a wet street. motorbike motorcycles lithograph set polyvore",
        "a light cycle procession down a wet street. motogp hilarious motorcycle airborne dvds",
        "a light cycle procession down a wet street. : motorcycles tapestry quilt swivel",
        "a light cycle procession down a wet street. profitable harley touring gunner engines",
        "a light cycle procession down a wet street. picturesque parachute denim motorcycle ensemble",
        "a light cycle procession down a wet street. motorcycle luncheon magnetic porcelain cooler"
    ],
    "blip_scores": [
        [
            0,
            0,
            1,
            1,
            0
        ],
        [
            1,
            0,
            1,
            1,
            1
        ],
        [
            0,
            0,
            1,
            0,
            1
        ],
        [
            0,
            0,
            0,
            0,
            0
        ],
        [
            1,
            0,
            1,
            0,
            0
        ],
        [
            0,
            0,
            1,
            0,
            1
        ],
        [
            0,
            0,
            0,
            0,
            0
        ],
        [
            1,
            0,
            0,
            1,
            1
        ],
        [
            1,
            0,
            0,
            0,
            0
        ],
        [
            0,
            0,
            0,
            0,
            0
        ]
    ]
}