{
    "input_text": "A red backpack on a mountain.",
    "target_text": "A red backpack in an office.",
    "num_tokens": 5,
    "adv_prompts": [
        "a red backpack on a mountain. bicycles samaroffices dc offices",
        "a red backpack on a mountain. bike inside hotties offices office",
        "a red backpack on a mountain. offices against hallway desk unveiled",
        "a red backpack on a mountain. pupil invade office barricboardroom",
        "a red backpack on a mountain. locommobil offices hallway workspace",
        "a red backpack on a mountain. office counter ceilings officioffices",
        "a red backpack on a mountain. showroom office jacologged offices",
        "a red backpack on a mountain. office counter furnituinnovate newsroom",
        "a red backpack on a mountain. bicyunderneath opponents offices desk",
        "a red backpack on a mountain. bikes workspace indoors uptown offices"
    ],
    "blip_scores": [
        [
            0,
            0,
            0,
            0,
            0
        ],
        [
            1,
            0,
            0,
            0,
            0
        ],
        [
            1,
            0,
            0,
            1,
            0
        ],
        [
            0,
            1,
            1,
            1,
            1
        ],
        [
            0,
            0,
            0,
            0,
            0
        ],
        [
            1,
            0,
            0,
            0,
            0
        ],
        [
            1,
            0,
            0,
            1,
            0
        ],
        [
            1,
            1,
            1,
            1,
            1
        ],
        [
            1,
            0,
            1,
            1,
            1
        ],
        [
            0,
            0,
            0,
            0,
            0
        ]
    ],
    "gense_cos_sim": 0.7543442249298096,
    "clip_cos_sim": 0.7840461730957031
}