{
    "input_text": "a big umbrella sitting on the beach ",
    "target_text": "a big fish sitting on the beach ",
    "num_tokens": 5,
    "adv_prompts": [
        "a big umbrella sitting on the beach logo candle bom lookbook goldfish",
        "a big umbrella sitting on the beach mario figurine carp quote cashew",
        "a big umbrella sitting on the beach?: caterpillar whitewater studded efish",
        "a big umbrella sitting on the beach logie downhill gamecube brochure manish",
        "a big umbrella sitting on the beach marmalade session goldfish instructor candle",
        "a big umbrella sitting on the beach \u2122 mandir filet instructor koi",
        "a big umbrella sitting on the beach marshmallow mater goldfish infographic carp",
        "a big umbrella sitting on the beach ring founder plaque wwdc goldfish",
        "a big umbrella sitting on the beach masterclass pinball institute \u2026\" goldfish",
        "a big umbrella sitting on the beach martyred taxiderniall goldfish pullover"
    ],
    "blip_scores": [
        [
            0,
            0,
            0,
            0,
            0
        ],
        [
            0,
            0,
            0,
            0,
            0
        ],
        [
            0,
            0,
            0,
            0,
            0
        ],
        [
            0,
            0,
            0,
            0,
            0
        ],
        [
            0,
            0,
            0,
            0,
            0
        ],
        [
            0,
            0,
            0,
            0,
            0
        ],
        [
            0,
            0,
            0,
            0,
            0
        ],
        [
            0,
            0,
            0,
            0,
            0
        ],
        [
            0,
            0,
            0,
            0,
            0
        ],
        [
            0,
            0,
            0,
            0,
            0
        ]
    ]
}