{
    "input_text": "A fuzzy kitten lying in an open suitcase.",
    "target_text": "A fuzzy cat lying in an open suitcase.",
    "num_tokens": 5,
    "adv_prompts": [
        "a fuzzy kitten lying in an open suitcase. peasant tees once candace parisian",
        "a fuzzy kitten lying in an open suitcase. garfield standing cat handcrafted smc",
        "a fuzzy kitten lying in an open suitcase. marquee instructions roblox rayon disguise",
        "a fuzzy kitten lying in an open suitcase. buckle pueryeti tee yixing",
        "a fuzzy kitten lying in an open suitcase. peace cufflinks studs rosewood snaps",
        "a fuzzy kitten lying in an open suitcase. foothaddams rayon ghosttshirt",
        "a fuzzy kitten lying in an open suitcase. tache gouache button cd leggings",
        "a fuzzy kitten lying in an open suitcase. tache nutcracker dresgarfield resumes",
        "a fuzzy kitten lying in an open suitcase. dress marblegeothermal pdf tee",
        "a fuzzy kitten lying in an open suitcase. snoofacililities tees magenta"
    ],
    "blip_scores": [
        [
            0,
            -1,
            0,
            0,
            0
        ],
        [
            0,
            0,
            0,
            0,
            0
        ],
        [
            0,
            0,
            0,
            0,
            0
        ],
        [
            0,
            0,
            0,
            0,
            0
        ],
        [
            0,
            0,
            0,
            0,
            0
        ],
        [
            0,
            0,
            0,
            0,
            0
        ],
        [
            0,
            0,
            0,
            0,
            0
        ],
        [
            0,
            0,
            0,
            0,
            0
        ],
        [
            0,
            0,
            0,
            0,
            0
        ],
        [
            0,
            0,
            0,
            0,
            0
        ]
    ]
}