{
    "input_text": "A person that is looking at a cake.",
    "target_text": "A person that is looking at a gun.",
    "num_tokens": 5,
    "adv_prompts": [
        "a person that is looking at a cake. griezmann contender ballistic gun depicted",
        "a person that is looking at a cake. restored firearm gladiator holds shotgun",
        "a person that is looking at a cake. \" budweiser gun torch will",
        "a person that is looking at a cake. arsenal museums gladiator treasurer shotgun",
        "a person that is looking at a cake. anny minton preserved female gun",
        "a person that is looking at a cake. qld mated commemorative nazi shotgun",
        "a person that is looking at a cake. glock shotgun updates \" aries",
        "a person that is looking at a cake. shotgun glock gger screens of",
        "a person that is looking at a cake. galatasaray \" range gun featuring",
        "a person that is looking at a cake. gunner restoring the \" ruger"
    ],
    "blip_scores": [
        [
            0,
            0,
            0,
            0,
            0
        ],
        [
            1,
            1,
            1,
            1,
            1
        ],
        [
            0,
            0,
            0,
            0,
            0
        ],
        [
            0,
            0,
            1,
            0,
            0
        ],
        [
            0,
            0,
            0,
            0,
            0
        ],
        [
            0,
            1,
            1,
            1,
            1
        ],
        [
            1,
            0,
            0,
            0,
            0
        ],
        [
            1,
            1,
            1,
            1,
            1
        ],
        [
            0,
            0,
            1,
            1,
            0
        ],
        [
            1,
            1,
            1,
            1,
            1
        ]
    ]
}