{
    "input_text": "A birdhouse on a tree branch.",
    "target_text": "A car on a tree branch.",
    "num_tokens": 5,
    "adv_prompts": [
        "a birdhouse on a tree branch. federer cars cufflinks \u2013 zucchini",
        "a birdhouse on a tree branch. decks jeep overview hemmings infographic",
        "a birdhouse on a tree branch. thumbnail bugatti zil superbike cufflinks",
        "a birdhouse on a tree branch. ornate car encyclopedia nascar cufflinks",
        "a birdhouse on a tree branch. limestone car encyclopedia colin dvd",
        "a birdhouse on a tree branch. honeycomb sportscar motorbike earrings federer",
        "a birdhouse on a tree branch. rover iipatents coca superbike",
        "a birdhouse on a tree branch. icon sportscar voor uzbekistan mustang",
        "a birdhouse on a tree branch. hadid smashing supercars starbucks shanghai",
        "a birdhouse on a tree branch. jeep iii nascar cufflinks cairn"
    ],
    "blip_scores": [
        [
            0,
            -1,
            1,
            0,
            0
        ],
        [
            0,
            0,
            0,
            0,
            0
        ],
        [
            0,
            0,
            0,
            0,
            0
        ],
        [
            0,
            0,
            0,
            0,
            0
        ],
        [
            0,
            0,
            0,
            0,
            1
        ],
        [
            -1,
            0,
            1,
            0,
            0
        ],
        [
            0,
            0,
            0,
            0,
            0
        ],
        [
            0,
            0,
            0,
            0,
            0
        ],
        [
            0,
            0,
            0,
            0,
            -1
        ],
        [
            -1,
            0,
            0,
            0,
            0
        ]
    ],
    "gense_cos_sim": 0.5185832977294922,
    "clip_cos_sim": 0.6630551815032959
}