{
    "input_text": "A pitcher winding up to throw a fastball.",
    "target_text": "A pitcher winding up to throw a pitch.",
    "num_tokens": 5,
    "adv_prompts": [
        "a pitcher winding up to throw a fastball. campsite planter saxophone cufflinks whole",
        "a pitcher winding up to throw a fastball. toppings \u2122 trench yacht saxophone",
        "a pitcher winding up to throw a fastball. ounce ukulele brand enamel plaid",
        "a pitcher winding up to throw a fastball. chers skateboard leash \u2013 font",
        "a pitcher winding up to throw a fastball. cd sanctuary \u2013 sauvignon decks",
        "a pitcher winding up to throw a fastball. neilmotorcycles pianos apron leash",
        "a pitcher winding up to throw a fastball. kill machinery keychain band saxophone",
        "a pitcher winding up to throw a fastball. topper mower chardonnay enamel \u2013",
        "a pitcher winding up to throw a fastball. planted motel pinot trampoline cufflinks",
        "a pitcher winding up to throw a fastball. composers casino } pinot sax"
    ],
    "blip_scores": [
        [
            0,
            0,
            0,
            0,
            0
        ],
        [
            0,
            0,
            0,
            0,
            0
        ],
        [
            0,
            0,
            0,
            0,
            0
        ],
        [
            0,
            0,
            0,
            0,
            0
        ],
        [
            0,
            0,
            0,
            0,
            1
        ],
        [
            0,
            0,
            0,
            0,
            0
        ],
        [
            0,
            0,
            0,
            0,
            0
        ],
        [
            0,
            0,
            0,
            0,
            0
        ],
        [
            0,
            0,
            0,
            0,
            0
        ],
        [
            0,
            0,
            0,
            0,
            0
        ]
    ]
}