{
    "input_text": "A large mural on a open city street.",
    "target_text": "A large bus on a open city street.",
    "num_tokens": 5,
    "adv_prompts": [
        "a large mural on a open city street. solitaire bus earrings unismoments",
        "a large mural on a open city street. montessori frosted bus snarbricks",
        "a large mural on a open city street. bus shale bus vector necklace",
        "a large mural on a open city street. hns bus shay manicure fitbit",
        "a large mural on a open city street. gloucestershire bus interior etching vishnu",
        "a large mural on a open city street. zag scallop usmc beanie royal",
        "a large mural on a open city street. rhinestone bus burnt bookmark diecast",
        "a large mural on a open city street. bus standing montessori zayn swatch",
        "a large mural on a open city street. vintage iraqi bus shahid cufflinks",
        "a large mural on a open city street. bus owlcombos hallmark covers"
    ],
    "blip_scores": [
        [
            0,
            0,
            0,
            0,
            0
        ],
        [
            0,
            0,
            0,
            0,
            0
        ],
        [
            0,
            0,
            0,
            0,
            0
        ],
        [
            0,
            1,
            1,
            1,
            1
        ],
        [
            0,
            1,
            0,
            0,
            1
        ],
        [
            0,
            0,
            0,
            0,
            0
        ],
        [
            1,
            0,
            0,
            0,
            0
        ],
        [
            0,
            0,
            0,
            0,
            0
        ],
        [
            0,
            0,
            0,
            0,
            0
        ],
        [
            1,
            0,
            0,
            1,
            0
        ]
    ]
}