{
    "input_text": "A large double dish with lettuce and tomato.",
    "target_text": "A large double cheeseburger with lettuce and tomato.",
    "num_tokens": 5,
    "adv_prompts": [
        "a large double dish with lettuce and tomato. rtr brewery cheeseburger jerseys viewing",
        "a large double dish with lettuce and tomato. prost colorized cheeseburger burger astounding",
        "a large double dish with lettuce and tomato. cupcakes ': infused exhilarating cheeseburger",
        "a large double dish with lettuce and tomato. hillsborough ultimate mallorca kombucha cheeseburger",
        "a large double dish with lettuce and tomato. exceptional infused cheeseburger cheeseburger thriving",
        "a large double dish with lettuce and tomato. ultimate cleveland cheeseburger escorted jerseys",
        "a large double dish with lettuce and tomato. cheeseburger happiness ultimate iced cheeseburger",
        "a large double dish with lettuce and tomato. cheeseburger incredible ). lovely kalamazoo",
        "a large double dish with lettuce and tomato. colchester weekend growler stuffed burger",
        "a large double dish with lettuce and tomato. ': burger berwick insane cheeseburger"
    ],
    "blip_scores": [
        [
            1,
            1,
            1,
            1,
            1
        ],
        [
            1,
            1,
            1,
            1,
            1
        ],
        [
            0,
            0,
            0,
            1,
            1
        ],
        [
            1,
            1,
            1,
            1,
            1
        ],
        [
            0,
            0,
            1,
            1,
            1
        ],
        [
            0,
            1,
            1,
            1,
            1
        ],
        [
            1,
            1,
            1,
            1,
            1
        ],
        [
            1,
            1,
            0,
            0,
            1
        ],
        [
            1,
            1,
            1,
            1,
            1
        ],
        [
            1,
            1,
            1,
            1,
            1
        ]
    ]
}