{
    "input_text": "A distant airplane flying between two large buildings.",
    "target_text": "A distant drone flying between two large buildings.",
    "num_tokens": 5,
    "adv_prompts": [
        "a distant airplane flying between two large buildings. fayetteville tactical lego quadcopter :",
        "a distant airplane flying between two large buildings. cutest frontline quadcopter himalayan men",
        "a distant airplane flying between two large buildings. swat drone jamie pictured quadcopter",
        "a distant airplane flying between two large buildings. this eritdrone quadcopter chrissy",
        "a distant airplane flying between two large buildings. valve list android quadcopter spider",
        "a distant airplane flying between two large buildings. mischief uav tricks himalayan welsh",
        "a distant airplane flying between two large buildings. celebrity drone quadcopter dancer verizon",
        "a distant airplane flying between two large buildings. kenneth montessori quadcopter chrissy securing",
        "a distant airplane flying between two large buildings. reviews tiara naga drone youts",
        "a distant airplane flying between two large buildings. deandre inheritance quadcopter remote chess"
    ],
    "blip_scores": [
        [
            0,
            0,
            0,
            0,
            0
        ],
        [
            0,
            0,
            0,
            0,
            1
        ],
        [
            1,
            1,
            0,
            1,
            1
        ],
        [
            1,
            0,
            1,
            1,
            0
        ],
        [
            0,
            1,
            0,
            1,
            1
        ],
        [
            0,
            0,
            0,
            0,
            0
        ],
        [
            0,
            1,
            0,
            0,
            0
        ],
        [
            1,
            0,
            0,
            1,
            0
        ],
        [
            1,
            1,
            -1,
            0,
            1
        ],
        [
            0,
            0,
            0,
            1,
            0
        ]
    ]
}