{
    "input_text": "A person on a surfboard in the water.",
    "target_text": "A person on a raft in the water.",
    "num_tokens": 5,
    "adv_prompts": [
        "a person on a surfboard in the water. poached raft schenbrochure celery",
        "a person on a surfboard in the water. poached raft infographic hoversolitaire",
        "a person on a surfboard in the water. raft socialism cage sesame columbus",
        "a person on a surfboard in the water. lake...: ricotta kaka sandwich",
        "a person on a surfboard in the water. raft masterpieces sears coaltheft",
        "a person on a surfboard in the water. raft mattress -... croospacey",
        "a person on a surfboard in the water. notifications thief raft raft seneca",
        "a person on a surfboard in the water. raft senators traps cedarsouvenir",
        "a person on a surfboard in the water. raft overview smoky constitution nitin",
        "a person on a surfboard in the water. raft governors by snooker vikram"
    ],
    "blip_scores": [
        [
            -1,
            -1,
            0,
            0,
            -1
        ],
        [
            1,
            0,
            0,
            -1,
            -1
        ],
        [
            -1,
            -1,
            0,
            -1,
            -1
        ],
        [
            0,
            0,
            0,
            0,
            0
        ],
        [
            0,
            0,
            -1,
            0,
            -1
        ],
        [
            -1,
            1,
            0,
            1,
            -1
        ],
        [
            -1,
            -1,
            -1,
            -1,
            -1
        ],
        [
            1,
            0,
            -1,
            -1,
            -1
        ],
        [
            -1,
            -1,
            -1,
            -1,
            -1
        ],
        [
            0,
            0,
            0,
            0,
            1
        ]
    ]
}