{
    "input_text": "A man surfing waves on his surfboard",
    "target_text": "A man surfing waves on his surf board",
    "num_tokens": 5,
    "adv_prompts": [
        "a man surfing waves on his surfboard cruises roma malls swallows betty",
        "a man surfing waves on his surfboard takeover denies belmont cavendish roommate",
        "a man surfing waves on his surfboard cobra lick roman gup sora",
        "a man surfing waves on his surfboard neighbours ayesha vacations receipts benedict",
        "a man surfing waves on his surfboard scanner mcbride stork naidu rug",
        "a man surfing waves on his surfboard coaster rides storytime receipts cobra",
        "a man surfing waves on his surfboard prompts boba rossi! shootings",
        "a man surfing waves on his surfboard mrt stops benedict struck gladys",
        "a man surfing waves on his surfboard amtrak viewers cruiser shakes carla",
        "a man surfing waves on his surfboard breaks starring cruise isles thanos"
    ],
    "blip_scores": [
        [
            0,
            1,
            0,
            0,
            0
        ],
        [
            0,
            0,
            0,
            0,
            0
        ],
        [
            0,
            0,
            0,
            0,
            0
        ],
        [
            0,
            0,
            0,
            0,
            0
        ],
        [
            0,
            0,
            0,
            0,
            0
        ],
        [
            0,
            0,
            0,
            0,
            0
        ],
        [
            0,
            0,
            0,
            0,
            0
        ],
        [
            0,
            0,
            0,
            0,
            0
        ],
        [
            0,
            0,
            0,
            0,
            0
        ],
        [
            0,
            0,
            0,
            0,
            0
        ]
    ]
}