{
    "input_text": "A red car in a forest.",
    "target_text": "A red panda in a forest.",
    "num_tokens": 5,
    "adv_prompts": [
        "a red car in a forest. pictured banded raccoon \u0644 juvenile",
        "a red car in a forest. tailed panda adult cub interacting",
        "a red car in a forest. pictured red ented panda juvenile",
        "a red car in a forest. red panda juvenile interacting banded",
        "a red car in a forest. attractive borneorangubarred juvenile",
        "a red car in a forest. raccoon terriers adult pendant panda",
        "a red car in a forest. red panda juvenile interacting banded",
        "a red car in a forest. aravbanded raccoon youngster interacting",
        "a red car in a forest. red panda americana interacting cub",
        "a red car in a forest. female billed cape panda relaxed"
    ],
    "blip_scores": [
        [
            0,
            0,
            0,
            0,
            0
        ],
        [
            1,
            0,
            0,
            0,
            0
        ],
        [
            1,
            1,
            0,
            1,
            1
        ],
        [
            1,
            1,
            1,
            1,
            1
        ],
        [
            0,
            0,
            0,
            0,
            0
        ],
        [
            0,
            0,
            0,
            0,
            0
        ],
        [
            1,
            1,
            0,
            0,
            0
        ],
        [
            0,
            0,
            0,
            0,
            0
        ],
        [
            1,
            1,
            1,
            1,
            0
        ],
        [
            1,
            1,
            0,
            0,
            0
        ]
    ],
    "gense_cos_sim": 0.592613697052002,
    "clip_cos_sim": 0.6412234902381897
}