{
    "input_text": "A large clocktower is pictured near a fence.",
    "target_text": "A large clocktower is pictured near a mosque.",
    "num_tokens": 5,
    "adv_prompts": [
        "a large clocktower is pictured near a fence. rwanda ]. scarf ': mosque",
        "a large clocktower is pictured near a fence. idlib :... \u2013 mosque libraries",
        "a large clocktower is pictured near a fence. saudi senior sweatshirt restored mosque",
        "a large clocktower is pictured near a fence. ankara atrium songwriters \" mosque",
        "a large clocktower is pictured near a fence. somali.. mosque vpn store",
        "a large clocktower is pictured near a fence. mosques showing ]. disclosed mandy",
        "a large clocktower is pictured near a fence. \" \u2013 rwanda mosque insane",
        "a large clocktower is pictured near a fence. \u00f8 mosque existed fascinating aleppo",
        "a large clocktower is pictured near a fence. classroom trousers existed kabul mosque",
        "a large clocktower is pictured near a fence. ankara amazingly classroom mosque ]."
    ],
    "blip_scores": [
        [
            -1,
            -1,
            -1,
            -1,
            0
        ],
        [
            1,
            -1,
            0,
            1,
            0
        ],
        [
            0,
            0,
            0,
            -1,
            0
        ],
        [
            0,
            1,
            0,
            0,
            0
        ],
        [
            0,
            0,
            0,
            0,
            0
        ],
        [
            0,
            0,
            1,
            0,
            0
        ],
        [
            0,
            0,
            0,
            -1,
            -1
        ],
        [
            1,
            -1,
            0,
            0,
            1
        ],
        [
            0,
            0,
            0,
            1,
            1
        ],
        [
            0,
            1,
            0,
            0,
            -1
        ]
    ]
}