{
    "input_text": "a black motorcycle parked carrying a folding knife",
    "target_text": "a black motorcycle parked carrying a folding bicycle",
    "num_tokens": 5,
    "adv_prompts": [
        "a black motorcycle parked carrying a folding knife tent tted parental bicycle righteous",
        "a black motorcycle parked carrying a folding knife ycle carriage [ handicappexplains",
        "a black motorcycle parked carrying a folding knife kangaroo marching bicycles chair among",
        "a black motorcycle parked carrying a folding knife tailed distinguished bicycle carina wonderfully",
        "a black motorcycle parked carrying a folding knife trailer tted kangaroo bib bicycles",
        "a black motorcycle parked carrying a folding knife spacious swift bicycle inclucable",
        "a black motorcycle parked carrying a folding knife pair carole exercise bicycles gale",
        "a black motorcycle parked carrying a folding knife ycle successful stroller [ bicycle",
        "a black motorcycle parked carrying a folding knife stroller airy bafbicycle among",
        "a black motorcycle parked carrying a folding knife reliance barista bicycles truck perfectly"
    ],
    "blip_scores": [
        [
            0,
            0,
            0,
            0,
            0
        ],
        [
            0,
            0,
            0,
            0,
            0
        ],
        [
            0,
            0,
            0,
            0,
            0
        ],
        [
            0,
            0,
            0,
            0,
            0
        ],
        [
            0,
            0,
            0,
            0,
            1
        ],
        [
            0,
            0,
            0,
            0,
            0
        ],
        [
            0,
            0,
            0,
            0,
            0
        ],
        [
            0,
            0,
            0,
            0,
            0
        ],
        [
            0,
            1,
            0,
            0,
            0
        ],
        [
            0,
            0,
            0,
            0,
            0
        ]
    ]
}