{
    "input_text": "A little kid that is playing with stuff.",
    "target_text": "A little boy that is playing with stuff.",
    "num_tokens": 5,
    "adv_prompts": [
        "a little kid that is playing with stuff. beauazerbaidoyle boy costumes",
        "a little kid that is playing with stuff. culturally.) masculine prints \u2b50",
        "a little kid that is playing with stuff. armenian lorry timelapse men landfill",
        "a little kid that is playing with stuff. motherhood wip boys @ alessandro",
        "a little kid that is playing with stuff. [ boy generic sexy shoot",
        "a little kid that is playing with stuff. flickr gious edmond colton puddle",
        "a little kid that is playing with stuff. male costumes \u2022 boudoavi",
        "a little kid that is playing with stuff. boy infrared maternity.; costumes",
        "a little kid that is playing with stuff. boy unsplash swampmoody studying",
        "a little kid that is playing with stuff. \" maternity boy steamy shooting"
    ],
    "blip_scores": [
        [
            0,
            0,
            0,
            0,
            0
        ],
        [
            0,
            0,
            0,
            0,
            0
        ],
        [
            0,
            0,
            0,
            0,
            0
        ],
        [
            0,
            0,
            -1,
            0,
            0
        ],
        [
            0,
            0,
            0,
            0,
            0
        ],
        [
            0,
            0,
            0,
            0,
            0
        ],
        [
            0,
            0,
            0,
            0,
            0
        ],
        [
            0,
            0,
            0,
            0,
            0
        ],
        [
            0,
            0,
            0,
            0,
            0
        ],
        [
            0,
            0,
            0,
            0,
            0
        ]
    ]
}