{
    "input_text": "A staircase that is sitting on some steps.",
    "target_text": "A cat that is sitting on some steps.",
    "num_tokens": 5,
    "adv_prompts": [
        "a staircase that is sitting on some steps. bentley mashup cat serving lower",
        "a staircase that is sitting on some steps. vet supersport nurturing staffer edwin",
        "a staircase that is sitting on some steps. paw nb dietary beto enjoying",
        "a staircase that is sitting on some steps. cat spokesman adding feeding msi",
        "a staircase that is sitting on some steps. baker remi feeding crunch kitten",
        "a staircase that is sitting on some steps. van callaway missoula cats \"",
        "a staircase that is sitting on some steps. culver cat deprivation yawn marc",
        "a staircase that is sitting on some steps. cat nurturing mak ditional smash",
        "a staircase that is sitting on some steps. mckinley cravings cat nurturing smash",
        "a staircase that is sitting on some steps. alina dolomptsd cat feeding"
    ],
    "blip_scores": [
        [
            0,
            0,
            0,
            1,
            1
        ],
        [
            0,
            0,
            0,
            0,
            0
        ],
        [
            0,
            0,
            0,
            0,
            0
        ],
        [
            0,
            0,
            0,
            0,
            0
        ],
        [
            1,
            1,
            1,
            0,
            0
        ],
        [
            1,
            1,
            1,
            1,
            1
        ],
        [
            1,
            1,
            1,
            1,
            1
        ],
        [
            1,
            1,
            0,
            0,
            0
        ],
        [
            1,
            1,
            0,
            0,
            1
        ],
        [
            0,
            1,
            1,
            1,
            0
        ]
    ]
}