{
    "input_text": "A person feeding a cat with a banana",
    "target_text": "A person feeding a squirrel with a banana",
    "num_tokens": 5,
    "adv_prompts": [
        "a person feeding a cat with a banana affects female squirrel robin onto",
        "a person feeding a cat with a banana dewey hid ringed this squirrel",
        "a person feeding a cat with a banana squirrels threatens banded transparent squirrel",
        "a person feeding a cat with a banana squirrel immature is rathsquirrels",
        "a person feeding a cat with a banana squirrel squirrels openly fascinating noisy",
        "a person feeding a cat with a banana sees squirrels immature logged squirrel",
        "a person feeding a cat with a banana squirrel immature finds horny squirrels",
        "a person feeding a cat with a banana meadowsquirrel notifications \u2013 recognizable",
        "a person feeding a cat with a banana squirrel?' fascinating juvensquirrels",
        "a person feeding a cat with a banana squirrels encounters spotted horny squirrel"
    ],
    "blip_scores": [
        [
            0,
            0,
            0,
            0,
            0
        ],
        [
            0,
            0,
            0,
            0,
            0
        ],
        [
            0,
            1,
            0,
            0,
            0
        ],
        [
            0,
            0,
            0,
            1,
            0
        ],
        [
            0,
            1,
            0,
            0,
            0
        ],
        [
            0,
            0,
            0,
            0,
            0
        ],
        [
            0,
            0,
            1,
            0,
            0
        ],
        [
            0,
            0,
            0,
            0,
            0
        ],
        [
            0,
            1,
            1,
            0,
            1
        ],
        [
            0,
            0,
            0,
            0,
            0
        ]
    ]
}