{
    "input_text": "A piano in a music store.",
    "target_text": "A guitar in a music store.",
    "num_tokens": 5,
    "adv_prompts": [
        "a piano in a music store. kly ouroguitar specialist sunglasses",
        "a piano in a music store. peregrine ager guitars frontal wsop",
        "a piano in a music store. gunn updated diocese motogp guitar",
        "a piano in a music store. guitars pickups motogp burst faceted",
        "a piano in a music store. gibson motogp lineup latest guitar",
        "a piano in a music store. fergie ukulele guitmotogp ute",
        "a piano in a music store. interviewed \u2026 shenmue mma guitar",
        "a piano in a music store. motogp suki guitars overview melee",
        "a piano in a music store. motogp ggs guitar asuoverview",
        "a piano in a music store. tripadvisor ukulele helmet nextgen guitar"
    ],
    "blip_scores": [
        [
            -1,
            -1,
            0,
            1,
            0
        ],
        [
            1,
            1,
            1,
            1,
            1
        ],
        [
            1,
            1,
            1,
            1,
            1
        ],
        [
            0,
            0,
            1,
            1,
            1
        ],
        [
            1,
            1,
            1,
            1,
            1
        ],
        [
            1,
            1,
            0,
            1,
            1
        ],
        [
            1,
            0,
            0,
            -1,
            -1
        ],
        [
            1,
            1,
            1,
            1,
            1
        ],
        [
            1,
            1,
            1,
            1,
            1
        ],
        [
            1,
            1,
            1,
            1,
            0
        ]
    ],
    "gense_cos_sim": 0.7092486619949341,
    "clip_cos_sim": 0.8563481569290161
}