{
    "input_text": "a person at a dinner table eating salad",
    "target_text": "a person at a picnic table eating salad",
    "num_tokens": 5,
    "adv_prompts": [
        "a person at a dinner table eating salad shirts undeniauckland picnic template",
        "a person at a dinner table eating salad bench olympipicnic peoria landmark",
        "a person at a dinner table eating salad stl umbrella bench westchester nad",
        "a person at a dinner table eating salad fanny informal picnic bench wichita",
        "a person at a dinner table eating salad ornamental picnic walsh playground afghan",
        "a person at a dinner table eating salad umbrella bench ques womack amphitheater",
        "a person at a dinner table eating salad square concrete vise mgm ales",
        "a person at a dinner table eating salad tan picnic table waco \u2014",
        "a person at a dinner table eating salad bench playground covering cooler wichita",
        "a person at a dinner table eating salad asbestos womack spring playground kansas"
    ],
    "blip_scores": [
        [
            0,
            0,
            0,
            -1,
            0
        ],
        [
            0,
            1,
            1,
            1,
            1
        ],
        [
            1,
            0,
            0,
            0,
            0
        ],
        [
            0,
            1,
            1,
            1,
            0
        ],
        [
            1,
            0,
            0,
            1,
            1
        ],
        [
            0,
            0,
            0,
            0,
            0
        ],
        [
            -1,
            -1,
            -1,
            1,
            0
        ],
        [
            1,
            1,
            0,
            1,
            1
        ],
        [
            0,
            0,
            1,
            1,
            1
        ],
        [
            1,
            1,
            1,
            0,
            1
        ]
    ]
}