{
    "input_text": "A person serving a meal on a spatula.",
    "target_text": "A person serving a sandwich on a spatula.",
    "num_tokens": 5,
    "adv_prompts": [
        "a person serving a meal on a spatula. sandwichprosciutto aluminum bano sandwich",
        "a person serving a meal on a spatula. arranged sandwich manitlaughing sandwich",
        "a person serving a meal on a spatula. sandwich holding jalape\u00f1o pharmaceutical sandwich",
        "a person serving a meal on a spatula. sandwich brazilian sandwich swithmilky",
        "a person serving a meal on a spatula. monster allianz ranger sandwich sandwich",
        "a person serving a meal on a spatula. artichotruffle serrano gloucester sandwich",
        "a person serving a meal on a spatula. sandwich sliced swamp sandwich dante",
        "a person serving a meal on a spatula. sandwiches huge bavaria plains sandwich",
        "a person serving a meal on a spatula. prosciutto sandwich sandwiches stuffed david",
        "a person serving a meal on a spatula. espresso savagadventsandwich bearing"
    ],
    "blip_scores": [
        [
            0,
            0,
            1,
            0,
            0
        ],
        [
            0,
            0,
            0,
            0,
            0
        ],
        [
            0,
            0,
            0,
            0,
            0
        ],
        [
            0,
            0,
            0,
            0,
            0
        ],
        [
            0,
            0,
            0,
            0,
            0
        ],
        [
            0,
            0,
            0,
            0,
            0
        ],
        [
            0,
            0,
            0,
            0,
            0
        ],
        [
            0,
            0,
            0,
            0,
            0
        ],
        [
            0,
            0,
            0,
            0,
            0
        ],
        [
            0,
            0,
            0,
            0,
            0
        ]
    ]
}