{
    "input_text": "A man holding a child in high water.",
    "target_text": "A man holding a child in high school.",
    "num_tokens": 5,
    "adv_prompts": [
        "a man holding a child in high water. classmates gym sturridge highschool archery",
        "a man holding a child in high water. tinder cayenne highschool sonic chloe",
        "a man holding a child in high water. madonna highschool formity oem letterman",
        "a man holding a child in high water. blondie highschool zendfruity voc",
        "a man holding a child in high water. highschool glee tabs \u2192 suitcase",
        "a man holding a child in high water. classroom roblox chloe yearbook gilbert",
        "a man holding a child in high water. schoolhighschool institution tivo customization",
        "a man holding a child in high water. school highschool timberwolves jealousy men",
        "a man holding a child in high water. teaches riverdale academy trio \ud83d\udc95",
        "a man holding a child in high water. classmates blondie cinderella lottie overview"
    ],
    "blip_scores": [
        [
            0,
            0,
            0,
            0,
            0
        ],
        [
            0,
            0,
            0,
            0,
            0
        ],
        [
            0,
            0,
            0,
            0,
            0
        ],
        [
            0,
            0,
            0,
            0,
            0
        ],
        [
            0,
            0,
            0,
            0,
            0
        ],
        [
            0,
            0,
            0,
            0,
            0
        ],
        [
            0,
            0,
            0,
            -1,
            0
        ],
        [
            -1,
            -1,
            -1,
            0,
            0
        ],
        [
            0,
            0,
            0,
            0,
            0
        ],
        [
            0,
            0,
            0,
            0,
            0
        ]
    ]
}