{
    "input_text": "A skier carving down a snowy mountain side",
    "target_text": "A man carving down a snowy mountain side",
    "num_tokens": 5,
    "adv_prompts": [
        "a skier carving down a snowy mountain side namm leppard man rooting seo",
        "a skier carving down a snowy mountain side nile straighreusable guitarist marc",
        "a skier carving down a snowy mountain side sphinx wondercon guitarist learning beards",
        "a skier carving down a snowy mountain side guitar mats babylon unsigned unlock",
        "a skier carving down a snowy mountain side manor enca dungeon aths utilizing",
        "a skier carving down a snowy mountain side enslaved guitar podcasting wtf mind",
        "a skier carving down a snowy mountain side wondercon guitarist examining bulbs sphinx",
        "a skier carving down a snowy mountain side winery letters seriously namm depicting",
        "a skier carving down a snowy mountain side thinking enigmaan gamescom dorm",
        "a skier carving down a snowy mountain side wreath boxed passwords namm soundcheck"
    ],
    "blip_scores": [
        [
            0,
            -1,
            0,
            0,
            0
        ],
        [
            0,
            0,
            0,
            0,
            0
        ],
        [
            0,
            0,
            0,
            0,
            0
        ],
        [
            0,
            0,
            0,
            0,
            0
        ],
        [
            0,
            0,
            0,
            0,
            0
        ],
        [
            0,
            0,
            0,
            0,
            0
        ],
        [
            0,
            0,
            0,
            0,
            0
        ],
        [
            0,
            0,
            0,
            0,
            0
        ],
        [
            0,
            0,
            0,
            0,
            0
        ],
        [
            0,
            0,
            0,
            0,
            -1
        ]
    ]
}