{
    "input_text": "A picture of children's favorite reading story. ",
    "target_text": "A picture of children's toy reading story. ",
    "num_tokens": 5,
    "adv_prompts": [
        "a picture of children's favorite reading story. toychains ghostbusters ps toy",
        "a picture of children's favorite reading story. toy cucumbers abstractstands gn",
        "a picture of children's favorite reading story. stared toycomicon woody maze",
        "a picture of children's favorite reading story. branding toy story walled rca",
        "a picture of children's favorite reading story. farm toy rising pixar grabbed",
        "a picture of children's favorite reading story. standspiderman kevin toy machines",
        "a picture of children's favorite reading story. woody unleashed toy decorating dbz",
        "a picture of children's favorite reading story. toy story fused [ hra",
        "a picture of children's favorite reading story. circus toy chamber psghostbusters",
        "a picture of children's favorite reading story. 'd nedtoys spiderman woody"
    ],
    "blip_scores": [
        [
            0,
            0,
            0,
            0,
            0
        ],
        [
            0,
            0,
            0,
            0,
            0
        ],
        [
            0,
            0,
            0,
            0,
            0
        ],
        [
            0,
            0,
            0,
            0,
            0
        ],
        [
            0,
            0,
            0,
            0,
            0
        ],
        [
            0,
            0,
            0,
            0,
            0
        ],
        [
            0,
            0,
            0,
            0,
            0
        ],
        [
            0,
            0,
            0,
            0,
            0
        ],
        [
            0,
            0,
            0,
            0,
            0
        ],
        [
            0,
            0,
            0,
            1,
            0
        ]
    ]
}