{
    "input_text": "A small sandwich sits on a white plate. ",
    "target_text": "A small egg sits on a white plate. ",
    "num_tokens": 5,
    "adv_prompts": [
        "a small sandwich sits on a white plate. burgring ruger convertible hatchback cherokee",
        "a small sandwich sits on a white plate. sebring dvd serge tennis ruger",
        "a small sandwich sits on a white plate. \u2026\" pearce packer microscope egg",
        "a small sandwich sits on a white plate. egg pvc ballskirt \"",
        "a small sandwich sits on a white plate. strait warbler moorquebec egg",
        "a small sandwich sits on a white plate. outrage abo sneakers eos ronnie",
        "a small sandwich sits on a white plate. burnley faceted relic egg earrings",
        "a small sandwich sits on a white plate. sns shasta streetwear puma thunder",
        "a small sandwich sits on a white plate. bingham grouse stral budding skeleton",
        "a small sandwich sits on a white plate. \u2026. illumination buckeye craig skeletal"
    ],
    "blip_scores": [
        [
            0,
            0,
            0,
            0,
            0
        ],
        [
            0,
            -1,
            0,
            0,
            0
        ],
        [
            1,
            -1,
            -1,
            -1,
            -1
        ],
        [
            0,
            0,
            0,
            0,
            0
        ],
        [
            0,
            1,
            0,
            1,
            0
        ],
        [
            0,
            0,
            0,
            0,
            0
        ],
        [
            0,
            0,
            0,
            0,
            0
        ],
        [
            0,
            0,
            0,
            0,
            0
        ],
        [
            0,
            0,
            0,
            0,
            0
        ],
        [
            0,
            0,
            0,
            0,
            -1
        ]
    ]
}