{
    "input_text": "a brown breakfast bar in a large kitchen",
    "target_text": "a brown chocolate bar in a large kitchen",
    "num_tokens": 5,
    "adv_prompts": [
        "a brown breakfast bar in a large kitchen chocolates : unpacking chocolate plaque",
        "a brown breakfast bar in a large kitchen chocolate bounty lekbars preserved",
        "a brown breakfast bar in a large kitchen vodka rational filipino chocolates chocolat",
        "a brown breakfast bar in a large kitchen chocolate brooch %, bounty bar",
        "a brown breakfast bar in a large kitchen chocolates nutella (+ teased rob",
        "a brown breakfast bar in a large kitchen ultrasound chocolates + missing toby",
        "a brown breakfast bar in a large kitchen chocolitated bengaluru chocolates flavor",
        "a brown breakfast bar in a large kitchen ultrasound chocolates sprinkle trc brewery",
        "a brown breakfast bar in a large kitchen chocolates discarded \u043afinger flavored",
        "a brown breakfast bar in a large kitchen chocolates chocolate magnet?: torrent"
    ],
    "blip_scores": [
        [
            0,
            0,
            0,
            0,
            0
        ],
        [
            0,
            0,
            0,
            0,
            0
        ],
        [
            0,
            0,
            0,
            0,
            0
        ],
        [
            0,
            0,
            0,
            0,
            0
        ],
        [
            0,
            0,
            0,
            0,
            0
        ],
        [
            0,
            0,
            0,
            0,
            0
        ],
        [
            0,
            0,
            0,
            0,
            0
        ],
        [
            0,
            0,
            0,
            0,
            0
        ],
        [
            0,
            0,
            0,
            0,
            0
        ],
        [
            0,
            0,
            0,
            0,
            0
        ]
    ]
}