{
    "input_text": "A group of mopeds passing on a pasture.",
    "target_text": "A group of mopeds passing on a street.",
    "num_tokens": 5,
    "adv_prompts": [
        "a group of mopeds passing on a pasture. pedestrians barclays shoppe wrestlemania snapchat",
        "a group of mopeds passing on a pasture. ihop mart lubbock snapchat bigg",
        "a group of mopeds passing on a pasture. cnbc strongest bookstore porch trump",
        "a group of mopeds passing on a pasture. rebounpple pond street earrings",
        "a group of mopeds passing on a pasture. cnbc starbucks gamestop taproom meta",
        "a group of mopeds passing on a pasture. downtown street gamer float puppets",
        "a group of mopeds passing on a pasture. cnbc volatility analysis slab cantina",
        "a group of mopeds passing on a pasture. naga starbucks bucharest ransomware scary",
        "a group of mopeds passing on a pasture. wondercon snapchat zers \"\"\" kfc",
        "a group of mopeds passing on a pasture. hoboken councilman crossing street voters"
    ],
    "blip_scores": [
        [
            1,
            1,
            1,
            0,
            1
        ],
        [
            0,
            0,
            0,
            0,
            0
        ],
        [
            0,
            1,
            0,
            0,
            1
        ],
        [
            0,
            0,
            0,
            0,
            0
        ],
        [
            0,
            0,
            0,
            0,
            0
        ],
        [
            1,
            0,
            0,
            0,
            1
        ],
        [
            1,
            1,
            -1,
            0,
            0
        ],
        [
            0,
            0,
            0,
            0,
            0
        ],
        [
            0,
            0,
            0,
            0,
            0
        ],
        [
            1,
            1,
            1,
            1,
            1
        ]
    ]
}