{
    "input_text": "A pitcher winding up to throw a pitch.",
    "target_text": "A pitcher winding up to throw a fastball.",
    "num_tokens": 5,
    "adv_prompts": [
        "a pitcher winding up to throw a pitch. contested nit lative ruling sent",
        "a pitcher winding up to throw a pitch. allegedly besides ryan mons swish",
        "a pitcher winding up to throw a pitch. chases eve granthm dismissal",
        "a pitcher winding up to throw a pitch. variation shortly grabbing ball dunk",
        "a pitcher winding up to throw a pitch. pleased baller stime pass ball",
        "a pitcher winding up to throw a pitch. midst blasting ticking punter earlier",
        "a pitcher winding up to throw a pitch. selective possession grabbing nage ref",
        "a pitcher winding up to throw a pitch. iconic catch ticking cker briefly",
        "a pitcher winding up to throw a pitch. circulating gamer overwhelming dismissal shot",
        "a pitcher winding up to throw a pitch. assaulting matilda rosen uto blocking"
    ],
    "blip_scores": [
        [
            -1,
            -1,
            -1,
            0,
            0
        ],
        [
            -1,
            -1,
            -1,
            -1,
            -1
        ],
        [
            -1,
            -1,
            0,
            -1,
            0
        ],
        [
            -1,
            -1,
            -1,
            -1,
            -1
        ],
        [
            -1,
            -1,
            -1,
            -1,
            -1
        ],
        [
            -1,
            -1,
            -1,
            -1,
            0
        ],
        [
            0,
            -1,
            -1,
            0,
            0
        ],
        [
            -1,
            0,
            -1,
            0,
            0
        ],
        [
            -1,
            -1,
            -1,
            -1,
            -1
        ],
        [
            -1,
            -1,
            -1,
            -1,
            0
        ]
    ]
}