{
    "input_text": "A Honda Civic parked in a grass driveway",
    "target_text": "A Honda motorcycle parked in a grass driveway",
    "num_tokens": 5,
    "adv_prompts": [
        "a honda civic parked in a grass driveway mozart police motorcycle motorcycle footwear",
        "a honda civic parked in a grass driveway myra motorcycle motorcycle helmet small",
        "a honda civic parked in a grass driveway lufthansa motorcycle pushing prepaid boiler",
        "a honda civic parked in a grass driveway cylinder motorcycle afp usaid motorcycle",
        "a honda civic parked in a grass driveway motorcycle helmet motley wacmotorcycle",
        "a honda civic parked in a grass driveway usaid motorcycle afe cylinder afp",
        "a honda civic parked in a grass driveway motorcycle elian contractors cylinder motorcycle",
        "a honda civic parked in a grass driveway motorcycle lloyrentals kali motorcycle",
        "a honda civic parked in a grass driveway motorcycle loan motorbike glove motorcycle",
        "a honda civic parked in a grass driveway motorbike usaid lloymotorcycle motorcycles"
    ],
    "blip_scores": [
        [
            1,
            1,
            1,
            1,
            1
        ],
        [
            1,
            1,
            1,
            0,
            1
        ],
        [
            1,
            0,
            1,
            0,
            0
        ],
        [
            0,
            1,
            1,
            1,
            0
        ],
        [
            1,
            1,
            1,
            1,
            1
        ],
        [
            0,
            1,
            1,
            1,
            0
        ],
        [
            1,
            1,
            1,
            0,
            1
        ],
        [
            1,
            1,
            1,
            0,
            1
        ],
        [
            1,
            0,
            1,
            1,
            1
        ],
        [
            0,
            1,
            1,
            1,
            1
        ]
    ]
}