{
    "input_text": "A large clocktower is pictured near a mosque.",
    "target_text": "A large clocktower is pictured near a fence.",
    "num_tokens": 5,
    "adv_prompts": [
        "a large clocktower is pictured near a mosque. fence majestic yonge mortgage fence",
        "a large clocktower is pictured near a mosque. fence fence ennismohawk fences",
        "a large clocktower is pictured near a mosque. fence packaged delaware marx fence",
        "a large clocktower is pictured near a mosque. fence fences michaels realty oahu",
        "a large clocktower is pictured near a mosque. fence fence manage testimonial oahu",
        "a large clocktower is pictured near a mosque. fence fence valuation cabernet makeover",
        "a large clocktower is pictured near a mosque. fence mansion fence marx cabo",
        "a large clocktower is pictured near a mosque. fence reflected williamson realty fence",
        "a large clocktower is pictured near a mosque. fence haus llc fences manatee",
        "a large clocktower is pictured near a mosque. fence fence monologue hawaii farmhouse"
    ],
    "blip_scores": [
        [
            0,
            0,
            0,
            1,
            0
        ],
        [
            0,
            1,
            1,
            1,
            0
        ],
        [
            0,
            1,
            0,
            0,
            1
        ],
        [
            0,
            1,
            1,
            1,
            1
        ],
        [
            1,
            1,
            1,
            1,
            1
        ],
        [
            1,
            1,
            1,
            1,
            1
        ],
        [
            1,
            1,
            0,
            1,
            1
        ],
        [
            1,
            1,
            1,
            1,
            0
        ],
        [
            1,
            0,
            1,
            0,
            1
        ],
        [
            0,
            1,
            0,
            0,
            1
        ]
    ]
}