{
    "input_text": "a drone is flying through some dark clouds",
    "target_text": "a plane is flying through some dark clouds",
    "num_tokens": 5,
    "adv_prompts": [
        "a drone is flying through some dark clouds packers subaru ports spandex leggings",
        "a drone is flying through some dark clouds distressed lavender competitive tights radiohead",
        "a drone is flying through some dark clouds achievements dota passengers retiring anese",
        "a drone is flying through some dark clouds amnesia sakura bowling screenshots rena",
        "a drone is flying through some dark clouds acids \u796d bride livestream hina",
        "a drone is flying through some dark clouds trains...: compression leggings minted",
        "a drone is flying through some dark clouds hooks lyrics clashes rin organiser",
        "a drone is flying through some dark clouds leaderboard capitalism dota statues australian",
        "a drone is flying through some dark clouds iii confederation lyrics nam yui",
        "a drone is flying through some dark clouds lyrics hua ando relics plex"
    ],
    "blip_scores": [
        [
            0,
            0,
            0,
            0,
            0
        ],
        [
            0,
            0,
            0,
            0,
            0
        ],
        [
            0,
            0,
            0,
            0,
            0
        ],
        [
            0,
            0,
            0,
            0,
            0
        ],
        [
            0,
            0,
            0,
            0,
            0
        ],
        [
            0,
            0,
            0,
            0,
            0
        ],
        [
            0,
            0,
            0,
            0,
            0
        ],
        [
            -1,
            0,
            0,
            0,
            0
        ],
        [
            0,
            0,
            0,
            0,
            0
        ],
        [
            0,
            0,
            0,
            0,
            0
        ]
    ]
}