{
    "input_text": "A giraffe walking through a lush green field.",
    "target_text": "A woman walking through a lush green field.",
    "num_tokens": 5,
    "adv_prompts": [
        "a giraffe walking through a lush green field. women ashby lw booties flax",
        "a giraffe walking through a lush green field. irina catwoman reacting armor victoria",
        "a giraffe walking through a lush green field. sunglasses hijab adriana nathpurple",
        "a giraffe walking through a lush green field. convergence nmd wu sheryl armoured",
        "a giraffe walking through a lush green field. western saree puffy earrings rajinikanth",
        "a giraffe walking through a lush green field. brushed saree palazzo scallops priyanka",
        "a giraffe walking through a lush green field. vocalist mono cheon krystal specifications",
        "a giraffe walking through a lush green field. wrestlemania womens pinstcertificate flannel",
        "a giraffe walking through a lush green field. sunglasses condolduster model milf",
        "a giraffe walking through a lush green field. anilmidwest milf washington mariah"
    ],
    "blip_scores": [
        [
            1,
            1,
            -1,
            0,
            1
        ],
        [
            0,
            0,
            0,
            0,
            0
        ],
        [
            0,
            1,
            0,
            1,
            1
        ],
        [
            0,
            0,
            0,
            0,
            0
        ],
        [
            0,
            1,
            1,
            0,
            1
        ],
        [
            0,
            1,
            0,
            1,
            1
        ],
        [
            1,
            1,
            0,
            0,
            1
        ],
        [
            0,
            0,
            0,
            0,
            0
        ],
        [
            1,
            1,
            -1,
            1,
            1
        ],
        [
            -1,
            1,
            -1,
            -1,
            -1
        ]
    ]
}