{
    "input_text": "A family sitting around playing with an Atari. ",
    "target_text": "A kid sitting around playing with an Atari. ",
    "num_tokens": 5,
    "adv_prompts": [
        "a family sitting around playing with an atari. footy watford orphanage rapper ahmed",
        "a family sitting around playing with an atari. classic updated efc underage midfielder",
        "a family sitting around playing with an atari. middlesbrough pathways rf youngster luis",
        "a family sitting around playing with an atari. nwsl discography pupil sanymichael",
        "a family sitting around playing with an atari. cvs wigan student grilled stunning",
        "a family sitting around playing with an atari. catalonia dux midfielder amps updated",
        "a family sitting around playing with an atari. middlesbrough newbie andro fascinating lfc",
        "a family sitting around playing with an atari. malaga kids dashboard ottoman midfielder",
        "a family sitting around playing with an atari. gareth alder rahman overview fixtures",
        "a family sitting around playing with an atari. watford monologue midfielder soulmate dazzling"
    ],
    "blip_scores": [
        [
            0,
            0,
            0,
            0,
            0
        ],
        [
            0,
            0,
            0,
            0,
            0
        ],
        [
            0,
            0,
            0,
            0,
            0
        ],
        [
            0,
            0,
            0,
            0,
            0
        ],
        [
            -1,
            0,
            0,
            0,
            0
        ],
        [
            0,
            0,
            0,
            0,
            0
        ],
        [
            0,
            0,
            0,
            0,
            0
        ],
        [
            0,
            0,
            0,
            0,
            0
        ],
        [
            0,
            0,
            0,
            0,
            0
        ],
        [
            0,
            0,
            0,
            0,
            0
        ]
    ]
}