{
    "input_text": "A man is plowing the lawn in preparation.",
    "target_text": "A man is plowing the field in preparation.",
    "num_tokens": 5,
    "adv_prompts": [
        "a man is plowing the lawn in preparation. predictions deere shopify balloon cufflinks",
        "a man is plowing the lawn in preparation. mt ronan shopify quilted clock",
        "a man is plowing the lawn in preparation. accredited intercontinental antiques cufflinks shields",
        "a man is plowing the lawn in preparation. airdrop employers paperback jacket lukaku",
        "a man is plowing the lawn in preparation. shopify coates clock turbines cufflinks",
        "a man is plowing the lawn in preparation. ben heap dad shopify cufflinks",
        "a man is plowing the lawn in preparation. mount bugatti bolo kato clock",
        "a man is plowing the lawn in preparation. vinegar rupees barrington cone cufflinks",
        "a man is plowing the lawn in preparation. balloon tombstone bolo cooperbrooch",
        "a man is plowing the lawn in preparation. kickstarter cove tball clock eames"
    ],
    "blip_scores": [
        [
            0,
            0,
            0,
            0,
            0
        ],
        [
            0,
            0,
            0,
            0,
            0
        ],
        [
            0,
            0,
            0,
            0,
            0
        ],
        [
            0,
            0,
            1,
            0,
            0
        ],
        [
            0,
            0,
            0,
            0,
            0
        ],
        [
            0,
            0,
            0,
            0,
            0
        ],
        [
            0,
            0,
            0,
            0,
            0
        ],
        [
            0,
            0,
            0,
            0,
            0
        ],
        [
            0,
            0,
            0,
            0,
            0
        ],
        [
            0,
            0,
            0,
            0,
            0
        ]
    ]
}