{
    "input_text": "A double decker bus driving down a street.",
    "target_text": "A double decker was driving down a street.",
    "num_tokens": 5,
    "adv_prompts": [
        "a double decker bus driving down a street. shirt frederic showed candles frederic",
        "a double decker bus driving down a street. calves clemson exploded undertale titanic",
        "a double decker bus driving down a street. cello drowned foxes carocelebration",
        "a double decker bus driving down a street. pardon shirt endernorthwest adrien",
        "a double decker bus driving down a street. grepresentation watched cavendish ricky",
        "a double decker bus driving down a street. xbox reacted maserati happened thomas",
        "a double decker bus driving down a street. marwineries deer earrings bowser",
        "a double decker bus driving down a street. targets cans glock clowteresa",
        "a double decker bus driving down a street. steveinox glorycongratulations dirk",
        "a double decker bus driving down a street. leggings cirque carrots chihuconstitutional"
    ],
    "blip_scores": [
        [
            0,
            0,
            0,
            0,
            0
        ],
        [
            -1,
            0,
            0,
            -1,
            0
        ],
        [
            0,
            0,
            0,
            0,
            0
        ],
        [
            0,
            0,
            0,
            0,
            0
        ],
        [
            0,
            0,
            0,
            0,
            0
        ],
        [
            0,
            0,
            0,
            0,
            0
        ],
        [
            -1,
            0,
            0,
            0,
            0
        ],
        [
            0,
            -1,
            0,
            0,
            0
        ],
        [
            -1,
            0,
            0,
            0,
            0
        ],
        [
            0,
            0,
            0,
            0,
            0
        ]
    ]
}