{
    "input_text": "A red flag flying through a blue sky.",
    "target_text": "A red plane flying through a blue sky.",
    "num_tokens": 5,
    "adv_prompts": [
        "a red flag flying through a blue sky. \u2022 airshow plane 1 theme",
        "a red flag flying through a blue sky. airplane with shutt\u00eb theme",
        "a red flag flying through a blue sky. plane leading airplane music \ud83d\udd25",
        "a red flag flying through a blue sky. plane going \u3010 nofilter logo",
        "a red flag flying through a blue sky. san airplane extraordintotes (\u00a9",
        "a red flag flying through a blue sky. plane exiting identified \u2014 archived",
        "a red flag flying through a blue sky. private san airplane. wonderfully",
        "a red flag flying through a blue sky. faa airplane hnkinhomo",
        "a red flag flying through a blue sky. privcnatal airplane.'",
        "a red flag flying through a blue sky. airplane sexiest tography \" kups"
    ],
    "blip_scores": [
        [
            1,
            1,
            0,
            1,
            1
        ],
        [
            1,
            -1,
            1,
            -1,
            -1
        ],
        [
            0,
            1,
            0,
            0,
            0
        ],
        [
            1,
            1,
            1,
            1,
            1
        ],
        [
            0,
            0,
            1,
            1,
            1
        ],
        [
            1,
            1,
            1,
            1,
            1
        ],
        [
            1,
            1,
            1,
            1,
            1
        ],
        [
            0,
            1,
            1,
            1,
            1
        ],
        [
            1,
            1,
            1,
            1,
            1
        ],
        [
            1,
            1,
            1,
            1,
            1
        ]
    ]
}