{
    "input_text": "A kid sitting around playing with an Atari. ",
    "target_text": "A family sitting around playing with an Atari. ",
    "num_tokens": 5,
    "adv_prompts": [
        "a kid sitting around playing with an atari. couple with parents laughing daughters",
        "a kid sitting around playing with an atari. cheerful couples family beneath father",
        "a kid sitting around playing with an atari. parents petting daughunidentified couple",
        "a kid sitting around playing with an atari. couple mabel steve elaine vanessa",
        "a kid sitting around playing with an atari. towed family looking gentlaughing",
        "a kid sitting around playing with an atari. newlycheerful family alongside couple",
        "a kid sitting around playing with an atari. families couple thiruinspecting nolan",
        "a kid sitting around playing with an atari. dad kate amy mom hugging",
        "a kid sitting around playing with an atari. family flanparents laughing carrying",
        "a kid sitting around playing with an atari. newlyfamily couple surrounded denis"
    ],
    "blip_scores": [
        [
            1,
            1,
            0,
            0,
            0
        ],
        [
            1,
            1,
            0,
            1,
            0
        ],
        [
            1,
            0,
            1,
            0,
            0
        ],
        [
            0,
            0,
            0,
            0,
            0
        ],
        [
            1,
            0,
            1,
            0,
            0
        ],
        [
            0,
            1,
            0,
            0,
            1
        ],
        [
            0,
            0,
            1,
            1,
            1
        ],
        [
            0,
            0,
            0,
            0,
            0
        ],
        [
            1,
            0,
            0,
            1,
            0
        ],
        [
            1,
            0,
            0,
            1,
            0
        ]
    ]
}