{
    "input_text": "a busy intersection with a green stoplight arrow.",
    "target_text": "a busy street with a green stoplight arrow.",
    "num_tokens": 5,
    "adv_prompts": [
        "a busy intersection with a green stoplight arrow. alley alley cardiff procession louvre",
        "a busy intersection with a green stoplight arrow. nycc purchases duterte popcorn maddie",
        "a busy intersection with a green stoplight arrow. selling nycc drawer wwdc malcolm",
        "a busy intersection with a green stoplight arrow. buckets streetvending doorway stamford",
        "a busy intersection with a green stoplight arrow. alley harrogate martyred alley canvassing",
        "a busy intersection with a green stoplight arrow. doorstep strung alley festivities macron",
        "a busy intersection with a green stoplight arrow. catwalk alley harrogate daya glasses",
        "a busy intersection with a green stoplight arrow. macbeth screenplay hallway antwercourier",
        "a busy intersection with a green stoplight arrow. alley louvre donnie jed alogue",
        "a busy intersection with a green stoplight arrow. ripper malcolm lineups yc sunglasses"
    ],
    "blip_scores": [
        [
            0,
            0,
            0,
            0,
            0
        ],
        [
            0,
            0,
            0,
            0,
            0
        ],
        [
            0,
            0,
            0,
            0,
            0
        ],
        [
            0,
            0,
            0,
            0,
            0
        ],
        [
            0,
            0,
            0,
            0,
            0
        ],
        [
            0,
            0,
            0,
            0,
            0
        ],
        [
            0,
            0,
            0,
            0,
            0
        ],
        [
            0,
            0,
            0,
            0,
            0
        ],
        [
            0,
            0,
            0,
            0,
            0
        ],
        [
            0,
            0,
            0,
            0,
            0
        ]
    ]
}