{
    "input_text": "A parked car next to a green tent.",
    "target_text": "A parked motorcycle next to a green tent.",
    "num_tokens": 5,
    "adv_prompts": [
        "a parked car next to a green tent. hd ageing motorcycle laurent motorcycles",
        "a parked car next to a green tent. palestinian motorcycles ( perfect....",
        "a parked car next to a green tent. personalized motorcycles japanese motorcycle ^",
        "a parked car next to a green tent. updated motorcycles docked perfectly perfect",
        "a parked car next to a green tent. amazingly executed motorcycles southeastern",
        "a parked car next to a green tent. sample technological motorcycles sv crossed",
        "a parked car next to a green tent. motorcycles ]: lovely motorcycle vector",
        "a parked car next to a green tent. vibrant ms motorcycle beauty docked",
        "a parked car next to a green tent. ua's liter sporty motorcycle",
        "a parked car next to a green tent. awesome \u2661 fz motorcycles cleaned"
    ],
    "blip_scores": [
        [
            1,
            0,
            0,
            1,
            1
        ],
        [
            0,
            0,
            1,
            0,
            1
        ],
        [
            1,
            1,
            1,
            1,
            1
        ],
        [
            1,
            0,
            1,
            1,
            1
        ],
        [
            1,
            0,
            1,
            1,
            0
        ],
        [
            1,
            1,
            1,
            1,
            1
        ],
        [
            0,
            1,
            0,
            0,
            0
        ],
        [
            1,
            1,
            1,
            0,
            1
        ],
        [
            1,
            1,
            1,
            1,
            1
        ],
        [
            0,
            1,
            1,
            0,
            0
        ]
    ]
}