{
    "input_text": "A bunch of oranges are in a strainer. ",
    "target_text": "A handful of oranges are in a strainer. ",
    "num_tokens": 5,
    "adv_prompts": [
        "a bunch of oranges are in a strainer. dova momsvideogame gloves handshake",
        "a bunch of oranges are in a strainer. ( mdc gloves define councilman",
        "a bunch of oranges are in a strainer. mani hovering slideshow \" dvds",
        "a bunch of oranges are in a strainer. handful defends hoboken menswear his",
        "a bunch of oranges are in a strainer. handful handshake manicure stoner mani",
        "a bunch of oranges are in a strainer. handful coverbiceps handshake coatings",
        "a bunch of oranges are in a strainer. handshake handful \u00a9 boi frontman",
        "a bunch of oranges are in a strainer. \u2714 handful shenanigans pregame gloves",
        "a bunch of oranges are in a strainer. considerluigi manicure :) handful",
        "a bunch of oranges are in a strainer. \u3010 cnet shirt \" handful"
    ],
    "blip_scores": [
        [
            0,
            0,
            0,
            -1,
            0
        ],
        [
            -1,
            0,
            0,
            0,
            0
        ],
        [
            0,
            0,
            0,
            0,
            0
        ],
        [
            0,
            0,
            0,
            0,
            0
        ],
        [
            0,
            -1,
            0,
            0,
            0
        ],
        [
            0,
            0,
            0,
            0,
            -1
        ],
        [
            0,
            0,
            0,
            0,
            0
        ],
        [
            0,
            0,
            0,
            0,
            0
        ],
        [
            0,
            0,
            0,
            0,
            0
        ],
        [
            0,
            0,
            0,
            0,
            0
        ]
    ]
}