{
    "input_text": "A blue salad loaded with broccoli and cauliflower",
    "target_text": "A blue plate loaded with broccoli and cauliflower",
    "num_tokens": 5,
    "adv_prompts": [
        "a blue salad loaded with broccoli and cauliflower imports patreon refurbished plate broccoli",
        "a blue salad loaded with broccoli and cauliflower plate patreon rer choreographer jaro",
        "a blue salad loaded with broccoli and cauliflower patreon anger imports plate milo",
        "a blue salad loaded with broccoli and cauliflower transmitter patreon printed plate peas",
        "a blue salad loaded with broccoli and cauliflower logs pans pesticides broccoli another",
        "a blue salad loaded with broccoli and cauliflower disk struggles blue plate thirds",
        "a blue salad loaded with broccoli and cauliflower dans biodegradable plates patreon broccoli",
        "a blue salad loaded with broccoli and cauliflower homedecor plates saucer ouses cana",
        "a blue salad loaded with broccoli and cauliflower yers plate illustrates acp respectively",
        "a blue salad loaded with broccoli and cauliflower patreon then atters plates chemotherapy"
    ],
    "blip_scores": [
        [
            0,
            0,
            0,
            0,
            0
        ],
        [
            0,
            0,
            0,
            0,
            0
        ],
        [
            0,
            0,
            1,
            0,
            0
        ],
        [
            1,
            0,
            1,
            0,
            0
        ],
        [
            0,
            0,
            0,
            0,
            0
        ],
        [
            0,
            0,
            0,
            0,
            0
        ],
        [
            0,
            0,
            0,
            0,
            0
        ],
        [
            0,
            0,
            1,
            1,
            0
        ],
        [
            0,
            0,
            1,
            0,
            0
        ],
        [
            0,
            0,
            0,
            1,
            0
        ]
    ]
}