{
    "input_text": "A man standing in front of a clock.",
    "target_text": "A man standing in front of a truck.",
    "num_tokens": 5,
    "adv_prompts": [
        "a man standing in front of a clock. trucks supercar dorchester orchsheep",
        "a man standing in front of a clock. truck vehicles cornpaintball driveway",
        "a man standing in front of a clock. wwii truck (@ dig hans",
        "a man standing in front of a clock. mortimer fleece truck classiccars guys",
        "a man standing in front of a clock. truck proudly detailing orio spitfire",
        "a man standing in front of a clock. yeezy trucks truck camarproudly",
        "a man standing in front of a clock. pubg truck mbxd outside",
        "a man standing in front of a clock. elie wilderherman wrap truck",
        "a man standing in front of a clock. wwii truck by truck collection",
        "a man standing in front of a clock. truck ied lorry pleasure tank"
    ],
    "blip_scores": [
        [
            1,
            1,
            1,
            1,
            0
        ],
        [
            1,
            1,
            1,
            0,
            1
        ],
        [
            1,
            0,
            1,
            0,
            0
        ],
        [
            0,
            1,
            1,
            1,
            1
        ],
        [
            1,
            1,
            1,
            1,
            0
        ],
        [
            1,
            0,
            1,
            1,
            1
        ],
        [
            0,
            0,
            0,
            0,
            0
        ],
        [
            1,
            1,
            1,
            -1,
            1
        ],
        [
            1,
            0,
            0,
            1,
            1
        ],
        [
            1,
            1,
            0,
            0,
            1
        ]
    ]
}