{
    "input_text": "a woman coding on a computer.",
    "target_text": "a man coding on a computer.",
    "num_tokens": 5,
    "adv_prompts": [
        "a woman coding on a computer. handsome yoga golfer geoff brazilian",
        "a woman coding on a computer. grandfather lightweight sweatshirt matthias seniors",
        "a woman coding on a computer. warwick xton fc mated hoodie",
        "a woman coding on a computer. oblast motto manipur ffxv cufflinks",
        "a woman coding on a computer. castleintercontinental quebec matisse cufflinks",
        "a woman coding on a computer. men acute sweatshirt burgundy ichi",
        "a woman coding on a computer. discography man chandler wattpad derek",
        "a woman coding on a computer. pumpkins frontman faceted mens sweatshirt",
        "a woman coding on a computer. grandfather toulouse collectors cleaned cufflinks",
        "a woman coding on a computer. rhett johor president marck cufflinks"
    ],
    "blip_scores": [
        [
            0,
            0,
            0,
            0,
            0
        ],
        [
            0,
            0,
            0,
            0,
            0
        ],
        [
            0,
            0,
            0,
            0,
            0
        ],
        [
            0,
            0,
            0,
            0,
            0
        ],
        [
            0,
            0,
            0,
            0,
            0
        ],
        [
            0,
            0,
            0,
            0,
            0
        ],
        [
            0,
            0,
            0,
            0,
            0
        ],
        [
            0,
            0,
            0,
            0,
            0
        ],
        [
            0,
            0,
            0,
            0,
            0
        ],
        [
            0,
            0,
            0,
            0,
            0
        ]
    ],
    "success": 0
}