{
    "input_text": "An alien swimming in a pool.",
    "target_text": "A man swimming in a pool.",
    "num_tokens": 5,
    "adv_prompts": [
        "an alien swimming in a pool. redesigned ratings beaded wrestlemania kofi",
        "an alien swimming in a pool. polyvore mans cages poldark crochet",
        "an alien swimming in a pool. hm wrestlemania men polyvore cardiovascular",
        "an alien swimming in a pool. wrestlemania polyvore cecilcompositions nationalist",
        "an alien swimming in a pool. wrestlemania shirtless mated philippines vocalist",
        "an alien swimming in a pool. wrestlemania compact polyvore piccadilly joshua",
        "an alien swimming in a pool. different man yakuza opi polyvore",
        "an alien swimming in a pool. polyvore concentrate wrestlemania beads women",
        "an alien swimming in a pool. fragrances mamas coldplay unisex polyvore",
        "an alien swimming in a pool. man shower coastal herbalife polyvore"
    ],
    "blip_scores": [
        [
            0,
            1,
            0,
            0,
            0
        ],
        [
            1,
            1,
            1,
            0,
            0
        ],
        [
            0,
            0,
            1,
            0,
            0
        ],
        [
            0,
            1,
            0,
            0,
            0
        ],
        [
            1,
            1,
            0,
            0,
            0
        ],
        [
            0,
            0,
            1,
            1,
            0
        ],
        [
            1,
            1,
            0,
            0,
            0
        ],
        [
            0,
            0,
            0,
            0,
            0
        ],
        [
            0,
            0,
            1,
            0,
            0
        ],
        [
            0,
            0,
            1,
            0,
            1
        ]
    ],
    "gense_cos_sim": 0.6323432326316833,
    "clip_cos_sim": 0.802503764629364
}