{
    "input_text": "A person holding an umbrella in a garage.",
    "target_text": "A person holding an iPad in a garage.",
    "num_tokens": 5,
    "adv_prompts": [
        "a person holding an umbrella in a garage. vian fret \u00ae ipads tablet",
        "a person holding an umbrella in a garage. me viewing ipad estate buggy",
        "a person holding an umbrella in a garage. viewing ipad paddena dressed",
        "a person holding an umbrella in a garage. checking fueled ipad tep tablet",
        "a person holding an umbrella in a garage. checking sage dled ipad mashed",
        "a person holding an umbrella in a garage. ipads cladding insulation squsmash",
        "a person holding an umbrella in a garage. rug ipads mulator curls console",
        "a person holding an umbrella in a garage. ipads lewisham inspecting mosa peripheral",
        "a person holding an umbrella in a garage. bedding \u00ae perry checking ipad",
        "a person holding an umbrella in a garage. nasser console ipad performing pseudo"
    ],
    "blip_scores": [
        [
            1,
            0,
            -1,
            0,
            0
        ],
        [
            0,
            -1,
            -1,
            0,
            0
        ],
        [
            0,
            0,
            0,
            1,
            0
        ],
        [
            0,
            1,
            1,
            -1,
            1
        ],
        [
            1,
            0,
            0,
            1,
            0
        ],
        [
            -1,
            -1,
            -1,
            0,
            0
        ],
        [
            0,
            1,
            0,
            0,
            0
        ],
        [
            -1,
            -1,
            0,
            0,
            1
        ],
        [
            1,
            1,
            0,
            -1,
            0
        ],
        [
            1,
            1,
            0,
            0,
            0
        ]
    ]
}