{
    "input_text": "Silhouette of camel in an sand storm.",
    "target_text": "Silhouette of man in an sand storm.",
    "num_tokens": 5,
    "adv_prompts": [
        "silhouette of camel in an sand storm. wrist wearing mango suede kinetic",
        "silhouette of camel in an sand storm. mens pave scalable phoebe boots",
        "silhouette of camel in an sand storm. collector men structured boots patsy",
        "silhouette of camel in an sand storm. coed acoustic menswear men nmd",
        "silhouette of camel in an sand storm. men sunglasses sebring react babygirl",
        "silhouette of camel in an sand storm. men muffin boss copenhagen sunglasses",
        "silhouette of camel in an sand storm. natiboots mens chley catwoman",
        "silhouette of camel in an sand storm. madre cricketer rolex preorders soles",
        "silhouette of camel in an sand storm. tycoon :... maniac knit vlad",
        "silhouette of camel in an sand storm. mens minute scalable boots eliza"
    ],
    "blip_scores": [
        [
            0,
            0,
            0,
            0,
            0
        ],
        [
            0,
            0,
            0,
            0,
            0
        ],
        [
            0,
            0,
            0,
            0,
            0
        ],
        [
            0,
            0,
            0,
            0,
            0
        ],
        [
            0,
            0,
            0,
            0,
            0
        ],
        [
            0,
            0,
            0,
            0,
            0
        ],
        [
            0,
            0,
            0,
            0,
            0
        ],
        [
            0,
            0,
            0,
            0,
            0
        ],
        [
            0,
            0,
            0,
            0,
            0
        ],
        [
            0,
            0,
            0,
            0,
            0
        ]
    ],
    "gense_cos_sim": 0.674595296382904,
    "clip_cos_sim": 0.8045433163642883
}