{
    "input_text": "a red backpack in a cave.",
    "target_text": "a red dragon in a cave.",
    "num_tokens": 5,
    "adv_prompts": [
        "a red backpack in a cave. dragon \" corruscreenwallpaper",
        "a red backpack in a cave. afghanistan dragon enjoying lesson \u0940",
        "a red backpack in a cave. juvenile water dragon practicing proteins",
        "a red backpack in a cave. enemies 7 dinosaur tutorial \"",
        "a red backpack in a cave. gorgeous dragon awesomeness embroidery fr",
        "a red backpack in a cave. godzilla uav unsc screenshot als",
        "a red backpack in a cave. bonsai \ud83d\udd25 improved themed dragon",
        "a red backpack in a cave. dragon enjoys kubernetes nativity covered",
        "a red backpack in a cave. dragon crochet \u2014 density holdings",
        "a red backpack in a cave. crochet dragon bonsai practicing \ud83d\udd25"
    ],
    "blip_scores": [
        [
            1,
            1,
            -1,
            -1,
            -1
        ],
        [
            0,
            0,
            0,
            0,
            -1
        ],
        [
            0,
            0,
            0,
            0,
            0
        ],
        [
            0,
            0,
            0,
            0,
            0
        ],
        [
            0,
            0,
            0,
            0,
            0
        ],
        [
            0,
            0,
            0,
            0,
            0
        ],
        [
            0,
            1,
            1,
            0,
            0
        ],
        [
            -1,
            0,
            1,
            1,
            0
        ],
        [
            0,
            0,
            0,
            0,
            0
        ],
        [
            0,
            0,
            0,
            0,
            0
        ]
    ],
    "gense_cos_sim": 0.6939378976821899,
    "clip_cos_sim": 0.7396300435066223
}