{
    "input_text": "A baseball player jumps and hits a ball.",
    "target_text": "A tennis player jumps and hits a ball.",
    "num_tokens": 5,
    "adv_prompts": [
        "a baseball player jumps and hits a ball. elizaonymous responding rhindjokovic",
        "a baseball player jumps and hits a ball. clos djokovic \u2013 tennisshimano",
        "a baseball player jumps and hits a ball. paltennissaree djokovic us",
        "a baseball player jumps and hits a ball. djokovic optimtennis angela endless",
        "a baseball player jumps and hits a ball. stephens fully vaportenniszas",
        "a baseball player jumps and hits a ball. jules tennis ymes upset djokovic",
        "a baseball player jumps and hits a ball. complete enistephdjokovic cruelty",
        "a baseball player jumps and hits a ball. tennis stephens atp tennis continues",
        "a baseball player jumps and hits a ball. wawrinka haunting op dennis venus",
        "a baseball player jumps and hits a ball. clos djokovic peggy vaulrevealed"
    ],
    "blip_scores": [
        [
            1,
            1,
            1,
            1,
            1
        ],
        [
            1,
            1,
            1,
            1,
            1
        ],
        [
            1,
            1,
            1,
            1,
            1
        ],
        [
            1,
            1,
            1,
            1,
            1
        ],
        [
            0,
            1,
            1,
            1,
            1
        ],
        [
            1,
            1,
            1,
            1,
            1
        ],
        [
            1,
            1,
            1,
            1,
            1
        ],
        [
            1,
            1,
            1,
            1,
            1
        ],
        [
            1,
            1,
            1,
            1,
            1
        ],
        [
            1,
            1,
            1,
            1,
            1
        ]
    ]
}