{
    "input_text": "a boy excited about his breakfast in bed",
    "target_text": "a boy excited about his brother in bed",
    "num_tokens": 5,
    "adv_prompts": [
        "a boy excited about his breakfast in bed adopted brother cologne sh bottle",
        "a boy excited about his breakfast in bed gown reunion pox tipped brother",
        "a boy excited about his breakfast in bed foundation passes brother bout zach",
        "a boy excited about his breakfast in bed crosses whales biopic onstage brother",
        "a boy excited about his breakfast in bed noses insanely bonded brother resumes",
        "a boy excited about his breakfast in bed series bottling entered lethbridge serum",
        "a boy excited about his breakfast in bed brother boys you vocal lager",
        "a boy excited about his breakfast in bed hugs brother statue witheraccelerator",
        "a boy excited about his breakfast in bed ranch stout busting brother holds",
        "a boy excited about his breakfast in bed brother inflammation unveils sons brother"
    ],
    "blip_scores": [
        [
            0,
            0,
            0,
            0,
            0
        ],
        [
            0,
            0,
            1,
            -1,
            0
        ],
        [
            -1,
            0,
            -1,
            0,
            0
        ],
        [
            0,
            0,
            0,
            0,
            0
        ],
        [
            0,
            0,
            0,
            0,
            0
        ],
        [
            0,
            0,
            0,
            0,
            0
        ],
        [
            0,
            0,
            0,
            0,
            -1
        ],
        [
            0,
            0,
            0,
            0,
            0
        ],
        [
            0,
            0,
            1,
            0,
            0
        ],
        [
            -1,
            -1,
            1,
            0,
            0
        ]
    ]
}