{
    "input_text": "A robot dancing in the rain.",
    "target_text": "A human dancing in the rain.",
    "num_tokens": 5,
    "adv_prompts": [
        "a robot dancing in the rain. villagers human crochet batgirl elmo",
        "a robot dancing in the rain. tunic oldman jumpsuit crochet cocoa",
        "a robot dancing in the rain. pikachu deadpool crochet human cincinnati",
        "a robot dancing in the rain. funko westworld oswald beckett plaster",
        "a robot dancing in the rain. dvds human beadrecommendations paddock",
        "a robot dancing in the rain. shops rosewood collector dvds westworld",
        "a robot dancing in the rain. polished cranberry biography honeymoon candle",
        "a robot dancing in the rain. oth gifting stretches grinch basketball",
        "a robot dancing in the rain. brewery sleeveless niall polyvore fergie",
        "a robot dancing in the rain. taeyeon hara concession headshot brian"
    ],
    "blip_scores": [
        [
            0,
            0,
            0,
            0,
            0
        ],
        [
            0,
            0,
            0,
            0,
            0
        ],
        [
            0,
            0,
            0,
            0,
            0
        ],
        [
            0,
            0,
            0,
            0,
            0
        ],
        [
            0,
            0,
            -1,
            0,
            0
        ],
        [
            0,
            1,
            0,
            0,
            0
        ],
        [
            0,
            0,
            0,
            0,
            0
        ],
        [
            0,
            0,
            0,
            0,
            0
        ],
        [
            0,
            0,
            1,
            0,
            0
        ],
        [
            0,
            0,
            0,
            0,
            0
        ]
    ],
    "gense_cos_sim": 0.7811229228973389,
    "clip_cos_sim": 0.8209114670753479
}