{
    "input_text": "A dog jumping to catch a flying frisbee",
    "target_text": "A squirrel jumping to catch a flying frisbee",
    "num_tokens": 5,
    "adv_prompts": [
        "a dog jumping to catch a flying frisbee brent squirrel adopts sexual sneaks",
        "a dog jumping to catch a flying frisbee buff francesca squirrels \" makeover",
        "a dog jumping to catch a flying frisbee boosts juvenile membrane saxophone squirrel",
        "a dog jumping to catch a flying frisbee kills kickboxing squirrel erin \u2022",
        "a dog jumping to catch a flying frisbee : alberta squirrel experiencing prettier",
        "a dog jumping to catch a flying frisbee hole anatomsaxophone squirrels caramel",
        "a dog jumping to catch a flying frisbee squirrel efl naked regulators biology",
        "a dog jumping to catch a flying frisbee gorgeous squirrel survives alberta flavorful",
        "a dog jumping to catch a flying frisbee affects squirrel sex squirrel horticulture",
        "a dog jumping to catch a flying frisbee robust squirrel biology freedlistings"
    ],
    "blip_scores": [
        [
            0,
            1,
            1,
            0,
            1
        ],
        [
            0,
            1,
            0,
            0,
            1
        ],
        [
            1,
            1,
            1,
            1,
            0
        ],
        [
            0,
            0,
            1,
            0,
            0
        ],
        [
            0,
            0,
            0,
            0,
            1
        ],
        [
            1,
            0,
            1,
            1,
            1
        ],
        [
            0,
            0,
            0,
            0,
            0
        ],
        [
            0,
            0,
            1,
            1,
            0
        ],
        [
            0,
            1,
            0,
            0,
            0
        ],
        [
            0,
            0,
            0,
            0,
            0
        ]
    ]
}