{
    "input_text": "A person doing a trick on a skateboard. ",
    "target_text": "A person doing a trick on a computer. ",
    "num_tokens": 5,
    "adv_prompts": [
        "a person doing a trick on a skateboard. suspects computing camden starship desktop",
        "a person doing a trick on a skateboard. imac conducting zendkhaled os",
        "a person doing a trick on a skateboard. browsing imac modules gland docking",
        "a person doing a trick on a skateboard. mochi supercars laptop dashboard adorned",
        "a person doing a trick on a skateboard. ableton diffuser spotted roc hanger",
        "a person doing a trick on a skateboard. accessing monitor pcs electrical bill",
        "a person doing a trick on a skateboard. imac mpc being computing rocky",
        "a person doing a trick on a skateboard. computing sto imac examining ronald",
        "a person doing a trick on a skateboard. laptop examining pianos synergy enclosure",
        "a person doing a trick on a skateboard. typing cranberry laptop imac canton"
    ],
    "blip_scores": [
        [
            -1,
            0,
            0,
            0,
            0
        ],
        [
            0,
            0,
            0,
            -1,
            0
        ],
        [
            0,
            0,
            0,
            0,
            0
        ],
        [
            0,
            0,
            0,
            -1,
            0
        ],
        [
            0,
            0,
            0,
            0,
            0
        ],
        [
            0,
            0,
            1,
            0,
            1
        ],
        [
            0,
            0,
            0,
            0,
            0
        ],
        [
            0,
            0,
            0,
            0,
            0
        ],
        [
            0,
            0,
            0,
            0,
            0
        ],
        [
            0,
            0,
            0,
            -1,
            0
        ]
    ]
}