{
    "input_text": "A restroom with a bathtub and a toilet.",
    "target_text": "A house with a bathtub and a toilet.",
    "num_tokens": 5,
    "adv_prompts": [
        "a restroom with a bathtub and a toilet. a sunk house bhk house",
        "a restroom with a bathtub and a toilet. s house japan diahasta",
        "a restroom with a bathtub and a toilet. house holiday ghouse purchase someday",
        "a restroom with a bathtub and a toilet. townhouse impression house cup achat",
        "a restroom with a bathtub and a toilet. earthquake sp house house relessly",
        "a restroom with a bathtub and a toilet. house phouse passion syntheconditional",
        "a restroom with a bathtub and a toilet. house maisonwhich sacrificed?",
        "a restroom with a bathtub and a toilet. fundamental house house thouse relessly",
        "a restroom with a bathtub and a toilet. house surrounded thouse santosume",
        "a restroom with a bathtub and a toilet. house deliberately ouses terraces amoto"
    ],
    "blip_scores": [
        [
            0,
            0,
            0,
            -1,
            -1
        ],
        [
            0,
            0,
            0,
            -1,
            0
        ],
        [
            -1,
            -1,
            0,
            -1,
            0
        ],
        [
            0,
            -1,
            0,
            0,
            -1
        ],
        [
            -1,
            0,
            0,
            0,
            0
        ],
        [
            0,
            -1,
            0,
            0,
            -1
        ],
        [
            -1,
            0,
            0,
            -1,
            0
        ],
        [
            -1,
            -1,
            0,
            0,
            0
        ],
        [
            -1,
            1,
            -1,
            0,
            0
        ],
        [
            -1,
            0,
            0,
            0,
            0
        ]
    ]
}