{
    "input_text": "A motorized train fills a train with luggage",
    "target_text": "A motorized cart fills a train with luggage",
    "num_tokens": 5,
    "adv_prompts": [
        "a motorized train fills a train with luggage cart utv awesome homebrew cart",
        "a motorized train fills a train with luggage robe cart motorcycle cart chery",
        "a motorized train fills a train with luggage cart qualifications interval bodybuilding cart",
        "a motorized train fills a train with luggage aided basket bodybuilding cart fantastic",
        "a motorized train fills a train with luggage cart taekwondo wheelchair awesomeness cart",
        "a motorized train fills a train with luggage cart joey cart right astrology",
        "a motorized train fills a train with luggage bodybuilding cart cramer handle \u2013",
        "a motorized train fills a train with luggage cart aluminum courtroom cart fashionable",
        "a motorized train fills a train with luggage cart carly utv buggy perfectly",
        "a motorized train fills a train with luggage foldable utv cart bodybuilding cart"
    ],
    "blip_scores": [
        [
            0,
            0,
            0,
            0,
            0
        ],
        [
            0,
            0,
            0,
            0,
            0
        ],
        [
            0,
            0,
            0,
            0,
            0
        ],
        [
            0,
            0,
            0,
            0,
            0
        ],
        [
            0,
            0,
            0,
            0,
            0
        ],
        [
            0,
            0,
            0,
            0,
            0
        ],
        [
            0,
            0,
            0,
            0,
            0
        ],
        [
            0,
            0,
            0,
            0,
            0
        ],
        [
            0,
            0,
            0,
            0,
            0
        ],
        [
            0,
            0,
            0,
            1,
            0
        ]
    ]
}