{
    "input_text": "a group of kids walking through some grass",
    "target_text": "a bunch of kids walking through some grass",
    "num_tokens": 5,
    "adv_prompts": [
        "a group of kids walking through some grass areas cd wearing into rok",
        "a group of kids walking through some grass trampoline violinist manicure apron for",
        "a group of kids walking through some grass oblast euthanfreebies meteorologist cufflinks",
        "a group of kids walking through some grass ukulele shaker gloves itunes until",
        "a group of kids walking through some grass doubleheader necklace napkin offside ashok",
        "a group of kids walking through some grass portion dance stanbul aided sweatshirt",
        "a group of kids walking through some grass tents nage packing karate lovely",
        "a group of kids walking through some grass personalized graduation teapot buddhism seems",
        "a group of kids walking through some grass oblast waterways wedding meteorologist earrings",
        "a group of kids walking through some grass putin insulated cinematography cufflinks shirt"
    ],
    "blip_scores": [
        [
            0,
            0,
            0,
            0,
            0
        ],
        [
            0,
            0,
            0,
            0,
            0
        ],
        [
            0,
            0,
            0,
            0,
            0
        ],
        [
            0,
            0,
            0,
            0,
            0
        ],
        [
            0,
            0,
            0,
            0,
            0
        ],
        [
            0,
            0,
            0,
            0,
            0
        ],
        [
            0,
            0,
            0,
            0,
            0
        ],
        [
            0,
            0,
            0,
            0,
            0
        ],
        [
            -1,
            -1,
            0,
            0,
            0
        ],
        [
            0,
            0,
            0,
            0,
            0
        ]
    ]
}