{
    "input_text": "A small freezer next to a  wall.",
    "target_text": "A refrigerator freezer next to a  wall.",
    "num_tokens": 5,
    "adv_prompts": [
        "a small freezer next to a wall. statewide warsaw refining tener truck",
        "a small freezer next to a wall. refrigerator com kitchen renovation way",
        "a small freezer next to a wall. french refrigerator displaying applied vs",
        "a small freezer next to a wall. stolic refrigerator nighttime parenting proverbs",
        "a small freezer next to a wall. wcw tailgating snes cufflinks characteristics",
        "a small freezer next to a wall. expansive townsend refrigerator kitchen thm",
        "a small freezer next to a wall. affordable stolic meteorologist tv cufflinks",
        "a small freezer next to a wall. shs woodward eritrea tanker letters",
        "a small freezer next to a wall. depicting appliance migrants bluetooth ega",
        "a small freezer next to a wall. refrigerator dispenser kitchens in voor"
    ],
    "blip_scores": [
        [
            0,
            0,
            0,
            0,
            0
        ],
        [
            0,
            0,
            0,
            0,
            0
        ],
        [
            0,
            0,
            0,
            0,
            0
        ],
        [
            0,
            0,
            0,
            0,
            0
        ],
        [
            0,
            0,
            0,
            0,
            0
        ],
        [
            0,
            0,
            0,
            0,
            0
        ],
        [
            0,
            0,
            0,
            0,
            0
        ],
        [
            0,
            0,
            0,
            0,
            0
        ],
        [
            0,
            0,
            0,
            1,
            0
        ],
        [
            0,
            1,
            0,
            0,
            0
        ]
    ]
}