{
    "input_text": "a dinosaur floating in space.",
    "target_text": "an astronaut floating in space.",
    "num_tokens": 5,
    "adv_prompts": [
        "a dinosaur floating in space. structural faceted usmnt goalie marina",
        "a dinosaur floating in space. astronaut minsk chevron tunic couples",
        "a dinosaur floating in space. soyuz capped skirt ankara astronaut",
        "a dinosaur floating in space. paige dembfigures aguero astronaut",
        "a dinosaur floating in space. autographed astronaut cyclist soyuz hair",
        "a dinosaur floating in space. stamps soyuz headband hairstyle astronaut",
        "a dinosaur floating in space. textured callie khaki astronaut tunic",
        "a dinosaur floating in space. figurative soyuz astronaut zhou skin",
        "a dinosaur floating in space. astronaut astronaut brandi headshot nwsl",
        "a dinosaur floating in space. astronaut lbj catwoman faceted steph"
    ],
    "blip_scores": [
        [
            0,
            0,
            0,
            0,
            0
        ],
        [
            0,
            0,
            0,
            0,
            0
        ],
        [
            0,
            0,
            0,
            0,
            0
        ],
        [
            0,
            0,
            0,
            0,
            0
        ],
        [
            0,
            0,
            0,
            0,
            0
        ],
        [
            0,
            0,
            0,
            0,
            0
        ],
        [
            0,
            0,
            1,
            0,
            0
        ],
        [
            0,
            0,
            0,
            1,
            0
        ],
        [
            1,
            1,
            1,
            1,
            0
        ],
        [
            0,
            0,
            0,
            0,
            0
        ]
    ],
    "gense_cos_sim": 0.6501432061195374,
    "clip_cos_sim": 0.8169358968734741
}