{
    "input_text": "a couple of giraffes reach for a basket ",
    "target_text": "a couple of giraffes reach for a snack ",
    "num_tokens": 5,
    "adv_prompts": [
        "a couple of giraffes reach for a basket snacks drinking our canyon snag",
        "a couple of giraffes reach for a basket snack bait discussing shad manatee",
        "a couple of giraffes reach for a basket snack snack newhfinger gorge",
        "a couple of giraffes reach for a basket snack to some amtrak feeding",
        "a couple of giraffes reach for a basket worms snack \", wolverine cay",
        "a couple of giraffes reach for a basket cay snack '; amtrak marsh",
        "a couple of giraffes reach for a basket worms snack feeding ). snagged",
        "a couple of giraffes reach for a basket campground snacks sip inspecting humpback",
        "a couple of giraffes reach for a basket mackerel gorge reminiscing encounter rachael",
        "a couple of giraffes reach for a basket snack of snack near np"
    ],
    "blip_scores": [
        [
            0,
            0,
            0,
            1,
            1
        ],
        [
            0,
            0,
            0,
            0,
            0
        ],
        [
            0,
            0,
            1,
            0,
            0
        ],
        [
            1,
            0,
            0,
            0,
            0
        ],
        [
            0,
            0,
            1,
            0,
            0
        ],
        [
            0,
            0,
            0,
            0,
            0
        ],
        [
            1,
            0,
            1,
            1,
            1
        ],
        [
            1,
            0,
            1,
            0,
            0
        ],
        [
            0,
            0,
            1,
            1,
            0
        ],
        [
            0,
            1,
            0,
            0,
            0
        ]
    ]
}