{
    "input_text": "A group of birds flying above the beach.",
    "target_text": "A group of birds flying above the clouds.",
    "num_tokens": 5,
    "adv_prompts": [
        "a group of birds flying above the beach. clouds \u0161lowed clouds quot",
        "a group of birds flying above the beach. clouds cloience clouds trainer",
        "a group of birds flying above the beach. clouds sleeper clouds mountain //",
        "a group of birds flying above the beach. above clouds quot of clouds",
        "a group of birds flying above the beach. clouds clouds rous \u25ba https",
        "a group of birds flying above the beach. clouds clouds valleys bowl",
        "a group of birds flying above the beach. clouds bowl fjorfjmiz",
        "a group of birds flying above the beach. above clouds big clouds quot",
        "a group of birds flying above the beach. clouds helmet rozdee diving",
        "a group of birds flying above the beach. clouds \u00ae paisley coworking posing"
    ],
    "blip_scores": [
        [
            0,
            1,
            0,
            0,
            0
        ],
        [
            0,
            1,
            0,
            1,
            0
        ],
        [
            1,
            1,
            0,
            0,
            0
        ],
        [
            1,
            1,
            1,
            1,
            1
        ],
        [
            0,
            1,
            0,
            0,
            0
        ],
        [
            1,
            0,
            1,
            0,
            0
        ],
        [
            0,
            0,
            1,
            0,
            0
        ],
        [
            1,
            1,
            0,
            0,
            1
        ],
        [
            1,
            0,
            0,
            0,
            0
        ],
        [
            1,
            0,
            0,
            0,
            0
        ]
    ]
}