{
    "input_text": "A small plane is flying in the sky.",
    "target_text": "A small airplane is flying in the sky.",
    "num_tokens": 5,
    "adv_prompts": [
        "a small plane is flying in the sky. mesmerizing aeropappropriately speeding discharge",
        "a small plane is flying in the sky. a diminidropping (?) airplane",
        "a small plane is flying in the sky. airplane powering sprawabsence and",
        "a small plane is flying in the sky. removed attribusupport utmost edits",
        "a small plane is flying in the sky. airplane propdly acrobiss",
        "a small plane is flying in the sky. prospective airplane speeding in in",
        "a small plane is flying in the sky. spanning appreciated explicit attriburoad",
        "a small plane is flying in the sky. impressive blackandwhite gibbs offjudge",
        "a small plane is flying in the sky. it missile scratches upwards feat",
        "a small plane is flying in the sky. prospective airplane dropping but +/-"
    ],
    "blip_scores": [
        [
            0,
            0,
            0,
            0,
            0
        ],
        [
            0,
            0,
            0,
            0,
            0
        ],
        [
            0,
            0,
            0,
            0,
            0
        ],
        [
            0,
            0,
            0,
            0,
            0
        ],
        [
            0,
            0,
            0,
            0,
            0
        ],
        [
            0,
            0,
            0,
            0,
            0
        ],
        [
            0,
            0,
            0,
            0,
            0
        ],
        [
            0,
            0,
            0,
            0,
            0
        ],
        [
            0,
            1,
            0,
            0,
            0
        ],
        [
            0,
            0,
            0,
            0,
            0
        ]
    ]
}