{
    "input_text": "A squirrel that is playing in the snow.",
    "target_text": "A bird that is playing in the snow.",
    "num_tokens": 5,
    "adv_prompts": [
        "a squirrel that is playing in the snow. thunderbirds typography parental discs didier",
        "a squirrel that is playing in the snow. agic advocate technical feeder trousers",
        "a squirrel that is playing in the snow. thunderbirds goodwood uncharted poster clay",
        "a squirrel that is playing in the snow. thunderbirds collectors french scheduling astral",
        "a squirrel that is playing in the snow. trainer birdman postgame sunglasses kd",
        "a squirrel that is playing in the snow. thunderbirds thunderbird collectors packaging physical",
        "a squirrel that is playing in the snow. acquisition leaderboard synthesis storytime thunderbirds",
        "a squirrel that is playing in the snow. thunderbirds funko stirling administrators gilles",
        "a squirrel that is playing in the snow. imperialism wheat busyreebok fury",
        "a squirrel that is playing in the snow. batgirl printed thunderbirds wooden dial"
    ],
    "blip_scores": [
        [
            -1,
            0,
            0,
            0,
            0
        ],
        [
            0,
            0,
            0,
            0,
            0
        ],
        [
            0,
            0,
            0,
            0,
            0
        ],
        [
            0,
            -1,
            0,
            0,
            0
        ],
        [
            0,
            -1,
            0,
            0,
            0
        ],
        [
            0,
            0,
            0,
            0,
            0
        ],
        [
            0,
            0,
            0,
            0,
            0
        ],
        [
            0,
            0,
            0,
            0,
            0
        ],
        [
            0,
            0,
            0,
            0,
            0
        ],
        [
            0,
            0,
            0,
            0,
            0
        ]
    ]
}