{
    "input_text": "A long empty, minimal modern skylit style kitchen.",
    "target_text": "A long empty, minimal modern skylit home kitchen.",
    "num_tokens": 5,
    "adv_prompts": [
        "a long empty, minimal modern skylit style kitchen. home assassination neighbors imperialism youngsters",
        "a long empty, minimal modern skylit style kitchen. houselrobbed civilization nation truths",
        "a long empty, minimal modern skylit style kitchen. neighborhood bound reluctant christianity councillors",
        "a long empty, minimal modern skylit style kitchen. birthplace songs foreigners humans wrecked",
        "a long empty, minimal modern skylit style kitchen. gift videogame getaway neighbors protesters",
        "a long empty, minimal modern skylit style kitchen. gear ases itinerary deliveries bei",
        "a long empty, minimal modern skylit style kitchen. \u00b7 briefworkouts merch contacted",
        "a long empty, minimal modern skylit style kitchen. invitational agency cookies neighbours earnings",
        "a long empty, minimal modern skylit style kitchen. merch collaborating hierkittens chants",
        "a long empty, minimal modern skylit style kitchen. leaderboard scanned crime humans guilt"
    ],
    "blip_scores": [
        [
            0,
            0,
            0,
            0,
            0
        ],
        [
            0,
            0,
            0,
            0,
            0
        ],
        [
            0,
            1,
            0,
            0,
            0
        ],
        [
            0,
            0,
            0,
            0,
            0
        ],
        [
            1,
            0,
            0,
            0,
            0
        ],
        [
            0,
            0,
            0,
            0,
            0
        ],
        [
            0,
            0,
            0,
            0,
            0
        ],
        [
            0,
            0,
            0,
            0,
            0
        ],
        [
            0,
            0,
            0,
            0,
            0
        ],
        [
            0,
            0,
            0,
            0,
            0
        ]
    ]
}