{
    "input_text": "Two cats playing with a yarn ball.",
    "target_text": "Two dogs playing with a yarn ball.",
    "num_tokens": 5,
    "adv_prompts": [
        "two cats playing with a yarn ball. dogs dogs png activecoastline",
        "two cats playing with a yarn ball. dogs rooms cnet preserved crocs",
        "two cats playing with a yarn ball. timeless crocs couture png dogs",
        "two cats playing with a yarn ball. killarney wrestling dogs contender alexis",
        "two cats playing with a yarn ball. dogs airdrop tripadvisor png grand",
        "two cats playing with a yarn ball. dogs swimsuit coccutler hector",
        "two cats playing with a yarn ball. dogs postercolumbia splitkayak",
        "two cats playing with a yarn ball. dogs sled combinchandhorse",
        "two cats playing with a yarn ball. dogs copa antibody crocs com",
        "two cats playing with a yarn ball. dogs itasinflatable jackretriever"
    ],
    "blip_scores": [
        [
            0,
            0,
            1,
            0,
            0
        ],
        [
            -1,
            1,
            0,
            0,
            0
        ],
        [
            0,
            -1,
            -1,
            -1,
            1
        ],
        [
            0,
            -1,
            0,
            1,
            1
        ],
        [
            -1,
            0,
            0,
            -1,
            0
        ],
        [
            0,
            0,
            -1,
            -1,
            -1
        ],
        [
            1,
            1,
            0,
            -1,
            -1
        ],
        [
            0,
            0,
            0,
            -1,
            -1
        ],
        [
            -1,
            -1,
            0,
            -1,
            -1
        ],
        [
            1,
            0,
            0,
            0,
            0
        ]
    ],
    "gense_cos_sim": 0.7288976907730103,
    "clip_cos_sim": 0.8911799192428589
}