{
    "input_text": "a newly wed couple celebrating with a toast",
    "target_text": "a newly wed couple celebrating with a baby",
    "num_tokens": 5,
    "adv_prompts": [
        "a newly wed couple celebrating with a toast rero child healed baby turkish",
        "a newly wed couple celebrating with a toast durga baby barber healed bump",
        "a newly wed couple celebrating with a toast babysitting baby haggkareem cosplayer",
        "a newly wed couple celebrating with a toast granddaughter buying muslibola beans",
        "a newly wed couple celebrating with a toast birth poutine dragging child mosque",
        "a newly wed couple celebrating with a toast ller babygirl buys healed ankara",
        "a newly wed couple celebrating with a toast babygirl baby shaped vaping mannequin",
        "a newly wed couple celebrating with a toast child baby yoghurt bok imam",
        "a newly wed couple celebrating with a toast orphan newborn trying deodordab",
        "a newly wed couple celebrating with a toast youngster babygirl inks petroleum violin"
    ],
    "blip_scores": [
        [
            0,
            1,
            1,
            1,
            0
        ],
        [
            1,
            0,
            1,
            -1,
            0
        ],
        [
            1,
            1,
            0,
            0,
            0
        ],
        [
            0,
            0,
            0,
            0,
            0
        ],
        [
            0,
            1,
            0,
            0,
            1
        ],
        [
            0,
            0,
            0,
            0,
            0
        ],
        [
            0,
            0,
            0,
            0,
            1
        ],
        [
            0,
            0,
            1,
            1,
            0
        ],
        [
            -1,
            1,
            1,
            0,
            1
        ],
        [
            0,
            0,
            0,
            0,
            1
        ]
    ]
}