{
    "input_text": "A man riding a bike past a car.",
    "target_text": "A man riding a bicycle past a car.",
    "num_tokens": 5,
    "adv_prompts": [
        "a man riding a bike past a car. royalty gently luisreacted loud",
        "a man riding a bike past a car. shoulders dropped bicycle to pouring",
        "a man riding a bike past a car. imagery victor intugibbggi",
        "a man riding a bike past a car. reptile hernfrans wiesmeister",
        "a man riding a bike past a car. flickr atin /- flew bicycle",
        "a man riding a bike past a car. aiming bicycle \u00a9 filing royalty",
        "a man riding a bike past a car. / uploaded copeland wilhelm sworth",
        "a man riding a bike past a car. gian jpg gavpatricktenstein",
        "a man riding a bike past a car. royalty fiable rizio manufacstel",
        "a man riding a bike past a car. norwich icton ucf andover beverley"
    ],
    "blip_scores": [
        [
            0,
            0,
            0,
            0,
            0
        ],
        [
            0,
            0,
            0,
            0,
            0
        ],
        [
            0,
            0,
            0,
            0,
            0
        ],
        [
            0,
            0,
            0,
            0,
            0
        ],
        [
            0,
            0,
            0,
            0,
            0
        ],
        [
            0,
            0,
            1,
            0,
            0
        ],
        [
            0,
            0,
            0,
            0,
            0
        ],
        [
            0,
            0,
            0,
            0,
            0
        ],
        [
            0,
            1,
            1,
            0,
            0
        ],
        [
            0,
            0,
            0,
            0,
            0
        ]
    ]
}