{
    "input_text": "a clock on a table behind a painting.",
    "target_text": "a painting on a table behind a painting.",
    "num_tokens": 5,
    "adv_prompts": [
        "a clock on a table behind a painting. hilariously stride query gouache comparing",
        "a clock on a table behind a painting. sriracha \ud83d\udd25 scar rec birthday",
        "a clock on a table behind a painting. gouache revision stride test given",
        "a clock on a table behind a painting. revision worse collar ilation artisan",
        "a clock on a table behind a painting. licking sichuan birthday reissue (@",
        "a clock on a table behind a painting. \ud83d\ude02 hershey hbd drawings serrano",
        "a clock on a table behind a painting. gouache vable wasn me coworker",
        "a clock on a table behind a painting. coworker shoulder thing comparison nunes",
        "a clock on a table behind a painting. laughed stride dnc gouache appreciation",
        "a clock on a table behind a painting. hoes downside coworker montage addition"
    ],
    "blip_scores": [
        [
            -1,
            0,
            0,
            0,
            0
        ],
        [
            0,
            0,
            -1,
            -1,
            0
        ],
        [
            0,
            -1,
            0,
            0,
            0
        ],
        [
            -1,
            -1,
            0,
            0,
            0
        ],
        [
            -1,
            0,
            0,
            -1,
            0
        ],
        [
            -1,
            -1,
            0,
            0,
            0
        ],
        [
            -1,
            0,
            0,
            0,
            0
        ],
        [
            -1,
            0,
            0,
            -1,
            0
        ],
        [
            0,
            -1,
            -1,
            -1,
            -1
        ],
        [
            -1,
            0,
            0,
            -1,
            0
        ]
    ]
}