{
    "input_text": "A brick clocktower ascending towards the heavens",
    "target_text": "A brick clock tower ascending towards the heavens",
    "num_tokens": 5,
    "adv_prompts": [
        "a brick clocktower ascending towards the heavens clock empty movements traditions displayed",
        "a brick clocktower ascending towards the heavens grandfather clock dome lutheran immediately",
        "a brick clocktower ascending towards the heavens urt pentemantle students clock",
        "a brick clocktower ascending towards the heavens engaging synagogue clock until ancestors",
        "a brick clocktower ascending towards the heavens orthodox functional cylinder rounds srl",
        "a brick clocktower ascending towards the heavens structural parencommissioning tools shabby",
        "a brick clocktower ascending towards the heavens partial dome framed refrigerator shelter",
        "a brick clocktower ascending towards the heavens wooden clock towers starship then",
        "a brick clocktower ascending towards the heavens pant metropolis cheerleading uba sportswear",
        "a brick clocktower ascending towards the heavens grandfather clock clock consuming tension"
    ],
    "blip_scores": [
        [
            0,
            0,
            0,
            0,
            0
        ],
        [
            1,
            0,
            0,
            0,
            0
        ],
        [
            0,
            0,
            0,
            0,
            0
        ],
        [
            0,
            0,
            0,
            0,
            0
        ],
        [
            0,
            0,
            0,
            0,
            0
        ],
        [
            -1,
            0,
            0,
            0,
            0
        ],
        [
            0,
            0,
            0,
            0,
            0
        ],
        [
            0,
            0,
            0,
            0,
            0
        ],
        [
            0,
            0,
            0,
            0,
            0
        ],
        [
            0,
            0,
            0,
            0,
            0
        ]
    ]
}