{
    "input_text": "A healthy plate of guacamole, broccoli, and kale.",
    "target_text": "A healthy plate of guacamole, broccoli, and toast.",
    "num_tokens": 5,
    "adv_prompts": [
        "a healthy plate of guacamole, broccoli, and kale. beside toast deficimarshmallows sweatshirt",
        "a healthy plate of guacamole, broccoli, and kale. sandymariner sakura skins symbolism",
        "a healthy plate of guacamole, broccoli, and kale. gcse bangla nyse manicure cufflinks",
        "a healthy plate of guacamole, broccoli, and kale. & tempting toast makeshift toast",
        "a healthy plate of guacamole, broccoli, and kale. & toast amazingly sizzling toast",
        "a healthy plate of guacamole, broccoli, and kale. toast toast delivering conclustaying",
        "a healthy plate of guacamole, broccoli, and kale. with toast shruntoast submerged",
        "a healthy plate of guacamole, broccoli, and kale. scooby \" toast awaiting pedagogy",
        "a healthy plate of guacamole, broccoli, and kale. alongside toast toasted collectible collectibles",
        "a healthy plate of guacamole, broccoli, and kale. and toast stuffed tempting toast"
    ],
    "blip_scores": [
        [
            0,
            1,
            0,
            0,
            0
        ],
        [
            -1,
            0,
            -1,
            0,
            0
        ],
        [
            0,
            0,
            0,
            0,
            0
        ],
        [
            0,
            0,
            0,
            0,
            0
        ],
        [
            0,
            0,
            1,
            1,
            0
        ],
        [
            1,
            0,
            0,
            0,
            1
        ],
        [
            0,
            0,
            1,
            0,
            0
        ],
        [
            1,
            1,
            1,
            0,
            0
        ],
        [
            0,
            1,
            0,
            0,
            1
        ],
        [
            1,
            1,
            0,
            0,
            0
        ]
    ]
}