{
    "input_text": "A small egg sits on a white plate. ",
    "target_text": "A small sandwich sits on a white plate. ",
    "num_tokens": 5,
    "adv_prompts": [
        "a small egg sits on a white plate. depicting sandwiches sandwich showcasing yeti",
        "a small egg sits on a white plate. rainsandwiches showcasing topped catch",
        "a small egg sits on a white plate. amsterdam sandwiches sandwiches hanged hula",
        "a small egg sits on a white plate. inverted sandwiches darjeshrine sandwich",
        "a small egg sits on a white plate. hovering uw hysandwich sandwich",
        "a small egg sits on a white plate. filipino sandwich inverted sandwiches sandwich",
        "a small egg sits on a white plate. filipino sandwich sandwich inverted sandwich",
        "a small egg sits on a white plate. sandwiches candied tzu grazing sandwich",
        "a small egg sits on a white plate. ky sandwiches depicted peshsandwich",
        "a small egg sits on a white plate. sandwich featuring madrid hwy pastries"
    ],
    "blip_scores": [
        [
            1,
            1,
            1,
            0,
            1
        ],
        [
            1,
            1,
            0,
            0,
            1
        ],
        [
            1,
            1,
            1,
            0,
            1
        ],
        [
            1,
            0,
            1,
            0,
            1
        ],
        [
            1,
            1,
            1,
            1,
            0
        ],
        [
            1,
            1,
            0,
            0,
            1
        ],
        [
            1,
            1,
            0,
            1,
            0
        ],
        [
            1,
            1,
            1,
            0,
            1
        ],
        [
            0,
            1,
            0,
            0,
            1
        ],
        [
            0,
            1,
            1,
            1,
            1
        ]
    ]
}