{
    "input_text": "a salad with chicken and some vegetables together",
    "target_text": "a plate with chicken and some vegetables together",
    "num_tokens": 5,
    "adv_prompts": [
        "a salad with chicken and some vegetables together bookstore plates crispr illuminated ty",
        "a salad with chicken and some vegetables together roblox plates trampoline illustrator shie",
        "a salad with chicken and some vegetables together saucer parasite xperia plate yixing",
        "a salad with chicken and some vegetables together crispr potholes porceldepicted plate",
        "a salad with chicken and some vegetables together porcelain collectibles vulnerable plate rosenthal",
        "a salad with chicken and some vegetables together inari plate porcelrepaired branches",
        "a salad with chicken and some vegetables together porcelparked saucer plate decal",
        "a salad with chicken and some vegetables together andhra collectible plate jahanplate",
        "a salad with chicken and some vegetables together backers spreyixing plate saucer",
        "a salad with chicken and some vegetables together collectible fted plate saucer yixing"
    ],
    "blip_scores": [
        [
            0,
            0,
            0,
            0,
            0
        ],
        [
            0,
            0,
            0,
            0,
            0
        ],
        [
            0,
            0,
            1,
            0,
            1
        ],
        [
            0,
            1,
            0,
            0,
            1
        ],
        [
            1,
            1,
            1,
            0,
            1
        ],
        [
            0,
            1,
            1,
            1,
            1
        ],
        [
            1,
            0,
            1,
            0,
            1
        ],
        [
            0,
            1,
            1,
            1,
            1
        ],
        [
            1,
            1,
            0,
            1,
            1
        ],
        [
            0,
            0,
            0,
            0,
            0
        ]
    ]
}