{
    "input_text": "A laptop on a bed in a room.",
    "target_text": "A mattress on a bed in a room.",
    "num_tokens": 5,
    "adv_prompts": [
        "a laptop on a bed in a room. whistler inferpfc mattress mattress",
        "a laptop on a bed in a room. reborn astor mattress mattress king",
        "a laptop on a bed in a room. studmattress alsace mattress mattress",
        "a laptop on a bed in a room. alsace mattress cavendish mattress king",
        "a laptop on a bed in a room. prado stanford qualification mattress mattress",
        "a laptop on a bed in a room. ashland mattress mattress primavera bed",
        "a laptop on a bed in a room. coral texture pover mattress claremont",
        "a laptop on a bed in a room. brewster disponible mattress astrid soft",
        "a laptop on a bed in a room. mattress distributors plush alsace mattress",
        "a laptop on a bed in a room. prepaid plush mattress constance mattress"
    ],
    "blip_scores": [
        [
            1,
            1,
            1,
            1,
            1
        ],
        [
            1,
            1,
            1,
            1,
            1
        ],
        [
            1,
            1,
            1,
            1,
            1
        ],
        [
            1,
            1,
            1,
            1,
            1
        ],
        [
            1,
            1,
            1,
            1,
            1
        ],
        [
            1,
            1,
            1,
            1,
            1
        ],
        [
            1,
            1,
            1,
            1,
            1
        ],
        [
            1,
            1,
            1,
            1,
            1
        ],
        [
            1,
            1,
            1,
            1,
            1
        ],
        [
            1,
            1,
            1,
            1,
            1
        ]
    ]
}