{
    "input_text": "A red cabin on a mountain.",
    "target_text": "A red backpack on a mountain.",
    "num_tokens": 5,
    "adv_prompts": [
        "a red cabin on a mountain. ]: decathgraduated backpack behind",
        "a red cabin on a mountain. aspire regal backpack reaching ($",
        "a red cabin on a mountain. paperwork fine skates morale backpacks",
        "a red cabin on a mountain. attendance backpack degrepicard backpack",
        "a red cabin on a mountain. arrange luggage latin regal backpack",
        "a red cabin on a mountain. freestyle backpack nonstop getty luggage",
        "a red cabin on a mountain. cracy mantra regal backpack want",
        "a red cabin on a mountain. backpack drafted pieces sabre prestige",
        "a red cabin on a mountain. backpack acer aved ($ collaborate",
        "a red cabin on a mountain. swagger picard detailed backpack macy"
    ],
    "blip_scores": [
        [
            1,
            1,
            1,
            0,
            0
        ],
        [
            1,
            1,
            1,
            1,
            1
        ],
        [
            1,
            0,
            1,
            -1,
            1
        ],
        [
            1,
            0,
            1,
            1,
            0
        ],
        [
            1,
            0,
            1,
            1,
            1
        ],
        [
            1,
            1,
            0,
            1,
            0
        ],
        [
            1,
            0,
            1,
            1,
            1
        ],
        [
            1,
            1,
            1,
            1,
            1
        ],
        [
            0,
            0,
            1,
            1,
            1
        ],
        [
            0,
            0,
            1,
            1,
            0
        ]
    ],
    "gense_cos_sim": 0.6823251843452454,
    "clip_cos_sim": 0.7091474533081055
}