{
    "input_text": "A man and woman with their small children.",
    "target_text": "A man and woman with their small dog.",
    "num_tokens": 5,
    "adv_prompts": [
        "a man and woman with their small children. parties floral catering reuben dog",
        "a man and woman with their small children. puppy mley bracelet cozorganizer",
        "a man and woman with their small children. puppy gifting prophet dog melissa",
        "a man and woman with their small children. onto chihuahua boyd vineyard puppy",
        "a man and woman with their small children. chefs dog in \u2122 braised",
        "a man and woman with their small children. dog oracle cards fabernrc",
        "a man and woman with their small children. elderdoggie appointments learner puppy",
        "a man and woman with their small children. alea gts doggy puppy sneaker",
        "a man and woman with their small children. cheesy paella dog \u2013 cucumber",
        "a man and woman with their small children. burberry chefs dog backpack contender"
    ],
    "blip_scores": [
        [
            0,
            0,
            0,
            0,
            -1
        ],
        [
            1,
            1,
            0,
            0,
            1
        ],
        [
            1,
            0,
            1,
            0,
            0
        ],
        [
            1,
            1,
            1,
            1,
            0
        ],
        [
            1,
            0,
            -1,
            0,
            0
        ],
        [
            0,
            0,
            0,
            0,
            -1
        ],
        [
            0,
            0,
            0,
            0,
            0
        ],
        [
            -1,
            0,
            1,
            0,
            0
        ],
        [
            0,
            0,
            -1,
            -1,
            0
        ],
        [
            0,
            0,
            1,
            0,
            -1
        ]
    ]
}