{
    "input_text": "A painter painting a landscape.",
    "target_text": "A photographer capturing a landscape.",
    "num_tokens": 5,
    "adv_prompts": [
        "a painter painting a landscape. rolex porthspiderman hugs katniss",
        "a painter painting a landscape. dandelion locking overflowing dslr necklace",
        "a painter painting a landscape. crested keychain \" photographer daesh",
        "a painter painting a landscape. classic filmmaking camera bridesmaid pendant",
        "a painter painting a landscape. overflowing photographer bonsai dslr necklace",
        "a painter painting a landscape. canola infographics embroidered photographic keychain",
        "a painter painting a landscape. pineapple dslr boudobirding necklace",
        "a painter painting a landscape. dandelion togethercufflinks dslr polaroid",
        "a painter painting a landscape. stacking keychain photographers birdbalsamic",
        "a painter painting a landscape. upcycled photographer cameras cufflinks anned"
    ],
    "blip_scores": [
        [
            0,
            0,
            0,
            0,
            0
        ],
        [
            0,
            0,
            0,
            1,
            0
        ],
        [
            0,
            0,
            0,
            0,
            0
        ],
        [
            0,
            0,
            0,
            0,
            0
        ],
        [
            0,
            0,
            0,
            0,
            0
        ],
        [
            0,
            0,
            0,
            0,
            0
        ],
        [
            0,
            0,
            0,
            -1,
            0
        ],
        [
            0,
            -1,
            0,
            0,
            0
        ],
        [
            0,
            0,
            -1,
            0,
            0
        ],
        [
            0,
            0,
            0,
            0,
            0
        ]
    ],
    "gense_cos_sim": 0.6623461246490479,
    "clip_cos_sim": 0.6810303926467896
}