{
    "input_text": "A stained glassed candle shines over a clock.",
    "target_text": "A stained glassed window shines over a clock.",
    "num_tokens": 5,
    "adv_prompts": [
        "a stained glassed candle shines over a clock. screenshot \u00f8 \u2122 union aquarius",
        "a stained glassed candle shines over a clock. \" llandscorecard window hoodies",
        "a stained glassed candle shines over a clock. marrakech \" impressive windows daycare",
        "a stained glassed candle shines over a clock. header \" barrkaraoke ts",
        "a stained glassed candle shines over a clock. \" concession vitamhalton chairs",
        "a stained glassed candle shines over a clock. >> complex \" windows karaoke",
        "a stained glassed candle shines over a clock. \" thian burrito door savannah",
        "a stained glassed candle shines over a clock. juvenchairs \u3010 \" astronomy",
        "a stained glassed candle shines over a clock. lh utrecht \" is gtav",
        "a stained glassed candle shines over a clock. sectional window bathrooms anaheim \""
    ],
    "blip_scores": [
        [
            1,
            1,
            1,
            1,
            1
        ],
        [
            1,
            0,
            1,
            1,
            1
        ],
        [
            0,
            0,
            0,
            0,
            0
        ],
        [
            1,
            1,
            1,
            1,
            1
        ],
        [
            0,
            0,
            0,
            0,
            0
        ],
        [
            1,
            1,
            0,
            1,
            0
        ],
        [
            1,
            1,
            0,
            1,
            1
        ],
        [
            1,
            1,
            1,
            1,
            1
        ],
        [
            0,
            0,
            0,
            1,
            0
        ],
        [
            1,
            1,
            1,
            0,
            1
        ]
    ]
}