{
    "input_text": "A piece of chocolate cake with chocolate icing.",
    "target_text": "A slice of chocolate cake with chocolate icing.",
    "num_tokens": 5,
    "adv_prompts": [
        "a piece of chocolate cake with chocolate icing. shers brut chevron voiced takeaways",
        "a piece of chocolate cake with chocolate icing. oriented burt stout comparing wes",
        "a piece of chocolate cake with chocolate icing. brando ratings revive shy merlot",
        "a piece of chocolate cake with chocolate icing. vincent chardonnay slice oriented standing",
        "a piece of chocolate cake with chocolate icing. tripod tacos mae budweiser challenges",
        "a piece of chocolate cake with chocolate icing. slept probability buhari slot chardonnay",
        "a piece of chocolate cake with chocolate icing. sliding budweiser oran copying treehouse",
        "a piece of chocolate cake with chocolate icing. transformational burgundy uruguay slick promises",
        "a piece of chocolate cake with chocolate icing. slice podcast chardonnay apk position",
        "a piece of chocolate cake with chocolate icing. htc athan silicon characteristics pinot"
    ],
    "blip_scores": [
        [
            0,
            0,
            0,
            0,
            0
        ],
        [
            0,
            0,
            0,
            0,
            0
        ],
        [
            0,
            0,
            0,
            0,
            0
        ],
        [
            0,
            0,
            0,
            0,
            0
        ],
        [
            0,
            0,
            0,
            0,
            0
        ],
        [
            0,
            0,
            0,
            0,
            0
        ],
        [
            0,
            0,
            0,
            0,
            0
        ],
        [
            0,
            0,
            0,
            0,
            0
        ],
        [
            0,
            0,
            0,
            0,
            0
        ],
        [
            0,
            0,
            0,
            0,
            0
        ]
    ]
}