{
    "input_text": "A squirrel does a trick on a skateboard.",
    "target_text": "A guy does a trick on a skateboard.",
    "num_tokens": 5,
    "adv_prompts": [
        "a squirrel does a trick on a skateboard. ilya punches kingston structural naa",
        "a squirrel does a trick on a skateboard. transformers kingdoms skirt marvel polyvore",
        "a squirrel does a trick on a skateboard. atwood wrecks cuff migrants barack",
        "a squirrel does a trick on a skateboard. dagger chicagevolve moderator lets",
        "a squirrel does a trick on a skateboard. com staffers reviews benghazi walton",
        "a squirrel does a trick on a skateboard. bedford gonzales finishes mobilization alyssa",
        "a squirrel does a trick on a skateboard. flock genocide scrimmage nantes marlon",
        "a squirrel does a trick on a skateboard. haul bend nationdimensional hoodie",
        "a squirrel does a trick on a skateboard. keenan rips continues contour kayla",
        "a squirrel does a trick on a skateboard. imperialism hardwood witcher pinball nicola"
    ],
    "blip_scores": [
        [
            0,
            0,
            0,
            0,
            0
        ],
        [
            0,
            0,
            1,
            0,
            0
        ],
        [
            0,
            -1,
            -1,
            0,
            1
        ],
        [
            -1,
            1,
            1,
            1,
            1
        ],
        [
            0,
            1,
            0,
            1,
            0
        ],
        [
            0,
            0,
            0,
            0,
            0
        ],
        [
            1,
            1,
            1,
            1,
            1
        ],
        [
            -1,
            0,
            1,
            0,
            0
        ],
        [
            0,
            0,
            0,
            0,
            0
        ],
        [
            0,
            0,
            0,
            0,
            0
        ]
    ]
}