{
    "input_text": "A batch of doughnuts with sprinkles on them",
    "target_text": "A bunch of doughnuts with sprinkles on them",
    "num_tokens": 5,
    "adv_prompts": [
        "a batch of doughnuts with sprinkles on them horseshoe lizard gamo flashlight aluminium",
        "a batch of doughnuts with sprinkles on them malaria glock flashlight dreamcast rca",
        "a batch of doughnuts with sprinkles on them quilt trout bobblehead lamp xbox",
        "a batch of doughnuts with sprinkles on them logo oscar deck bond fiorentina",
        "a batch of doughnuts with sprinkles on them burroughs xbox horoscope shoes walt",
        "a batch of doughnuts with sprinkles on them magazines reebok carlton archaeology ideal",
        "a batch of doughnuts with sprinkles on them burroughs quilt spawn boot bronze",
        "a batch of doughnuts with sprinkles on them lizard perspective relaxed jeans ronnie",
        "a batch of doughnuts with sprinkles on them karting footprint spam aluminium sunglasses",
        "a batch of doughnuts with sprinkles on them garmin steaks karting keychain diecast"
    ],
    "blip_scores": [
        [
            0,
            0,
            0,
            0,
            0
        ],
        [
            0,
            0,
            0,
            0,
            0
        ],
        [
            0,
            0,
            0,
            0,
            0
        ],
        [
            0,
            0,
            0,
            0,
            0
        ],
        [
            0,
            0,
            0,
            0,
            0
        ],
        [
            0,
            0,
            0,
            0,
            0
        ],
        [
            0,
            0,
            0,
            0,
            0
        ],
        [
            0,
            0,
            0,
            0,
            0
        ],
        [
            0,
            0,
            0,
            0,
            0
        ],
        [
            0,
            0,
            0,
            0,
            0
        ]
    ]
}