{
    "input_text": "A man on a surfboard in the water.",
    "target_text": "A man on a raft in the water.",
    "num_tokens": 5,
    "adv_prompts": [
        "a man on a surfboard in the water. poached raft antiquoverview selena",
        "a man on a surfboard in the water. *) powerpoint battleship soundtrack mint",
        "a man on a surfboard in the water. screenplay glock auctioned poster sridevi",
        "a man on a surfboard in the water. raft overview wreath chewbacca mitt",
        "a man on a surfboard in the water. rated pallet litecoin rafting garfield",
        "a man on a surfboard in the water. transparenmicroscope gingerbread powerpoint battleship",
        "a man on a surfboard in the water. steakhouse \u2122 caesar baptiwrap",
        "a man on a surfboard in the water. raft battleship socialism petting ajith",
        "a man on a surfboard in the water. winnesomaliland raft modespecifications",
        "a man on a surfboard in the water. scrabble collectors brochure rafting glock"
    ],
    "blip_scores": [
        [
            -1,
            0,
            -1,
            -1,
            -1
        ],
        [
            -1,
            -1,
            -1,
            -1,
            -1
        ],
        [
            -1,
            -1,
            -1,
            -1,
            0
        ],
        [
            0,
            0,
            0,
            -1,
            0
        ],
        [
            0,
            -1,
            -1,
            -1,
            0
        ],
        [
            -1,
            0,
            -1,
            -1,
            0
        ],
        [
            0,
            0,
            0,
            0,
            0
        ],
        [
            -1,
            -1,
            -1,
            0,
            -1
        ],
        [
            0,
            -1,
            0,
            -1,
            -1
        ],
        [
            -1,
            -1,
            -1,
            0,
            -1
        ]
    ]
}