{
    "input_text": "a close up of a restaurant with food",
    "target_text": "a close up of a plate with food",
    "num_tokens": 5,
    "adv_prompts": [
        "a close up of a restaurant with food corrected buffy plate flawless plate",
        "a close up of a restaurant with food corrected plate natalie maisie plated",
        "a close up of a restaurant with food embscramble plato plate gloss",
        "a close up of a restaurant with food corrected plate grounleeds plato",
        "a close up of a restaurant with food potterarterimports plate gillian",
        "a close up of a restaurant with food binance plate plated intrepid michelle",
        "a close up of a restaurant with food accelerated plate plate niti michelle",
        "a close up of a restaurant with food series scresnip plate plato",
        "a close up of a restaurant with food plated lightweight plate rogueabbie",
        "a close up of a restaurant with food imaginary plate form plate rosenthal"
    ],
    "blip_scores": [
        [
            1,
            1,
            1,
            1,
            1
        ],
        [
            1,
            1,
            1,
            1,
            1
        ],
        [
            1,
            1,
            1,
            0,
            1
        ],
        [
            1,
            0,
            0,
            1,
            1
        ],
        [
            1,
            0,
            1,
            0,
            0
        ],
        [
            1,
            1,
            1,
            1,
            1
        ],
        [
            1,
            1,
            1,
            1,
            1
        ],
        [
            1,
            0,
            1,
            1,
            1
        ],
        [
            1,
            1,
            1,
            1,
            1
        ],
        [
            1,
            1,
            1,
            0,
            1
        ]
    ]
}