{
    "input_text": "A foreign aid sign that's covered in snow.",
    "target_text": "A foreign street sign that's covered in snow.",
    "num_tokens": 5,
    "adv_prompts": [
        "a foreign aid sign that's covered in snow. streetcreepinappropriate punjabi translations",
        "a foreign aid sign that's covered in snow. orienteering potholes -) ); texas",
        "a foreign aid sign that's covered in snow. nunavut wcw streetpedestrians jojo",
        "a foreign aid sign that's covered in snow. fatty suho outside bookstore wondering",
        "a foreign aid sign that's covered in snow. masterful traffic ruining hokkaido laughter",
        "a foreign aid sign that's covered in snow. argentina traffic streetcar satire language",
        "a foreign aid sign that's covered in snow. ichiro strolling downpours serious mariano",
        "a foreign aid sign that's covered in snow. nunavut hertfordshire roadway deliciousness cuteness",
        "a foreign aid sign that's covered in snow. nunavut downtown biking cousins tho",
        "a foreign aid sign that's covered in snow. traffic lowing saskatoon filtered advice"
    ],
    "blip_scores": [
        [
            1,
            1,
            0,
            0,
            0
        ],
        [
            0,
            0,
            -1,
            0,
            0
        ],
        [
            1,
            0,
            0,
            0,
            0
        ],
        [
            0,
            0,
            0,
            0,
            0
        ],
        [
            1,
            1,
            1,
            1,
            0
        ],
        [
            0,
            0,
            0,
            0,
            0
        ],
        [
            0,
            0,
            0,
            0,
            0
        ],
        [
            1,
            1,
            0,
            1,
            1
        ],
        [
            0,
            1,
            0,
            0,
            1
        ],
        [
            0,
            0,
            0,
            0,
            0
        ]
    ]
}