{
    "input_text": "A distant drone flying between two large buildings.",
    "target_text": "A distant airplane flying between two large buildings.",
    "num_tokens": 5,
    "adv_prompts": [
        "a distant drone flying between two large buildings. airplane over china overlay airline",
        "a distant drone flying between two large buildings. plane backgrounds ruining nebula livery",
        "a distant drone flying between two large buildings. airplane starring airplane mainly gouache",
        "a distant drone flying between two large buildings. japanese airplane leading hurting airplane",
        "a distant drone flying between two large buildings. airplane tower impression \u3010 portfolio",
        "a distant drone flying between two large buildings. airplane caricature canaria issue bha",
        "a distant drone flying between two large buildings. restored airline depicting spaceship jets",
        "a distant drone flying between two large buildings. screenshot, while goodyear jetblue",
        "a distant drone flying between two large buildings. airplane bearing comet portray \"?",
        "a distant drone flying between two large buildings. airplane collapsed houseinitials brooch"
    ],
    "blip_scores": [
        [
            1,
            1,
            1,
            1,
            0
        ],
        [
            0,
            0,
            0,
            0,
            0
        ],
        [
            0,
            1,
            0,
            1,
            0
        ],
        [
            0,
            0,
            1,
            1,
            0
        ],
        [
            1,
            0,
            0,
            1,
            0
        ],
        [
            0,
            1,
            1,
            1,
            -1
        ],
        [
            0,
            0,
            1,
            1,
            1
        ],
        [
            0,
            0,
            1,
            1,
            1
        ],
        [
            0,
            0,
            0,
            0,
            0
        ],
        [
            0,
            0,
            0,
            0,
            0
        ]
    ]
}