{
    "input_text": "a small child is holding up a toy",
    "target_text": "a small child is holding up a bottle",
    "num_tokens": 5,
    "adv_prompts": [
        "a small child is holding up a toy shovel bottle google tanetiquette",
        "a small child is holding up a toy ladder bottle etiquette bottle crown",
        "a small child is holding up a toy ladder tags bottle table shannon",
        "a small child is holding up a toy banana glass tician bottle growler",
        "a small child is holding up a toy buddha style glass bottle growler",
        "a small child is holding up a toy titanium woodwork bottle bottle necklace",
        "a small child is holding up a toy bottle growler paign bottle weld",
        "a small child is holding up a toy pancake booze crown bottle new",
        "a small child is holding up a toy bottle etiquette bottle growler adidas",
        "a small child is holding up a toy ladder bottle bottle nwturns"
    ],
    "blip_scores": [
        [
            0,
            1,
            0,
            0,
            0
        ],
        [
            0,
            0,
            0,
            0,
            0
        ],
        [
            0,
            0,
            0,
            0,
            0
        ],
        [
            1,
            0,
            0,
            1,
            1
        ],
        [
            0,
            0,
            0,
            0,
            0
        ],
        [
            0,
            0,
            0,
            0,
            0
        ],
        [
            0,
            1,
            0,
            0,
            1
        ],
        [
            0,
            1,
            0,
            0,
            0
        ],
        [
            1,
            1,
            0,
            0,
            1
        ],
        [
            0,
            0,
            0,
            0,
            0
        ]
    ]
}