{
    "input_text": "A man walking past an empty living room. ",
    "target_text": "A man walking past an empty dorm room. ",
    "num_tokens": 5,
    "adv_prompts": [
        "a man walking past an empty living room. wilmington dorm \u263c classrooms room",
        "a man walking past an empty living room. christi dova dorm oom dorm",
        "a man walking past an empty living room. dorm oom dyer college inside",
        "a man walking past an empty living room. dorm rooms yte georges dorm",
        "a man walking past an empty living room. dmc dorm.. dorm areas",
        "a man walking past an empty living room. dorm configuration..... valdez dorm",
        "a man walking past an empty living room. dorm classroom br blyrefuge",
        "a man walking past an empty living room. dorm eroom jahan renovated dorm",
        "a man walking past an empty living room. dorm classrooms mclean nearly magee",
        "a man walking past an empty living room. berta dorm oom campus feeding"
    ],
    "blip_scores": [
        [
            0,
            0,
            0,
            0,
            0
        ],
        [
            0,
            0,
            0,
            0,
            0
        ],
        [
            0,
            0,
            0,
            0,
            0
        ],
        [
            0,
            0,
            0,
            0,
            0
        ],
        [
            0,
            0,
            0,
            0,
            0
        ],
        [
            0,
            0,
            0,
            0,
            0
        ],
        [
            0,
            0,
            0,
            0,
            -1
        ],
        [
            0,
            0,
            0,
            0,
            0
        ],
        [
            0,
            0,
            0,
            0,
            0
        ],
        [
            0,
            0,
            0,
            0,
            0
        ]
    ]
}