{
    "input_text": "A skateboarder is carrying groceries on his board",
    "target_text": "A man is carrying groceries on his board",
    "num_tokens": 5,
    "adv_prompts": [
        "a skateboarder is carrying groceries on his board nwt mac maniac eyeshadow bullish",
        "a skateboarder is carrying groceries on his board \u2013 jnu maru genealogy themed",
        "a skateboarder is carrying groceries on his board \" rosewood learns marie \u2013",
        "a skateboarder is carrying groceries on his board carlisle mated typeface flute responsive",
        "a skateboarder is carrying groceries on his board scrabble cufflinks ~ dressage manta",
        "a skateboarder is carrying groceries on his board rwby \" uil second cufflinks",
        "a skateboarder is carrying groceries on his board sterling machinery milf earphones apologize",
        "a skateboarder is carrying groceries on his board mann powerpoint scrabble soundtrack jag",
        "a skateboarder is carrying groceries on his board itykejriwal \" chardonnay responsive",
        "a skateboarder is carrying groceries on his board utv crossword cufflinks manly angling"
    ],
    "blip_scores": [
        [
            0,
            0,
            0,
            0,
            0
        ],
        [
            0,
            0,
            0,
            0,
            0
        ],
        [
            0,
            0,
            0,
            0,
            0
        ],
        [
            0,
            0,
            -1,
            0,
            0
        ],
        [
            0,
            0,
            0,
            0,
            0
        ],
        [
            0,
            0,
            0,
            0,
            0
        ],
        [
            -1,
            0,
            0,
            0,
            0
        ],
        [
            0,
            0,
            0,
            0,
            0
        ],
        [
            0,
            0,
            0,
            0,
            0
        ],
        [
            0,
            0,
            0,
            0,
            0
        ]
    ]
}