{
    "input_text": "A garden full of green plants and fruit.",
    "target_text": "A field full of green plants and fruit.",
    "num_tokens": 5,
    "adv_prompts": [
        "a garden full of green plants and fruit. infield eared masterclass cleats westworld",
        "a garden full of green plants and fruit. records drained onto covenant field",
        "a garden full of green plants and fruit. field chemistry helmets sedge dicaprio",
        "a garden full of green plants and fruit. clearwater field closeup mangrove surface",
        "a garden full of green plants and fruit. mattress flax field cleats concourse",
        "a garden full of green plants and fruit. soybean field monologue measures clint",
        "a garden full of green plants and fruit. field tract mustard covering confront",
        "a garden full of green plants and fruit. plain field covered keef field",
        "a garden full of green plants and fruit. covers mastering concourse field waits",
        "a garden full of green plants and fruit. wheatmisconduct flats ears crooked"
    ],
    "blip_scores": [
        [
            0,
            0,
            0,
            0,
            0
        ],
        [
            0,
            0,
            0,
            0,
            0
        ],
        [
            0,
            0,
            0,
            0,
            0
        ],
        [
            0,
            0,
            0,
            0,
            0
        ],
        [
            0,
            0,
            0,
            0,
            0
        ],
        [
            0,
            0,
            1,
            0,
            0
        ],
        [
            0,
            0,
            0,
            0,
            0
        ],
        [
            0,
            0,
            0,
            0,
            0
        ],
        [
            0,
            0,
            0,
            0,
            0
        ],
        [
            0,
            0,
            0,
            0,
            0
        ]
    ]
}