{
    "input_text": "A dolphin breathing fire.",
    "target_text": "A dragon breathing fire.",
    "num_tokens": 5,
    "adv_prompts": [
        "a dolphin breathing fire. cv lebron xi bridechinese",
        "a dolphin breathing fire. dragon earrings mirror lexington golfer",
        "a dolphin breathing fire. sunglasses dragons tights lukaku zach",
        "a dolphin breathing fire. dragon cufflinks vazstrides masked",
        "a dolphin breathing fire. henson saucer cufflinks dragon lindsey",
        "a dolphin breathing fire. andover shanghai dragonfly harleearrings",
        "a dolphin breathing fire. dragon cocoblossom zhencufflinks",
        "a dolphin breathing fire. mopar magnets shawnee golfer dragon",
        "a dolphin breathing fire. cufflinks paragon bangor dragonfly christy",
        "a dolphin breathing fire. dragonfly katy years cufflinks coon"
    ],
    "blip_scores": [
        [
            0,
            0,
            0,
            0,
            0
        ],
        [
            0,
            0,
            0,
            0,
            0
        ],
        [
            0,
            0,
            0,
            0,
            0
        ],
        [
            0,
            0,
            0,
            0,
            0
        ],
        [
            0,
            0,
            0,
            0,
            0
        ],
        [
            0,
            0,
            0,
            0,
            0
        ],
        [
            0,
            0,
            0,
            0,
            0
        ],
        [
            0,
            0,
            0,
            0,
            0
        ],
        [
            0,
            0,
            0,
            0,
            0
        ],
        [
            0,
            0,
            0,
            0,
            0
        ]
    ],
    "gense_cos_sim": 0.6900614500045776,
    "clip_cos_sim": 0.8458355665206909
}