{
    "input_text": "A man in a wheelchair riding a horse.",
    "target_text": "A man in a hat riding a horse.",
    "num_tokens": 5,
    "adv_prompts": [
        "a man in a wheelchair riding a horse. polariheadshot montgomery wsop hat",
        "a man in a wheelchair riding a horse. broadway sonoma niv hats lilac",
        "a man in a wheelchair riding a horse. craig jewellers beatishanghai hats",
        "a man in a wheelchair riding a horse. hat patterhats headshot cumberbatch",
        "a man in a wheelchair riding a horse. somerhalder whunpresidential hats handmade",
        "a man in a wheelchair riding a horse. dresden map hat hairsingapore",
        "a man in a wheelchair riding a horse. tomatoes redesigned celebrates inaugural hats",
        "a man in a wheelchair riding a horse. somerhalder iconic hat wsop stills",
        "a man in a wheelchair riding a horse. hats starring garfield postcard tenstein",
        "a man in a wheelchair riding a horse. hat photoshoot cumberbatch collectible shahid"
    ],
    "blip_scores": [
        [
            0,
            0,
            0,
            0,
            0
        ],
        [
            0,
            0,
            0,
            0,
            0
        ],
        [
            0,
            0,
            0,
            0,
            0
        ],
        [
            0,
            0,
            0,
            0,
            0
        ],
        [
            0,
            0,
            0,
            0,
            0
        ],
        [
            0,
            0,
            0,
            0,
            0
        ],
        [
            0,
            -1,
            0,
            0,
            0
        ],
        [
            0,
            0,
            0,
            0,
            0
        ],
        [
            0,
            0,
            0,
            0,
            0
        ],
        [
            0,
            0,
            0,
            0,
            0
        ]
    ]
}