{
    "input_text": "A cat that is sitting on some steps.",
    "target_text": "A staircase that is sitting on some steps.",
    "num_tokens": 5,
    "adv_prompts": [
        "a cat that is sitting on some steps. bugatti staircase tollywood weaknesses lego",
        "a cat that is sitting on some steps. puzzles polyvore staircase nailart oecd",
        "a cat that is sitting on some steps. differential thickness apk japanese staircase",
        "a cat that is sitting on some steps. treehouse dress saffron cadet tunic",
        "a cat that is sitting on some steps. polyvore lexi baroque jumpsuit grassy",
        "a cat that is sitting on some steps. towed vered staircase polyvore castles",
        "a cat that is sitting on some steps. staircase concealed weaknesses howtoautodesk",
        "a cat that is sitting on some steps. staircase anese tuition staircase hgtv",
        "a cat that is sitting on some steps. staircase insulated traumatic staircase autodesk",
        "a cat that is sitting on some steps. staircase puzzles pdf spongebob bhubaneswar"
    ],
    "blip_scores": [
        [
            0,
            0,
            0,
            0,
            0
        ],
        [
            0,
            0,
            0,
            0,
            -1
        ],
        [
            0,
            0,
            0,
            0,
            0
        ],
        [
            0,
            0,
            0,
            0,
            0
        ],
        [
            0,
            0,
            0,
            0,
            0
        ],
        [
            0,
            0,
            0,
            0,
            0
        ],
        [
            0,
            0,
            1,
            0,
            0
        ],
        [
            -1,
            0,
            -1,
            -1,
            0
        ],
        [
            0,
            0,
            0,
            0,
            0
        ],
        [
            0,
            -1,
            -1,
            0,
            0
        ]
    ]
}