{
    "input_text": "A PICTURE OF ALL WHITE IN A BATHROOM ",
    "target_text": "A GROUP OF ALL WHITE IN A BATHROOM ",
    "num_tokens": 5,
    "adv_prompts": [
        "a picture of all white in a bathroom meetup gangs representing (\u00a9 headband",
        "a picture of all white in a bathroom group stoukombucha realtors participants",
        "a picture of all white in a bathroom keto choir msa straw siblings",
        "a picture of all white in a bathroom shaykh blackpink clans group squad",
        "a picture of all white in a bathroom hiking group amidst unprecedented princesses",
        "a picture of all white in a bathroom unit infamous blueamal grandchildren",
        "a picture of all white in a bathroom gang birding during reclaim jihad",
        "a picture of all white in a bathroom gang at casino amidst princesses",
        "a picture of all white in a bathroom squad involving mass birding princesses",
        "a picture of all white in a bathroom squad posing amidst breeding wilderness"
    ],
    "blip_scores": [
        [
            0,
            0,
            0,
            0,
            0
        ],
        [
            0,
            0,
            0,
            0,
            0
        ],
        [
            0,
            0,
            0,
            1,
            0
        ],
        [
            0,
            0,
            0,
            0,
            1
        ],
        [
            0,
            0,
            0,
            0,
            0
        ],
        [
            0,
            0,
            0,
            0,
            0
        ],
        [
            0,
            0,
            0,
            0,
            0
        ],
        [
            0,
            0,
            0,
            0,
            0
        ],
        [
            1,
            0,
            0,
            0,
            0
        ],
        [
            0,
            0,
            0,
            0,
            0
        ]
    ]
}