{
    "input_text": "A plane in the sky at sunset.",
    "target_text": "A hot air balloon in the sky at sunset.",
    "num_tokens": 5,
    "adv_prompts": [
        "a plane in the sky at sunset. balloons.. ': leaps views",
        "a plane in the sky at sunset. ': sailing chaps balloon permanently",
        "a plane in the sky at sunset. balloon lop displaying ': sailing",
        "a plane in the sky at sunset. balloon ': picturesque simple sailing",
        "a plane in the sky at sunset. balloon tumbling tee prospective floating",
        "a plane in the sky at sunset. picturesque dragonfly balloon underway :'",
        "a plane in the sky at sunset. picturesque evening balloon.... ':",
        "a plane in the sky at sunset. bally mill blouse presenrepeated",
        "a plane in the sky at sunset. balloon inging ': vintage ballon",
        "a plane in the sky at sunset. picturesque flyer '\" evening balloon"
    ],
    "blip_scores": [
        [
            1,
            -1,
            -1,
            0,
            1
        ],
        [
            1,
            1,
            1,
            1,
            1
        ],
        [
            1,
            1,
            0,
            1,
            1
        ],
        [
            1,
            1,
            1,
            0,
            1
        ],
        [
            1,
            1,
            1,
            1,
            0
        ],
        [
            1,
            1,
            1,
            0,
            1
        ],
        [
            0,
            1,
            1,
            1,
            1
        ],
        [
            -1,
            -1,
            -1,
            -1,
            -1
        ],
        [
            0,
            1,
            1,
            1,
            1
        ],
        [
            1,
            0,
            1,
            1,
            1
        ]
    ],
    "gense_cos_sim": 0.681888222694397,
    "clip_cos_sim": 0.6596200466156006
}