{
    "input_text": "a mock up of a disassembled remote control  ",
    "target_text": "a close up of a disassembled remote control  ",
    "num_tokens": 5,
    "adv_prompts": [
        "a mock up of a disassembled remote control bingo essays invent paragraph essays",
        "a mock up of a disassembled remote control closeup wildlife disorder maharashtra essays",
        "a mock up of a disassembled remote control mami canteen chair considers chernobyl",
        "a mock up of a disassembled remote control tornadoes wonderfully nazis documentary essays",
        "a mock up of a disassembled remote control beanie accelerate raf gopro branded",
        "a mock up of a disassembled remote control essays superfood memorable degree essay",
        "a mock up of a disassembled remote control cheeseburger vpn bridesmaid documentary cina",
        "a mock up of a disassembled remote control logo smartwatch clarinet secures wyoming",
        "a mock up of a disassembled remote control resigns perfume understanding essay raises",
        "a mock up of a disassembled remote control \"\"\" shirt nrlegit chief"
    ],
    "blip_scores": [
        [
            0,
            0,
            0,
            0,
            0
        ],
        [
            0,
            0,
            0,
            0,
            0
        ],
        [
            0,
            0,
            0,
            0,
            0
        ],
        [
            0,
            0,
            0,
            0,
            0
        ],
        [
            0,
            0,
            0,
            0,
            0
        ],
        [
            0,
            0,
            0,
            0,
            0
        ],
        [
            0,
            0,
            0,
            0,
            0
        ],
        [
            0,
            0,
            0,
            0,
            0
        ],
        [
            0,
            0,
            0,
            0,
            0
        ],
        [
            0,
            0,
            0,
            0,
            0
        ]
    ]
}