{
    "input_text": "A refrigerator freezer next to a  wall.",
    "target_text": "A small freezer next to a  wall.",
    "num_tokens": 5,
    "adv_prompts": [
        "a refrigerator freezer next to a wall. castles lars rails walnuts madeira",
        "a refrigerator freezer next to a wall. incense tresses clint created rbc",
        "a refrigerator freezer next to a wall. forces smalls rockets paul ncis",
        "a refrigerator freezer next to a wall. castles nyt many beams aziz",
        "a refrigerator freezer next to a wall. piles majors centristructures lorenzo",
        "a refrigerator freezer next to a wall. castles tubes litz grayson marc",
        "a refrigerator freezer next to a wall. smalls iners nyt castles louis",
        "a refrigerator freezer next to a wall. smallpolymer homers cougar uncharted",
        "a refrigerator freezer next to a wall. mallconclusions polymer shore pope",
        "a refrigerator freezer next to a wall. offs smalls lorenzo castles chester"
    ],
    "blip_scores": [
        [
            0,
            0,
            0,
            0,
            0
        ],
        [
            0,
            0,
            0,
            0,
            0
        ],
        [
            0,
            0,
            0,
            0,
            0
        ],
        [
            0,
            0,
            -1,
            0,
            0
        ],
        [
            0,
            0,
            0,
            0,
            -1
        ],
        [
            0,
            0,
            0,
            0,
            0
        ],
        [
            0,
            0,
            -1,
            0,
            0
        ],
        [
            0,
            0,
            0,
            0,
            0
        ],
        [
            0,
            0,
            0,
            0,
            0
        ],
        [
            0,
            0,
            -1,
            0,
            -1
        ]
    ]
}