{
    "input_text": "a red cabin in a cave.",
    "target_text": "a red dragon in a cave.",
    "num_tokens": 5,
    "adv_prompts": [
        "a red cabin in a cave. com kraken dragon asset truck",
        "a red cabin in a cave. dragons vulnersupplement kremlin mail",
        "a red cabin in a cave. revolt poolside dragon autumnal earrings",
        "a red cabin in a cave. dragon sarawak interoperost rugs",
        "a red cabin in a cave. \ud83d\udd25 modular dragons logo breach",
        "a red cabin in a cave. ]: wonderful chinese dragon stock",
        "a red cabin in a cave. dragon ': accountability vector dragon",
        "a red cabin in a cave. attractive sanskrit dragons \" jester",
        "a red cabin in a cave. dragons mascot advancing smartwatch focused",
        "a red cabin in a cave. aggression animated dragon \" setup"
    ],
    "blip_scores": [
        [
            0,
            0,
            0,
            -1,
            1
        ],
        [
            -1,
            -1,
            -1,
            0,
            -1
        ],
        [
            0,
            0,
            0,
            0,
            0
        ],
        [
            0,
            0,
            0,
            0,
            0
        ],
        [
            0,
            0,
            1,
            1,
            0
        ],
        [
            0,
            0,
            1,
            0,
            1
        ],
        [
            1,
            1,
            1,
            0,
            1
        ],
        [
            1,
            0,
            1,
            1,
            0
        ],
        [
            0,
            0,
            0,
            0,
            -1
        ],
        [
            0,
            1,
            1,
            0,
            0
        ]
    ],
    "gense_cos_sim": 0.6789752244949341,
    "clip_cos_sim": 0.756618857383728
}