{
    "input_text": "A group of children playing an out side.",
    "target_text": "A group of children playing baseball out side.",
    "num_tokens": 5,
    "adv_prompts": [
        "a group of children playing an out side. mingly softball on baseball drivers",
        "a group of children playing an out side. os softball baseball batting semester",
        "a group of children playing an out side. hitting baseball mlb including costumes",
        "a group of children playing an out side. baseball ting a softball tourney",
        "a group of children playing an out side. baseball teners their softball hundred",
        "a group of children playing an out side. alumstaintic softball baseball",
        "a group of children playing an out side. baseball ggers softball to tournament",
        "a group of children playing an out side. baseball powered softball featuring rangers",
        "a group of children playing an out side. softbaseball undefeated behind softball",
        "a group of children playing an out side. softball while mitzbatting baseball"
    ],
    "blip_scores": [
        [
            1,
            1,
            1,
            0,
            1
        ],
        [
            0,
            1,
            1,
            0,
            1
        ],
        [
            1,
            1,
            0,
            1,
            1
        ],
        [
            1,
            0,
            0,
            0,
            1
        ],
        [
            0,
            1,
            0,
            0,
            0
        ],
        [
            1,
            1,
            0,
            0,
            0
        ],
        [
            0,
            1,
            1,
            0,
            0
        ],
        [
            1,
            1,
            1,
            1,
            1
        ],
        [
            1,
            0,
            1,
            1,
            0
        ],
        [
            0,
            1,
            1,
            1,
            1
        ]
    ]
}