{
    "input_text": "A blue butterfly is flying in the sky",
    "target_text": "A blue kite is flying in the sky",
    "num_tokens": 5,
    "adv_prompts": [
        "a blue butterfly is flying in the sky ni kwang \" assassination gradable",
        "a blue butterfly is flying in the sky kite \" dirk span \u00a2",
        "a blue butterfly is flying in the sky slabs kite surfer drills gurgaon",
        "a blue butterfly is flying in the sky \u2122 \u00ae av headline :'",
        "a blue butterfly is flying in the sky \" dhoni complains renshaw cio",
        "a blue butterfly is flying in the sky \" sonny gangnam gym kite",
        "a blue butterfly is flying in the sky suspends commission ; bcci mayor",
        "a blue butterfly is flying in the sky plans says dhoni \" turnbull",
        "a blue butterfly is flying in the sky wife kite irling spongebob milf",
        "a blue butterfly is flying in the sky cardigan shipwreck setup daan bmx"
    ],
    "blip_scores": [
        [
            0,
            0,
            0,
            0,
            0
        ],
        [
            1,
            0,
            0,
            0,
            -1
        ],
        [
            1,
            1,
            0,
            1,
            0
        ],
        [
            0,
            0,
            0,
            -1,
            0
        ],
        [
            0,
            0,
            0,
            0,
            0
        ],
        [
            1,
            0,
            0,
            1,
            0
        ],
        [
            0,
            0,
            0,
            0,
            0
        ],
        [
            0,
            0,
            0,
            0,
            0
        ],
        [
            0,
            0,
            0,
            0,
            1
        ],
        [
            0,
            0,
            0,
            0,
            0
        ]
    ]
}