{
    "input_text": "A small dining room with a king bed.",
    "target_text": "A small hotel room with a king bed.",
    "num_tokens": 5,
    "adv_prompts": [
        "a small dining room with a king bed. hotel spg bursting my turkish",
        "a small dining room with a king bed. specialists nadia resolution hotel solent",
        "a small dining room with a king bed. cfa cket tx hotel florida",
        "a small dining room with a king bed. pherson illinois hotel 7 db",
        "a small dining room with a king bed. hotel stefanstockwisconsin usky",
        "a small dining room with a king bed. extremely clean ashland hotels originated",
        "a small dining room with a king bed. cfa newfoundland socal wi hotel",
        "a small dining room with a king bed. ht boaccommodations hotel room",
        "a small dining room with a king bed. ohio hotel nabeaccommodations auditor",
        "a small dining room with a king bed. gatwick hotel anned potential mattress"
    ],
    "blip_scores": [
        [
            0,
            0,
            0,
            0,
            0
        ],
        [
            0,
            0,
            0,
            0,
            0
        ],
        [
            0,
            0,
            0,
            0,
            0
        ],
        [
            0,
            0,
            0,
            0,
            0
        ],
        [
            0,
            0,
            0,
            0,
            0
        ],
        [
            0,
            0,
            0,
            0,
            0
        ],
        [
            0,
            0,
            0,
            0,
            0
        ],
        [
            0,
            0,
            0,
            0,
            0
        ],
        [
            0,
            0,
            0,
            0,
            0
        ],
        [
            0,
            0,
            0,
            0,
            0
        ]
    ]
}