{
    "input_text": "A doodle of a dog on a blackboard.",
    "target_text": "A doodle of a dragon on a blackboard.",
    "num_tokens": 5,
    "adv_prompts": [
        "a doodle of a dog on a blackboard. ariana somme fanart beautiful dragon",
        "a doodle of a dog on a blackboard. erich outlines girly dragon ]",
        "a doodle of a dog on a blackboard. dragon stuffed colored real dragon",
        "a doodle of a dog on a blackboard. colorful dragon cool =) positioned",
        "a doodle of a dog on a blackboard. dragon tribal outlines protecting jaime",
        "a doodle of a dog on a blackboard. attractive dragon aggressively dragon long",
        "a doodle of a dog on a blackboard. knitted dragon dragon ). leans",
        "a doodle of a dog on a blackboard. asian dragon shaped dragons wikipedia",
        "a doodle of a dog on a blackboard. dragon...( japanese dragon traditionally",
        "a doodle of a dog on a blackboard. tribal billed dragon dragon tattoo"
    ],
    "blip_scores": [
        [
            0,
            0,
            -1,
            1,
            -1
        ],
        [
            1,
            1,
            -1,
            0,
            0
        ],
        [
            1,
            1,
            1,
            1,
            1
        ],
        [
            0,
            1,
            0,
            1,
            0
        ],
        [
            1,
            1,
            1,
            1,
            0
        ],
        [
            0,
            1,
            1,
            0,
            1
        ],
        [
            0,
            0,
            0,
            0,
            0
        ],
        [
            0,
            1,
            1,
            1,
            0
        ],
        [
            1,
            1,
            0,
            1,
            1
        ],
        [
            1,
            0,
            1,
            1,
            1
        ]
    ],
    "gense_cos_sim": 0.7664119005203247,
    "clip_cos_sim": 0.8741719722747803
}