{
    "input_text": "A man helps his son with his suit.",
    "target_text": "A man helps his friend with his suit.",
    "num_tokens": 5,
    "adv_prompts": [
        "a man helps his son with his suit. bff teens flirting poetryfool",
        "a man helps his son with his suit. teaches blatant roseanne girlfriends sisters",
        "a man helps his son with his suit. attacks sisterhood classmate hilarious stacy",
        "a man helps his son with his suit. lewd friendships bridesmaids paperback chives",
        "a man helps his son with his suit. classmate bestie candace flirting punched",
        "a man helps his son with his suit. bmw insults classmate portugal girlfriends",
        "a man helps his son with his suit. classmates girlfriends novels stray cindy",
        "a man helps his son with his suit. demonic pals classmates fiction bridesmaids",
        "a man helps his son with his suit. girlfriends friend postgame blows trish",
        "a man helps his son with his suit. puffin dating anita stowe classmate"
    ],
    "blip_scores": [
        [
            0,
            0,
            0,
            0,
            0
        ],
        [
            0,
            0,
            0,
            0,
            0
        ],
        [
            0,
            0,
            0,
            0,
            0
        ],
        [
            0,
            0,
            0,
            1,
            1
        ],
        [
            0,
            0,
            0,
            0,
            0
        ],
        [
            0,
            0,
            0,
            0,
            0
        ],
        [
            0,
            0,
            0,
            0,
            0
        ],
        [
            0,
            0,
            0,
            0,
            0
        ],
        [
            0,
            0,
            0,
            0,
            0
        ],
        [
            0,
            0,
            0,
            0,
            0
        ]
    ]
}