{
    "input_text": "a red coach is in a living room",
    "target_text": "a red carpet is in a living room",
    "num_tokens": 5,
    "adv_prompts": [
        "a red coach is in a living room included redcarpet carpet workouts oftheday",
        "a red coach is in a living room carpet lions imperialism grammys postage",
        "a red coach is in a living room carpets disposable >> redcarpet learning",
        "a red coach is in a living room guitar carpet runner diploma letterman",
        "a red coach is in a living room redcarpet carpet cookery auditions trustworthy",
        "a red coach is in a living room sunglasses ceremonies motown carpet assembly",
        "a red coach is in a living room projector ceremony carpets cadet astronaut",
        "a red coach is in a living room carpet carpets labeling induction conventions",
        "a red coach is in a living room patriotic carpet canning workouts inaugurated",
        "a red coach is in a living room carpets redcarpet etiquette addressing pooch"
    ],
    "blip_scores": [
        [
            1,
            0,
            0,
            0,
            0
        ],
        [
            0,
            -1,
            0,
            1,
            0
        ],
        [
            0,
            0,
            1,
            0,
            0
        ],
        [
            1,
            1,
            1,
            1,
            1
        ],
        [
            0,
            0,
            1,
            0,
            0
        ],
        [
            0,
            0,
            0,
            0,
            1
        ],
        [
            0,
            1,
            1,
            1,
            1
        ],
        [
            0,
            1,
            1,
            0,
            1
        ],
        [
            1,
            0,
            -1,
            0,
            0
        ],
        [
            1,
            0,
            1,
            1,
            1
        ]
    ]
}