{
    "input_text": "A large group of birds in the water.",
    "target_text": "A large group of birds in the wild.",
    "num_tokens": 5,
    "adv_prompts": [
        "a large group of birds in the water. middlesex bearcats hiking basic backpack",
        "a large group of birds in the water. peruvian kaitlyn gran \" unveils",
        "a large group of birds in the water. wild yosemite cwc \u00ae sweatshirt",
        "a large group of birds in the water. handwriting pasture cwc sweatshirt wild",
        "a large group of birds in the water. womens rrp 5 \" keenan",
        "a large group of birds in the water. parkland trailblazer wild organizer smartwatch",
        "a large group of birds in the water. hellenic raytulane watched \"",
        "a large group of birds in the water. pik trend kii streetwear nova",
        "a large group of birds in the water. bak oem \u2122 borders boulevard",
        "a large group of birds in the water. sketched grassy cobra barista wearable"
    ],
    "blip_scores": [
        [
            0,
            0,
            0,
            0,
            0
        ],
        [
            0,
            0,
            0,
            0,
            0
        ],
        [
            0,
            0,
            0,
            -1,
            0
        ],
        [
            0,
            0,
            0,
            0,
            0
        ],
        [
            0,
            0,
            0,
            0,
            -1
        ],
        [
            0,
            0,
            0,
            0,
            0
        ],
        [
            0,
            0,
            0,
            -1,
            0
        ],
        [
            0,
            0,
            0,
            0,
            0
        ],
        [
            0,
            -1,
            0,
            0,
            0
        ],
        [
            0,
            0,
            0,
            0,
            0
        ]
    ]
}