{
    "input_text": "a woman wearing an apron.",
    "target_text": "a man wearing apron.",
    "num_tokens": 5,
    "adv_prompts": [
        "a woman wearing an apron. badge undertale boy grandfather marc",
        "a woman wearing an apron. utility cosmetic saloon maxi mens",
        "a woman wearing an apron. tk botox matt hardcover mens",
        "a woman wearing an apron. boho mens tighter marc ecr",
        "a woman wearing an apron. mens boho men luffy civil",
        "a woman wearing an apron. playlist man hunk bois jeff",
        "a woman wearing an apron. organic mens uneven renegade roberto",
        "a woman wearing an apron. involvement roommates mens aran leggings",
        "a woman wearing an apron. utv sweater mens bobo marx",
        "a woman wearing an apron. beardprofile lyric hunk marc"
    ],
    "blip_scores": [
        [
            0,
            0,
            1,
            0,
            0
        ],
        [
            1,
            1,
            1,
            1,
            1
        ],
        [
            0,
            1,
            1,
            0,
            1
        ],
        [
            0,
            0,
            1,
            1,
            0
        ],
        [
            1,
            1,
            1,
            1,
            1
        ],
        [
            0,
            1,
            1,
            0,
            1
        ],
        [
            1,
            1,
            1,
            1,
            1
        ],
        [
            0,
            0,
            0,
            0,
            0
        ],
        [
            0,
            0,
            1,
            1,
            0
        ],
        [
            1,
            1,
            1,
            1,
            1
        ]
    ],
    "success": 6
}