{
    "input_text": "A large water balloon flying over the ocean",
    "target_text": "A large water bird flying over the ocean",
    "num_tokens": 5,
    "adv_prompts": [
        "a large water balloon flying over the ocean sdg ]: shasta swamp heron",
        "a large water balloon flying over the ocean galleries santander heron undergoing enrichment",
        "a large water balloon flying over the ocean heron (\u00a9 \u00ae moors sculpture",
        "a large water balloon flying over the ocean egret nurturing tanzania enamel earring",
        "a large water balloon flying over the ocean heron afrin attributed estate sculpture",
        "a large water balloon flying over the ocean marathon cay concern egret bw",
        "a large water balloon flying over the ocean ball islands >> egret pairing",
        "a large water balloon flying over the ocean dev stork enamel \u3002 pattern",
        "a large water balloon flying over the ocean nest variregistering younger pelicans",
        "a large water balloon flying over the ocean heron rug manuscript probably period"
    ],
    "blip_scores": [
        [
            1,
            0,
            0,
            1,
            1
        ],
        [
            0,
            0,
            0,
            0,
            1
        ],
        [
            0,
            0,
            0,
            1,
            1
        ],
        [
            0,
            0,
            0,
            0,
            0
        ],
        [
            0,
            0,
            0,
            0,
            0
        ],
        [
            0,
            0,
            1,
            1,
            1
        ],
        [
            1,
            0,
            1,
            1,
            0
        ],
        [
            0,
            0,
            0,
            0,
            0
        ],
        [
            0,
            0,
            0,
            0,
            0
        ],
        [
            0,
            0,
            0,
            0,
            0
        ]
    ]
}