{
    "input_text": "A baseball bat is swinging a baseball bat.",
    "target_text": "A baseball player is swinging a baseball bat.",
    "num_tokens": 5,
    "adv_prompts": [
        "a baseball bat is swinging a baseball bat. firearms player player performing overlooking",
        "a baseball bat is swinging a baseball bat. mariners player dressed \" performing",
        "a baseball bat is swinging a baseball bat. ncaa discus cricketer player performing",
        "a baseball bat is swinging a baseball bat. nordstrom gametime scorpio defenseman playing",
        "a baseball bat is swinging a baseball bat. \" pro cougars player performing",
        "a baseball bat is swinging a baseball bat. ypg cricketer securing her rifle",
        "a baseball bat is swinging a baseball bat. vernon spring catchers player seated",
        "a baseball bat is swinging a baseball bat. stanford catcher dji complete uniform",
        "a baseball bat is swinging a baseball bat. verified sochi archery cyclist ftp",
        "a baseball bat is swinging a baseball bat. colombian player \u00e9 \" stood"
    ],
    "blip_scores": [
        [
            1,
            1,
            1,
            1,
            1
        ],
        [
            1,
            0,
            1,
            0,
            0
        ],
        [
            0,
            0,
            1,
            0,
            1
        ],
        [
            1,
            0,
            0,
            1,
            1
        ],
        [
            1,
            0,
            0,
            1,
            0
        ],
        [
            0,
            1,
            0,
            0,
            0
        ],
        [
            1,
            1,
            1,
            0,
            0
        ],
        [
            0,
            0,
            0,
            0,
            0
        ],
        [
            0,
            0,
            1,
            0,
            0
        ],
        [
            1,
            0,
            0,
            1,
            0
        ]
    ]
}