{
    "input_text": "A man throwing a rock in a park ",
    "target_text": "A man throwing a frisbee in a park ",
    "num_tokens": 5,
    "adv_prompts": [
        "a man throwing a rock in a park brofrisbee ator saucer beneath",
        "a man throwing a rock in a park frisbee among frisbee while tricks",
        "a man throwing a rock in a park frisbee twice flips beneath frisbee",
        "a man throwing a rock in a park frisbee matches frisbee ums in",
        "a man throwing a rock in a park swings frisbee saucer behind frisbee",
        "a man throwing a rock in a park frisbee kites saucer beneath frisbee",
        "a man throwing a rock in a park disc dged frisbee while frisbee",
        "a man throwing a rock in a park frisbee disk walks its chilly",
        "a man throwing a rock in a park frisbee holds frisbee agers under",
        "a man throwing a rock in a park frisbee handedly led saucer frisbee"
    ],
    "blip_scores": [
        [
            1,
            1,
            1,
            1,
            1
        ],
        [
            1,
            1,
            1,
            1,
            1
        ],
        [
            1,
            1,
            1,
            1,
            1
        ],
        [
            1,
            1,
            1,
            1,
            1
        ],
        [
            1,
            1,
            1,
            1,
            1
        ],
        [
            1,
            1,
            1,
            1,
            0
        ],
        [
            1,
            1,
            1,
            1,
            1
        ],
        [
            1,
            1,
            1,
            1,
            1
        ],
        [
            1,
            1,
            1,
            1,
            1
        ],
        [
            1,
            1,
            1,
            1,
            1
        ]
    ]
}