{
    "input_text": "A clock mounted with chains outside a building",
    "target_text": "A protester mounted with chains outside a building",
    "num_tokens": 5,
    "adv_prompts": [
        "a clock mounted with chains outside a building explodes cmc protester surrounds transporting",
        "a clock mounted with chains outside a building ached this protester towards stallions",
        "a clock mounted with chains outside a building stayed heres resistance protester arrests",
        "a clock mounted with chains outside a building eviction mandarin _ expanded protester",
        "a clock mounted with chains outside a building onset protester muscle stands arrested",
        "a clock mounted with chains outside a building?: protester protects stallions protester",
        "a clock mounted with chains outside a building >: ay protester surrounds armored",
        "a clock mounted with chains outside a building protestors proceed arrest specialist horseback",
        "a clock mounted with chains outside a building cmc protester tackles collaprotester",
        "a clock mounted with chains outside a building files mobile protester warms ibrahim"
    ],
    "blip_scores": [
        [
            0,
            0,
            0,
            1,
            0
        ],
        [
            0,
            1,
            0,
            0,
            0
        ],
        [
            0,
            0,
            0,
            0,
            0
        ],
        [
            -1,
            0,
            0,
            0,
            1
        ],
        [
            1,
            0,
            0,
            0,
            -1
        ],
        [
            0,
            0,
            0,
            -1,
            0
        ],
        [
            0,
            0,
            1,
            0,
            0
        ],
        [
            0,
            0,
            0,
            1,
            0
        ],
        [
            0,
            0,
            0,
            0,
            0
        ],
        [
            0,
            -1,
            0,
            0,
            0
        ]
    ]
}