{
    "input_text": "A man is holding a yellow frisbee outside",
    "target_text": "A man is holding a yellow flag outside",
    "num_tokens": 5,
    "adv_prompts": [
        "a man is holding a yellow frisbee outside flag towards vimeo logostroller",
        "a man is holding a yellow frisbee outside flag reduces \" captmana",
        "a man is holding a yellow frisbee outside ddingpolitics flags androiduntouched",
        "a man is holding a yellow frisbee outside macedonia flag redbubble webcamsga",
        "a man is holding a yellow frisbee outside russia horseback tunic flag sleeveless",
        "a man is holding a yellow frisbee outside raqqa president motocross flag hoodie",
        "a man is holding a yellow frisbee outside mosul \u306eflag machinery pennant",
        "a man is holding a yellow frisbee outside flag microscope jerseys cover \u3010",
        "a man is holding a yellow frisbee outside flag motorcycle rides facebook hoodie",
        "a man is holding a yellow frisbee outside recruiting \u00ae tumblr pennant lance"
    ],
    "blip_scores": [
        [
            0,
            0,
            0,
            0,
            0
        ],
        [
            -1,
            -1,
            0,
            0,
            1
        ],
        [
            1,
            -1,
            -1,
            0,
            0
        ],
        [
            -1,
            0,
            0,
            -1,
            0
        ],
        [
            0,
            0,
            0,
            0,
            1
        ],
        [
            0,
            0,
            0,
            0,
            0
        ],
        [
            0,
            1,
            1,
            0,
            1
        ],
        [
            0,
            0,
            0,
            0,
            -1
        ],
        [
            0,
            0,
            0,
            0,
            -1
        ],
        [
            1,
            -1,
            -1,
            1,
            0
        ]
    ]
}