{
    "input_text": "A picture of a cluttered home office desk.",
    "target_text": "A picture of a cluttered Microsoft office desk.",
    "num_tokens": 5,
    "adv_prompts": [
        "a picture of a cluttered home office desk. microsoft vc smartwatch ballarat \u2015",
        "a picture of a cluttered home office desk. uzbekistan servers inside microsoft cafeteria",
        "a picture of a cluttered home office desk. microsoft forrester oem oosa..........",
        "a picture of a cluttered home office desk. microsoft transforms salesforce geelong mics",
        "a picture of a cluttered home office desk. microsoft geelong \u043e boston \"\"",
        "a picture of a cluttered home office desk. ': microsoft bengaluru restaurants os",
        "a picture of a cluttered home office desk. tcs | newmarket depicting microsoft",
        "a picture of a cluttered home office desk. vanessa parkrun starrer # microsoft",
        "a picture of a cluttered home office desk. badass microsoft geelong smartwatch forrester",
        "a picture of a cluttered home office desk. wwe davey parkrun mcguswans"
    ],
    "blip_scores": [
        [
            0,
            -1,
            -1,
            0,
            0
        ],
        [
            0,
            0,
            0,
            0,
            0
        ],
        [
            -1,
            -1,
            -1,
            -1,
            -1
        ],
        [
            0,
            -1,
            -1,
            0,
            -1
        ],
        [
            -1,
            -1,
            -1,
            -1,
            0
        ],
        [
            0,
            0,
            -1,
            -1,
            0
        ],
        [
            -1,
            -1,
            -1,
            -1,
            0
        ],
        [
            -1,
            -1,
            -1,
            -1,
            -1
        ],
        [
            0,
            -1,
            -1,
            0,
            0
        ],
        [
            0,
            0,
            0,
            0,
            0
        ]
    ]
}