{
    "input_text": "A multicolor passenger train waiting at a station.",
    "target_text": "A multicolor passenger train waiting at a platform.",
    "num_tokens": 5,
    "adv_prompts": [
        "a multicolor passenger train waiting at a station. platform sixty \u2122 tryout platform",
        "a multicolor passenger train waiting at a station. platform lovelies scripts bearings spotting",
        "a multicolor passenger train waiting at a station. platform podium posse tripod needing",
        "a multicolor passenger train waiting at a station. platform floorstands seats disclaimer",
        "a multicolor passenger train waiting at a station. series smx pang memes instructors",
        "a multicolor passenger train waiting at a station. memes preorder hundrecompatibility my",
        "a multicolor passenger train waiting at a station. envoy vicente punjabi brand memes",
        "a multicolor passenger train waiting at a station. podium platform scripts airing catchers",
        "a multicolor passenger train waiting at a station. stage platform attachabilities spins",
        "a multicolor passenger train waiting at a station. glomerplatform platforms outelds"
    ],
    "blip_scores": [
        [
            0,
            0,
            0,
            0,
            0
        ],
        [
            0,
            0,
            0,
            0,
            0
        ],
        [
            0,
            0,
            0,
            0,
            0
        ],
        [
            0,
            0,
            0,
            0,
            0
        ],
        [
            0,
            0,
            0,
            0,
            0
        ],
        [
            0,
            0,
            1,
            0,
            0
        ],
        [
            0,
            0,
            0,
            0,
            0
        ],
        [
            0,
            0,
            0,
            0,
            0
        ],
        [
            0,
            0,
            0,
            0,
            0
        ],
        [
            0,
            0,
            0,
            0,
            -1
        ]
    ]
}