{
    "input_text": "A mouse and keyboard sit on a desk.  ",
    "target_text": "A laptop and keyboard sit on a desk.  ",
    "num_tokens": 5,
    "adv_prompts": [
        "a mouse and keyboard sit on a desk. pillows amplifier convertible mat anushka",
        "a mouse and keyboard sit on a desk. budweiser ozone laptop amplifier wallet",
        "a mouse and keyboard sit on a desk. budweiser mens cancellation hoodie magnesium",
        "a mouse and keyboard sit on a desk. dots mat sunglasses emirates zlatan",
        "a mouse and keyboard sit on a desk. reviews laptop wallet budweiser annapolis",
        "a mouse and keyboard sit on a desk. amplifier mat hearthstone grille jetblue",
        "a mouse and keyboard sit on a desk. ecg dazzling laptop reviews acer",
        "a mouse and keyboard sit on a desk. budweiser laptop wwe wallet vanderbilt",
        "a mouse and keyboard sit on a desk. cartier pooja satchel flipkart amplifier",
        "a mouse and keyboard sit on a desk. sunglasses waving lukaku hazel dow"
    ],
    "blip_scores": [
        [
            1,
            0,
            0,
            0,
            0
        ],
        [
            1,
            0,
            0,
            1,
            0
        ],
        [
            0,
            0,
            0,
            0,
            0
        ],
        [
            0,
            0,
            0,
            -1,
            -1
        ],
        [
            0,
            1,
            1,
            0,
            1
        ],
        [
            0,
            0,
            0,
            0,
            0
        ],
        [
            1,
            1,
            1,
            1,
            1
        ],
        [
            1,
            0,
            0,
            1,
            0
        ],
        [
            0,
            -1,
            0,
            0,
            0
        ],
        [
            -1,
            0,
            -1,
            0,
            0
        ]
    ]
}