{
    "input_text": "A bear walking on grass near mountains. ",
    "target_text": "A man walking on grass near mountains. ",
    "num_tokens": 5,
    "adv_prompts": [
        "a bear walking on grass near mountains. mam soweto douglas beets policeman",
        "a bear walking on grass near mountains. text collagen man having clays",
        "a bear walking on grass near mountains. pomegranate excitnails businessman marc",
        "a bear walking on grass near mountains. glamour men gabbana somerhalder editorial",
        "a bear walking on grass near mountains. businessman seedlings pubg man dressing",
        "a bear walking on grass near mountains. businessman displays men collagen booker",
        "a bear walking on grass near mountains. juju men bunting poldark ironman",
        "a bear walking on grass near mountains. koolpistordefinition constable cufflinks",
        "a bear walking on grass near mountains. businessman highlights motorcycles titlebeetroot",
        "a bear walking on grass near mountains. worker ubuntu menswear spreads nathan"
    ],
    "blip_scores": [
        [
            0,
            0,
            0,
            1,
            1
        ],
        [
            0,
            -1,
            -1,
            -1,
            -1
        ],
        [
            0,
            -1,
            0,
            -1,
            -1
        ],
        [
            1,
            1,
            1,
            -1,
            1
        ],
        [
            1,
            0,
            1,
            1,
            1
        ],
        [
            1,
            1,
            1,
            1,
            1
        ],
        [
            0,
            -1,
            -1,
            -1,
            -1
        ],
        [
            0,
            0,
            0,
            0,
            0
        ],
        [
            0,
            1,
            1,
            0,
            0
        ],
        [
            1,
            1,
            1,
            1,
            1
        ]
    ]
}